order_id,region,distance_km,weight_kg,delivery_time_days,estimated_time_days,delivery_cost,courier_id
644,North,96.4,1.54,4.1,3,823.62,114.0
618,North,8.5,18.31,5.4,3,540.73,164.0
637,East,107.3,0.76,6.2,8,440.34,170.0
6,Center,177.3,0.08,3.8,9,633.69,176.0
479,South,49.8,3.05,,3,971.17,100.0
536,South,39.0,14.41,,4,179.08,149.0
560,North,151.2,0.2,17.9,3,910.65,111.0
468,South,642.7,15.98,,6,494.14,137.0
48,West,41.9,27.82,15.7,4,930.89,
432,North,135.6,8.39,10.1,4,763.02,163.0
690,North,267.4,2.37,1.7,4,899.21,115.0
320,South,149.2,1.53,6.8,6,371.66,176.0
916,South,15.7,0.44,8.5,7,504.63,
435,East,64.9,13.54,3.6,7,228.3,116.0
695,North,258.1,0.69,3.1,4,133.1,160.0
140,North,203.6,10.88,10.2,2,127.96,
753,East,347.8,3.53,3.7,3,169.84,153.0
331,East,142.0,1.66,5.2,3,998.17,182.0
713,Center,188.7,9.18,0.9,6,388.79,193.0
674,North,390.1,3.11,6.1,7,517.45,143.0
958,Center,186.6,2.54,5.4,8,670.63,119.0
622,South,148.1,3.7,8.3,7,997.79,
430,Center,23.8,,5.8,7,526.09,168.0
103,South,1086.1,6.56,8.0,4,605.01,
928,East,87.0,2.96,5.1,4,244.35,182.0
820,East,67.1,10.25,8.0,7,973.17,
107,Center,3.2,10.0,4.3,7,915.49,139.0
400,North,183.6,0.49,1.9,5,788.99,152.0
612,West,539.5,6.48,1.4,7,720.53,178.0
169,North,95.4,17.21,6.9,9,795.47,126.0
714,South,61.4,5.22,,9,531.59,118.0
144,South,620.5,,8.3,8,164.51,
763,West,549.0,5.3,3.3,6,554.18,131.0
195,South,162.8,1.95,,7,499.34,124.0
54,Center,26.4,17.44,3.6,8,626.16,120.0
167,South,104.3,,,9,380.05,194.0
57,East,77.6,0.56,5.5,4,150.47,161.0
305,Center,46.9,1.33,20.5,9,444.33,
127,North,138.3,0.72,14.0,7,226.53,195.0
250,West,166.8,0.37,4.9,5,557.51,126.0
84,South,378.7,6.66,,7,907.34,117.0
272,East,75.8,5.42,4.0,2,245.82,173.0
46,Center,344.0,1.94,6.6,9,473.0,175.0
69,North,363.0,4.38,2.8,5,915.29,152.0
857,Center,12.0,6.59,16.3,9,347.01,156.0
952,West,361.4,8.6,5.5,4,808.26,149.0
736,East,81.0,1.53,4.7,8,295.72,123.0
95,South,38.4,1.83,,4,930.41,189.0
284,West,461.1,16.17,7.8,7,110.71,
762,West,153.3,4.9,6.8,9,840.21,137.0
611,North,15.1,0.16,7.3,9,750.62,
402,North,255.5,20.59,8.7,2,232.63,
450,Center,214.8,1.28,1.2,8,161.51,181.0
478,Center,78.9,0.8,4.6,9,803.83,154.0
384,Center,414.6,0.18,7.4,7,404.33,
234,North,17.8,4.05,3.1,9,957.77,113.0
37,East,67.4,7.05,14.5,9,582.05,
867,South,37.8,17.87,3.7,4,246.05,109.0
849,North,287.8,3.26,2.0,8,605.67,181.0
1000,West,124.6,7.43,5.6,5,224.6,123.0
176,West,136.0,0.38,5.6,2,635.93,102.0
516,North,159.6,15.12,2.6,4,670.72,192.0
181,Center,34.7,0.77,4.7,7,197.34,103.0
476,South,53.0,2.42,3.6,5,116.99,189.0
49,South,66.2,1.06,4.7,2,824.51,146.0
760,North,142.1,2.25,8.4,2,852.39,101.0
776,North,383.4,,3.2,2,486.39,196.0
235,Center,72.2,2.09,10.7,3,481.08,
480,North,518.8,3.39,1.2,2,388.05,107.0
364,Center,319.2,0.62,9.9,4,409.02,
222,North,194.5,2.82,8.2,3,164.75,
128,Center,23.3,1.89,2.0,3,882.72,130.0
927,Center,255.4,7.01,11.2,2,574.66,100.0
309,South,198.5,1.08,,6,927.01,144.0
599,South,112.0,8.35,4.0,9,805.2,195.0
67,East,23.3,3.39,12.4,2,843.18,
678,South,107.8,2.43,,8,403.89,163.0
788,North,273.5,0.71,7.1,5,726.22,
500,East,5.2,1.47,4.1,3,881.62,105.0
125,West,256.8,1.96,10.6,4,300.12,151.0
824,North,243.6,2.46,2.7,6,601.26,168.0
14,North,766.4,12.92,3.5,7,858.51,183.0
547,South,578.1,7.72,10.1,2,635.09,
376,South,265.4,1.22,6.3,8,910.59,199.0
134,East,59.4,1.47,4.1,4,455.73,126.0
257,Center,132.3,7.36,14.1,6,502.29,
183,West,108.8,0.9,4.4,7,344.77,110.0
422,North,194.6,0.76,7.8,7,204.76,109.0
186,South,48.5,7.56,,9,686.07,197.0
70,East,400.9,0.43,6.6,9,983.52,124.0
10,Center,477.9,2.99,4.5,6,758.45,108.0
275,North,54.2,4.29,13.4,2,315.64,
513,South,213.4,1.61,2.9,2,380.49,107.0
497,South,132.2,3.47,,7,271.68,104.0
524,West,519.6,4.98,22.0,6,851.32,
300,Center,118.4,0.4,3.2,6,257.23,117.0
874,East,256.0,0.5,1.4,4,779.02,170.0
440,South,117.3,1.2,,5,675.94,106.0
431,North,62.5,10.51,15.7,6,822.21,
194,Center,19.2,0.93,3.1,2,967.19,121.0
942,West,121.6,1.5,2.4,3,487.17,118.0
795,Center,386.3,0.63,8.5,6,457.11,133.0
748,West,90.9,5.55,1.9,6,349.34,111.0
109,South,439.2,2.89,,6,614.23,176.0
438,East,54.4,0.93,9.1,3,697.9,
918,Center,205.8,0.1,4.1,6,161.13,190.0
595,West,112.8,7.55,4.2,8,586.26,164.0
941,North,103.7,4.94,1.3,8,183.18,140.0
603,West,13.6,6.39,0.9,2,336.75,193.0
710,South,157.1,20.25,,2,572.99,171.0
772,East,145.8,1.02,1.3,8,443.14,171.0
630,Center,150.8,3.46,3.1,8,552.51,108.0
66,North,45.1,7.41,2.5,6,954.25,133.0
970,West,102.8,6.84,1.3,5,932.24,183.0
735,North,105.6,2.49,5.4,5,426.01,176.0
417,South,119.2,1.84,29.1,4,375.94,
328,North,207.5,9.2,5.1,5,330.44,101.0
853,South,323.1,8.33,20.0,8,466.62,196.0
910,North,109.6,0.69,1.1,7,305.59,158.0
139,Center,0.4,8.3,1.9,8,902.83,163.0
166,South,89.8,18.13,,2,515.03,171.0
586,South,51.4,18.32,15.2,6,938.27,128.0
639,Center,66.8,4.37,1.4,7,819.99,172.0
631,Center,102.5,1.59,14.4,6,659.08,
636,Center,324.9,6.7,0.8,5,256.7,132.0
877,North,143.3,1.96,3.1,6,880.88,109.0
647,North,0.8,0.17,1.9,2,403.01,191.0
627,North,279.1,4.33,3.4,4,198.34,185.0
961,Center,7.4,1.79,2.5,7,187.93,129.0
217,East,218.4,0.66,3.3,5,962.18,147.0
972,East,263.9,0.05,2.8,2,428.5,133.0
412,North,88.2,8.99,1.1,3,914.19,137.0
569,West,291.5,2.13,6.1,9,782.27,167.0
742,Center,1263.4,9.68,16.1,7,837.22,
888,South,0.9,1.18,5.8,3,736.02,103.0
887,Center,154.3,5.22,12.5,5,695.96,
199,Center,24.6,4.95,9.8,9,768.97,
246,East,242.9,4.98,7.6,2,900.0,114.0
625,South,60.5,13.26,,3,891.71,171.0
405,East,802.3,27.99,7.6,9,670.36,
564,West,44.8,16.3,3.3,3,963.8,153.0
193,East,2.1,3.83,0.9,3,969.39,129.0
360,Center,74.5,5.82,8.0,9,703.86,
808,West,337.0,4.28,4.2,4,780.46,147.0
727,Center,160.7,1.7,3.0,9,672.29,106.0
815,North,61.3,4.58,7.3,2,896.61,
814,South,33.0,1.77,,7,878.29,148.0
149,South,60.9,,,3,184.11,165.0
938,West,236.8,4.69,10.4,3,408.58,
170,Center,9.7,1.47,4.3,7,251.55,107.0
882,Center,168.5,2.16,10.6,3,166.96,
709,Center,718.9,10.08,13.5,3,876.75,
873,North,66.2,4.95,4.5,9,486.39,187.0
356,South,46.7,2.84,,3,127.99,159.0
898,West,19.5,5.91,5.6,2,138.23,111.0
469,Center,225.5,13.37,7.2,6,858.23,155.0
552,West,341.4,7.38,10.3,5,396.97,116.0
580,East,14.4,10.72,5.8,8,604.86,199.0
248,West,199.5,2.34,4.8,8,679.2,126.0
628,East,3.6,4.05,1.9,7,954.04,125.0
277,North,97.7,1.04,1.8,7,260.64,161.0
203,North,223.6,20.38,9.2,2,497.66,
187,East,50.0,0.11,1.5,2,299.27,112.0
301,North,118.7,5.68,1.0,7,392.86,142.0
831,North,551.9,6.58,2.6,3,277.13,164.0
619,East,355.1,21.46,3.3,9,200.47,164.0
252,South,2.7,6.26,,9,879.52,166.0
694,South,1660.1,12.72,,5,429.7,122.0
979,North,121.1,10.37,1.4,9,813.62,183.0
290,Center,348.9,0.69,13.8,9,663.34,
488,North,82.0,2.71,11.6,9,602.11,166.0
721,South,34.1,6.92,,6,930.41,151.0
444,East,148.6,15.25,4.0,3,716.03,172.0
244,East,93.0,16.94,14.2,4,681.63,100.0
143,South,19.7,3.13,3.8,5,699.26,194.0
546,North,160.0,,4.7,8,171.65,169.0
911,West,235.1,0.13,16.5,9,480.73,
499,Center,59.9,3.78,2.0,5,737.21,156.0
778,Center,78.1,0.18,8.4,3,251.67,
40,East,498.0,,3.8,9,678.71,112.0
840,South,132.1,3.3,,2,791.27,168.0
939,Center,34.8,4.1,4.1,8,795.98,194.0
201,East,7.6,1.47,4.3,2,155.05,164.0
200,Center,98.4,2.51,3.1,5,295.25,104.0
288,East,201.8,2.15,10.3,4,302.91,
771,West,12.4,13.27,1.5,5,326.93,108.0
216,North,222.3,0.67,6.6,3,582.97,117.0
247,North,4.4,1.73,9.7,2,677.44,
737,West,26.7,15.47,3.2,9,935.92,168.0
24,East,17.1,4.23,2.6,2,812.95,124.0
2,West,327.4,3.04,3.3,2,492.26,157.0
22,South,419.6,12.7,4.7,6,701.18,198.0
446,East,187.1,3.53,8.3,7,736.19,
82,West,240.4,1.1,3.7,4,455.31,154.0
914,South,107.0,13.73,,8,759.49,114.0
254,Center,183.8,2.57,8.8,2,954.08,
541,West,479.5,,1.1,4,339.85,156.0
863,South,151.5,3.2,15.9,4,632.49,
729,North,64.2,1.69,11.7,9,215.65,100.0
960,West,4.3,2.57,4.0,9,335.01,166.0
137,West,44.4,7.08,10.1,7,569.64,
352,South,4.8,3.42,,5,368.54,194.0
676,North,0.8,0.99,3.9,5,572.13,126.0
380,Center,192.4,9.26,11.6,9,459.85,
666,East,435.8,2.62,3.1,7,371.44,187.0
730,East,102.2,1.74,2.5,6,178.96,162.0
297,Center,2.0,0.07,2.6,4,435.08,198.0
105,West,136.0,6.68,6.6,9,460.21,151.0
870,South,159.4,1.89,11.9,7,898.14,186.0
974,North,0.6,8.62,4.4,4,958.72,155.0
900,North,437.0,8.76,2.5,6,445.7,149.0
410,South,242.4,,5.1,6,651.45,107.0
538,South,191.5,9.49,6.2,3,622.47,189.0
798,West,234.1,9.06,3.6,6,204.26,165.0
579,North,590.8,9.1,3.9,7,522.83,106.0
655,West,82.9,0.48,8.4,7,415.09,
93,West,103.4,3.52,7.5,6,470.4,168.0
540,Center,99.0,10.9,1.7,6,361.78,193.0
759,North,329.6,3.08,9.8,6,791.28,
4,North,11.4,2.59,3.3,9,464.64,143.0
717,South,328.7,9.76,,5,339.22,152.0
279,East,109.5,0.42,0.1,6,142.85,151.0
318,South,186.5,2.75,0.6,2,765.56,161.0
147,Center,448.9,10.4,3.6,8,858.21,173.0
131,East,3.2,3.19,1.7,7,182.89,190.0
577,West,159.4,3.75,3.2,7,427.86,135.0
21,North,234.0,0.3,3.0,8,820.32,178.0
287,West,223.0,8.85,3.5,5,622.3,199.0
827,Center,15.6,0.49,1.1,9,443.9,147.0
495,Center,277.5,0.56,6.0,7,221.71,140.0
397,South,19.9,3.07,,5,492.65,198.0
909,North,409.1,11.41,4.5,3,693.77,195.0
858,Center,523.5,2.83,1.9,7,891.04,192.0
368,East,82.0,5.29,12.9,7,966.48,100.0
596,West,44.1,0.1,5.9,5,300.68,164.0
835,North,215.4,4.23,4.4,7,445.55,118.0
42,South,124.2,9.11,,2,973.88,138.0
568,North,302.4,6.54,3.3,3,475.73,159.0
71,North,184.7,7.25,5.3,5,415.06,161.0
327,South,234.3,7.52,4.3,2,493.74,123.0
494,East,272.2,4.63,35.3,9,490.8,
154,Center,311.1,2.73,1.9,6,476.2,150.0
219,Center,361.0,0.15,3.5,6,109.94,100.0
829,East,385.5,4.15,2.6,2,162.81,180.0
949,West,234.3,0.54,3.2,6,319.01,171.0
793,North,141.7,0.17,6.5,8,773.33,179.0
232,West,21.6,13.13,6.0,8,520.13,105.0
80,East,193.8,,7.7,4,847.93,
471,Center,261.7,6.43,0.8,5,752.01,147.0
934,East,92.1,5.39,9.6,8,490.66,124.0
989,North,539.9,0.54,0.6,3,753.94,101.0
590,Center,137.6,7.05,11.6,4,863.72,
123,East,169.6,3.04,9.4,3,591.87,
545,South,118.2,1.82,,3,725.31,188.0
551,North,59.8,9.41,0.5,8,504.08,166.0
570,East,720.1,5.71,6.0,6,453.91,177.0
485,South,195.3,1.73,,3,777.22,157.0
17,North,301.4,0.1,1.1,6,372.47,133.0
231,South,30.5,9.71,,4,567.5,174.0
578,Center,531.3,10.87,7.9,2,307.5,
342,North,378.2,0.69,9.2,8,484.44,181.0
769,Center,275.4,4.07,10.6,2,710.52,
493,South,55.1,14.22,,2,158.62,132.0
920,Center,69.2,12.32,5.9,5,997.48,155.0
325,North,22.5,5.76,7.7,9,989.18,
930,South,128.0,3.3,,7,732.07,135.0
732,North,566.8,9.57,2.5,4,869.96,138.0
265,South,231.0,10.11,,2,175.86,102.0
408,West,592.1,0.2,7.9,2,653.61,
345,West,116.1,1.79,0.5,4,726.89,168.0
355,North,275.7,0.47,7.2,7,602.55,
706,North,182.4,0.42,16.1,5,559.06,
294,West,62.5,7.51,0.9,4,404.87,168.0
668,North,273.9,0.58,0.5,3,138.7,123.0
733,North,395.9,3.47,3.0,7,847.94,118.0
161,North,62.4,0.55,10.7,8,971.59,183.0
712,East,146.8,7.75,0.6,4,965.32,163.0
411,East,382.1,10.14,6.6,6,303.02,196.0
381,South,219.2,3.67,5.6,9,130.64,149.0
341,South,164.9,8.37,12.5,8,357.33,134.0
38,South,256.6,3.01,,9,154.2,123.0
427,Center,89.2,6.46,7.8,3,366.04,
673,East,159.6,6.15,2.8,7,857.77,146.0
913,South,380.0,4.63,0.4,2,703.18,196.0
684,North,116.6,4.34,6.0,2,176.18,107.0
7,South,545.3,1.67,,7,780.33,167.0
41,Center,175.1,1.93,2.8,9,518.61,143.0
796,Center,113.1,5.19,4.1,9,474.45,114.0
101,West,45.3,3.55,5.3,5,327.53,175.0
163,South,166.8,0.53,,6,333.3,184.0
241,North,69.6,11.31,1.1,7,203.35,130.0
548,West,47.7,1.87,9.6,8,630.44,
689,South,384.1,22.9,,3,269.33,129.0
621,Center,187.0,13.61,2.5,5,727.29,117.0
766,East,322.0,15.31,15.0,9,121.76,
904,North,94.0,1.4,4.3,6,733.96,178.0
765,South,331.5,4.99,,2,897.93,107.0
312,North,200.0,9.68,6.4,5,850.94,150.0
113,Center,167.2,7.06,4.3,9,720.06,181.0
652,North,62.2,,1.8,6,185.73,105.0
997,South,72.1,6.12,1.5,4,239.11,144.0
633,South,229.0,4.85,,9,938.02,162.0
681,North,246.7,4.15,2.8,3,401.97,167.0
838,West,360.2,0.39,5.4,7,221.19,118.0
96,Center,223.3,5.33,4.5,4,102.4,141.0
253,East,90.2,3.27,27.5,6,768.18,129.0
522,South,12.4,13.48,11.4,2,973.5,101.0
848,East,198.2,,2.9,3,839.93,175.0
243,Center,242.2,2.15,0.9,5,431.44,187.0
740,West,60.2,1.14,5.3,2,729.6,164.0
797,North,97.6,1.44,5.1,5,255.08,105.0
433,East,362.5,15.83,9.1,7,367.59,
965,South,51.8,1.15,10.4,5,574.07,125.0
74,South,177.4,0.95,6.5,3,268.44,193.0
905,North,142.2,7.2,3.2,8,740.97,137.0
334,West,358.2,2.14,8.8,8,347.55,
467,West,127.6,5.36,2.6,2,203.88,149.0
609,South,317.9,1.9,0.1,2,616.23,188.0
188,Center,261.3,4.58,4.9,4,173.68,106.0
615,East,65.5,7.24,5.9,9,222.96,151.0
525,East,139.9,,1.8,2,148.01,150.0
752,South,633.6,1.42,8.1,7,353.42,
227,South,142.2,0.55,,9,468.9,162.0
739,North,233.2,13.59,12.2,6,458.57,
490,West,775.2,16.26,8.6,8,225.15,
984,South,397.5,3.81,,9,531.53,142.0
44,South,230.0,1.61,6.3,5,109.07,150.0
336,Center,209.2,0.42,6.0,8,364.5,145.0
358,South,42.0,3.63,3.9,5,516.48,100.0
313,Center,140.0,3.61,1.6,6,416.47,108.0
573,East,84.8,2.61,3.6,8,349.79,160.0
864,West,20.8,5.16,6.9,3,379.45,158.0
51,Center,146.5,3.33,11.3,4,330.38,145.0
527,North,487.5,6.37,5.1,2,666.56,106.0
903,West,69.3,41.3,12.3,8,977.76,
813,Center,73.2,20.82,7.6,3,357.1,
598,West,105.1,4.21,0.9,8,989.19,129.0
264,East,17.6,1.93,3.1,3,284.01,177.0
224,Center,378.7,24.53,2.8,5,417.72,113.0
616,Center,207.9,0.96,7.9,2,412.87,
881,Center,10.1,0.6,1.2,3,565.56,146.0
550,North,128.8,9.18,12.2,6,432.94,
998,East,126.1,12.13,5.9,7,897.8,150.0
86,South,127.5,5.34,,5,440.96,188.0
675,South,128.5,8.21,,2,784.95,197.0
255,West,377.6,0.82,23.2,7,946.11,
344,East,502.0,5.85,8.9,5,544.22,
574,East,272.0,0.6,4.0,9,570.14,116.0
434,East,35.7,10.76,14.6,5,152.71,
371,West,262.0,3.74,7.6,2,636.11,
872,Center,96.3,0.56,5.1,4,133.02,123.0
413,West,60.6,8.95,12.2,5,527.58,161.0
597,Center,115.3,11.06,3.1,5,466.43,120.0
847,Center,391.6,7.61,0.8,4,274.04,162.0
885,North,73.0,,8.2,4,675.48,105.0
682,North,39.2,3.63,1.1,7,403.65,104.0
484,West,250.7,8.88,0.2,8,273.14,152.0
367,West,29.5,1.04,2.0,8,385.64,161.0
145,South,188.8,6.63,,4,735.59,148.0
390,North,31.1,7.39,13.5,6,893.39,
626,West,417.1,0.95,2.3,3,419.74,121.0
670,East,171.2,13.18,10.2,3,878.67,147.0
768,West,294.1,6.28,4.8,6,573.76,174.0
508,West,103.3,2.15,2.7,6,638.33,136.0
418,West,318.4,0.1,4.2,5,850.85,197.0
821,West,130.1,0.08,7.1,6,596.49,
173,West,14.6,4.21,3.2,9,585.41,127.0
357,North,45.9,2.2,1.4,2,515.26,117.0
196,East,444.9,2.9,10.2,5,815.58,
421,South,280.3,9.62,4.4,7,412.9,104.0
394,Center,68.0,8.97,3.0,9,697.92,118.0
62,South,120.9,1.98,,8,318.52,147.0
624,West,8.9,1.55,4.8,3,562.68,148.0
511,Center,341.6,2.09,2.6,5,420.63,144.0
635,South,320.8,4.21,,9,457.24,113.0
542,Center,5.9,2.34,3.8,3,786.28,137.0
634,West,46.6,6.35,2.8,5,425.31,105.0
202,North,499.2,20.12,0.6,4,240.33,114.0
959,South,247.0,3.69,,4,859.29,115.0
460,West,385.8,3.35,5.3,9,768.7,135.0
757,North,11.2,4.77,10.8,4,870.8,
291,West,405.3,0.66,3.0,7,475.16,121.0
604,North,261.4,0.85,4.3,4,163.9,153.0
839,North,282.0,6.15,3.8,6,566.75,138.0
926,South,142.1,4.78,,3,620.15,125.0
781,Center,99.0,1.16,5.3,9,442.63,134.0
39,West,581.2,0.22,4.6,9,173.34,109.0
929,East,78.8,1.85,5.1,6,743.91,106.0
537,Center,237.6,0.25,7.1,2,714.77,
296,South,38.6,5.19,,5,633.8,165.0
809,West,53.3,2.57,8.5,4,188.31,
13,Center,163.0,1.39,9.7,9,721.6,132.0
280,West,19.8,24.65,2.0,3,963.22,172.0
563,East,109.9,13.04,13.6,3,369.41,
324,West,11.0,5.75,10.7,4,785.25,
692,East,113.8,0.24,2.2,3,568.47,104.0
957,West,36.5,9.26,3.1,5,883.65,135.0
138,Center,1760.0,7.08,1.2,2,274.13,158.0
588,East,239.1,2.2,0.4,5,336.21,105.0
378,North,135.0,2.83,1.8,9,429.4,129.0
55,Center,175.1,6.44,8.3,5,478.76,
800,South,22.7,0.73,9.9,3,427.86,
777,West,98.1,8.4,2.6,7,148.93,162.0
841,South,23.7,11.34,,7,247.87,151.0
18,South,37.4,18.05,4.4,5,545.16,190.0
818,North,82.0,1.99,13.4,6,205.72,
452,West,164.0,1.46,14.3,3,335.74,
156,East,439.2,11.64,12.3,6,184.75,
751,North,340.9,23.4,1.6,2,625.38,196.0
456,South,46.3,1.27,,7,552.6,113.0
896,Center,55.7,0.94,2.9,4,882.07,191.0
245,South,3.6,8.09,5.0,7,131.28,143.0
122,North,428.1,5.29,13.0,9,925.77,167.0
662,North,244.4,5.94,1.7,8,506.83,190.0
819,East,79.7,4.72,8.7,3,261.72,
892,South,31.8,24.08,4.9,7,818.65,130.0
592,East,257.8,0.64,6.1,8,846.96,162.0
350,West,216.0,4.4,3.9,8,672.82,135.0
119,North,34.8,2.2,4.7,5,566.06,152.0
723,North,75.0,6.92,10.0,4,386.48,
15,North,296.7,3.69,7.5,6,533.39,
722,East,3.0,4.98,6.9,7,216.32,146.0
53,East,26.4,3.75,6.1,3,367.05,192.0
322,West,174.2,2.25,5.5,7,658.87,153.0
266,Center,246.0,1.32,8.6,8,658.03,
102,North,273.8,1.92,8.5,5,782.9,131.0
767,North,538.0,3.89,5.8,9,444.58,193.0
260,North,83.8,5.52,1.0,9,428.09,138.0
503,Center,0.3,1.33,3.2,8,442.53,176.0
698,South,177.0,11.01,,8,953.14,122.0
716,North,143.2,3.17,11.1,4,783.02,
112,South,45.8,0.71,,7,163.21,185.0
894,Center,725.1,5.45,3.4,5,236.12,140.0
141,South,30.5,1.53,,7,905.86,187.0
807,North,412.4,0.07,1.9,2,206.56,119.0
292,North,106.9,4.83,8.6,3,660.24,
641,Center,254.3,3.1,1.1,5,462.91,186.0
333,North,61.9,0.12,4.6,8,134.59,120.0
501,East,67.2,5.63,4.8,9,445.12,148.0
883,Center,96.5,31.66,12.9,5,834.92,143.0
528,North,414.0,5.63,45.0,9,539.84,129.0
50,West,62.3,1.88,13.6,3,307.08,
3,Center,82.7,4.06,1.5,4,600.26,140.0
359,North,26.8,1.82,13.3,8,589.42,113.0
401,East,12.9,1.72,0.3,8,162.22,123.0
718,South,10.2,1.77,14.2,4,235.98,
89,Center,25.1,0.24,4.9,6,183.3,123.0
515,South,275.3,0.49,,7,500.6,196.0
104,South,219.1,1.7,9.6,6,370.2,196.0
32,South,262.6,3.71,24.3,3,490.25,
691,North,427.8,2.94,11.2,9,827.54,
409,South,133.4,11.59,,5,142.66,165.0
947,Center,99.5,2.12,5.9,4,217.56,153.0
26,West,223.2,1.49,0.5,3,369.98,108.0
1,Center,83.4,10.94,1.8,3,173.28,151.0
544,West,464.4,6.64,14.6,4,501.64,178.0
567,West,211.0,0.48,11.6,7,734.82,110.0
693,West,275.3,0.07,0.3,6,751.79,166.0
880,East,118.0,2.94,4.7,5,949.83,199.0
623,West,415.1,1.72,1.5,5,391.51,165.0
605,East,164.1,9.48,2.8,6,587.98,103.0
632,South,70.6,0.93,,6,103.18,194.0
353,Center,106.8,2.02,2.2,8,691.83,195.0
749,South,153.3,1.92,2.4,9,517.66,172.0
696,Center,24.2,2.95,3.9,9,913.9,173.0
88,West,269.7,4.24,1.8,7,921.55,131.0
638,South,66.7,10.71,,5,823.55,123.0
304,North,74.6,6.12,4.7,7,612.16,181.0
205,Center,428.8,7.7,15.7,8,442.8,139.0
962,East,465.7,8.13,7.3,3,654.34,
728,North,182.7,5.09,9.3,9,943.98,
660,East,2.5,0.28,3.0,9,769.23,114.0
477,East,24.5,9.04,3.6,5,214.59,154.0
221,North,298.4,5.39,0.9,3,993.58,122.0
442,West,106.0,3.5,3.2,6,874.54,126.0
780,South,90.3,5.42,,4,832.44,104.0
111,Center,119.6,4.89,10.1,7,821.24,
687,North,312.1,0.72,10.5,5,409.34,121.0
403,Center,52.4,16.18,17.8,5,724.8,
665,East,179.0,0.28,1.0,2,516.03,175.0
953,East,21.4,0.48,4.4,6,515.63,121.0
715,North,67.7,2.07,4.1,9,830.54,186.0
854,North,94.7,0.46,5.2,5,729.0,148.0
339,Center,30.3,4.1,3.5,4,484.68,105.0
555,East,43.5,4.61,2.6,8,966.66,139.0
299,South,299.1,20.97,,7,346.33,150.0
783,West,222.0,9.12,2.4,9,902.62,167.0
860,South,95.5,4.7,,3,936.22,188.0
94,South,1009.6,0.4,,5,242.88,199.0
474,East,89.1,2.79,12.4,9,463.67,
75,East,219.9,6.98,4.2,5,129.36,112.0
58,South,7.1,5.83,,3,632.29,157.0
317,North,42.8,1.77,3.6,3,612.14,187.0
924,Center,28.4,1.58,3.6,2,700.5,170.0
337,South,259.9,1.01,7.0,2,151.21,144.0
680,South,218.4,10.38,5.9,9,385.2,195.0
943,South,244.7,1.73,5.3,6,627.97,103.0
77,West,424.3,4.04,9.2,8,933.17,148.0
437,East,244.8,,4.6,5,758.09,131.0
653,Center,56.1,3.27,13.7,4,207.46,
489,West,146.4,6.9,14.9,5,328.49,
806,East,51.3,1.71,7.7,4,831.61,
514,East,83.5,6.61,4.6,2,991.54,139.0
661,East,33.4,0.78,3.4,3,405.17,116.0
379,East,15.7,8.51,12.6,7,846.28,
370,East,21.7,4.04,2.7,6,411.85,141.0
347,East,318.2,0.82,0.6,8,367.04,110.0
486,Center,705.0,10.39,4.3,9,943.38,136.0
866,East,402.0,2.87,2.4,4,134.48,132.0
110,East,12.7,4.72,11.3,3,328.36,
724,Center,177.4,2.88,6.1,5,149.31,153.0
184,East,99.1,7.01,3.3,8,748.6,114.0
192,West,41.5,3.27,1.2,4,421.64,149.0
492,West,222.9,1.36,1.1,3,619.99,186.0
646,Center,5.0,0.53,3.6,2,431.11,135.0
87,North,793.7,3.19,13.5,3,256.2,
171,Center,38.8,9.78,2.2,4,790.75,184.0
976,Center,330.9,4.72,3.8,6,811.22,119.0
995,East,118.7,2.89,10.4,6,129.93,
208,North,42.3,2.63,2.0,4,792.49,194.0
966,South,269.4,1.44,3.3,2,425.24,156.0
832,South,22.5,2.42,10.6,2,114.3,
654,South,51.6,0.08,,8,804.79,129.0
315,North,495.2,5.92,1.2,2,660.3,122.0
473,Center,16.7,9.35,0.9,2,967.9,158.0
449,South,7.3,7.86,,3,789.51,146.0
978,West,202.2,7.9,0.7,7,607.91,124.0
561,Center,217.4,5.09,2.3,7,188.99,192.0
426,Center,198.8,0.28,4.3,4,354.13,120.0
423,Center,155.3,3.93,5.5,5,135.01,111.0
754,East,166.4,9.3,0.8,6,230.58,156.0
982,West,1149.4,1.57,9.6,3,845.14,
994,North,29.1,6.21,1.9,4,521.08,142.0
816,South,111.6,7.49,6.7,5,140.44,173.0
282,South,107.0,12.75,,9,621.5,154.0
708,Center,13.3,13.76,2.9,4,401.6,186.0
846,West,228.2,1.96,5.1,9,976.54,135.0
212,East,398.4,0.25,2.3,4,767.49,121.0
270,Center,116.8,8.39,7.3,8,803.88,180.0
293,East,239.4,5.63,6.1,4,289.49,185.0
29,North,40.8,1.77,11.2,5,936.48,
12,South,150.1,2.46,,4,257.68,132.0
249,East,35.7,5.54,7.0,8,911.96,147.0
704,North,125.2,4.1,10.7,6,419.91,
794,West,102.6,12.2,3.2,8,993.02,138.0
157,West,235.9,10.28,8.8,7,340.6,165.0
482,East,138.5,,5.1,5,424.78,184.0
97,East,38.1,1.37,5.4,8,904.43,130.0
802,West,266.0,2.62,0.8,8,898.29,191.0
743,South,41.6,5.71,4.6,3,163.03,132.0
614,West,314.7,2.68,2.5,7,818.99,198.0
506,East,180.1,0.14,8.0,6,414.8,
225,North,155.8,5.38,5.9,2,972.39,137.0
78,Center,43.4,3.74,12.6,8,246.39,177.0
377,East,58.1,1.01,2.9,6,613.21,138.0
311,West,322.7,0.84,14.1,7,769.97,
116,Center,123.2,8.51,1.7,8,852.12,142.0
11,Center,185.6,2.06,7.0,8,331.21,186.0
343,South,117.3,0.09,5.5,7,191.74,152.0
593,South,42.0,3.3,,5,238.97,156.0
533,West,67.7,8.7,1.5,7,189.54,172.0
464,East,154.0,7.66,1.3,8,747.12,104.0
346,North,159.2,4.92,8.1,7,344.04,
906,Center,76.9,4.41,5.1,4,185.22,121.0
330,North,264.0,4.82,1.4,2,920.36,191.0
825,West,6.0,2.69,16.7,9,695.01,113.0
557,West,186.0,10.96,6.7,9,898.22,188.0
833,Center,369.0,14.5,9.1,3,583.21,135.0
372,West,98.0,6.63,3.3,2,973.88,195.0
129,North,98.7,3.32,2.1,9,708.3,165.0
837,West,129.7,1.61,10.0,5,686.85,168.0
607,South,330.4,9.22,,9,708.04,154.0
889,North,15.0,0.78,4.2,2,903.73,122.0
746,East,173.4,8.06,4.9,3,615.69,191.0
267,Center,89.3,4.68,1.9,6,232.62,131.0
725,Center,29.8,13.49,5.2,2,732.97,143.0
502,East,161.5,3.91,3.6,7,382.07,121.0
91,East,20.0,4.92,2.0,7,226.45,112.0
30,South,137.6,0.17,,5,238.26,112.0
886,South,179.8,4.14,,5,502.76,165.0
369,West,176.7,0.8,3.8,7,413.26,184.0
349,East,644.9,3.51,6.3,4,109.33,116.0
659,North,28.0,4.36,4.4,9,592.11,189.0
457,East,414.5,3.4,3.1,7,516.81,143.0
269,East,111.1,1.16,8.8,8,112.81,
306,North,377.4,1.57,5.7,8,393.25,196.0
705,East,13.1,0.07,2.1,3,765.88,101.0
462,Center,275.1,3.98,3.0,6,865.72,115.0
321,East,253.2,0.89,11.4,5,561.19,
773,North,26.6,2.87,11.2,2,550.84,
658,West,49.2,1.64,9.3,2,680.8,166.0
741,West,58.8,0.79,4.5,9,364.02,132.0
153,West,75.8,7.14,2.9,7,114.11,103.0
996,South,353.7,0.6,3.1,5,316.96,137.0
189,East,138.7,5.94,2.1,7,370.73,105.0
891,South,427.8,17.34,,3,562.89,180.0
922,East,95.3,2.65,8.6,3,361.51,
463,West,47.0,6.9,7.4,8,559.02,
268,West,16.0,2.58,8.0,2,243.97,142.0
975,West,1.9,0.31,12.2,3,912.11,
428,Center,104.1,0.42,2.1,2,950.51,164.0
606,South,88.9,6.48,,8,900.27,186.0
792,South,74.2,10.07,,7,895.73,120.0
404,Center,231.2,1.93,3.2,8,903.34,133.0
386,South,250.1,7.47,3.2,7,634.42,109.0
845,Center,131.4,2.62,9.8,9,116.91,
701,East,38.6,5.54,18.0,8,545.97,
61,West,136.1,1.86,13.3,2,102.67,190.0
876,East,212.3,6.51,1.0,6,942.28,119.0
302,North,620.3,0.97,0.4,6,279.5,111.0
454,East,85.8,4.12,1.0,6,931.32,106.0
487,East,163.7,7.39,8.0,9,178.7,
775,South,68.5,2.6,,6,785.9,187.0
34,East,218.1,0.19,3.6,2,364.53,191.0
980,South,398.2,9.52,,9,345.71,124.0
505,North,426.4,,0.9,8,752.23,103.0
286,Center,22.2,3.56,9.1,7,415.01,
178,South,139.1,1.68,,8,480.06,172.0
988,East,3.6,,5.6,5,807.06,162.0
990,East,16.3,,3.9,3,731.34,153.0
991,Center,233.1,8.19,3.1,6,744.73,115.0
210,South,466.7,6.83,3.4,7,792.06,142.0
158,South,55.8,0.37,,2,667.41,169.0
761,West,11.3,4.42,13.6,7,210.44,182.0
856,Center,14.4,5.53,3.9,5,824.72,160.0
529,East,139.4,6.12,1.6,3,900.97,157.0
884,West,283.1,10.98,1.3,3,881.66,161.0
472,North,266.0,1.6,3.5,5,266.74,189.0
855,East,467.3,8.19,4.3,4,913.75,117.0
719,West,185.0,12.87,11.1,2,730.63,
348,East,175.0,3.17,1.4,4,857.78,173.0
25,West,70.9,0.05,6.6,6,545.28,154.0
20,South,47.3,8.19,,9,960.25,187.0
575,West,115.3,4.3,3.1,3,487.69,165.0
72,North,260.1,0.36,0.6,5,334.5,103.0
271,South,220.9,6.79,6.9,2,831.07,102.0
132,Center,89.3,0.97,6.0,4,316.61,168.0
620,North,169.4,3.59,3.5,9,512.74,109.0
688,East,203.9,8.2,12.2,3,634.48,145.0
869,Center,420.5,1.9,7.2,6,154.51,
950,North,97.9,2.59,3.0,9,889.73,114.0
307,South,472.9,5.32,5.0,3,313.85,105.0
893,Center,248.2,7.8,1.9,2,968.06,115.0
745,West,20.8,1.57,3.6,3,641.67,158.0
9,West,499.7,5.02,6.7,4,311.0,145.0
648,Center,51.5,4.11,12.3,8,327.2,
483,East,12.7,8.76,1.6,7,115.72,185.0
672,Center,3.5,2.74,6.9,7,740.85,114.0
239,North,981.9,5.15,5.3,8,941.99,185.0
553,Center,459.7,10.64,2.0,5,827.35,107.0
262,Center,165.1,4.67,4.4,8,209.4,142.0
27,East,79.7,2.61,4.2,6,244.34,116.0
329,North,445.2,4.33,5.2,2,207.9,198.0
424,East,277.0,0.04,2.6,4,752.09,181.0
354,North,71.1,0.37,3.4,4,851.2,120.0
481,East,404.9,0.19,4.6,4,133.46,103.0
804,West,198.4,10.68,7.2,9,773.73,
946,East,216.6,1.81,7.1,6,825.36,
338,East,200.9,4.45,7.4,7,147.24,108.0
512,North,24.8,,7.4,5,652.51,
52,South,53.4,5.45,,8,128.82,175.0
220,South,652.0,0.37,,3,153.74,108.0
155,West,229.0,14.37,2.5,7,177.07,110.0
617,South,413.2,1.94,,6,968.63,175.0
572,West,14.8,0.79,1.6,2,340.57,137.0
987,South,141.0,14.25,1.3,8,641.79,168.0
263,South,75.5,0.64,,2,204.76,142.0
973,North,191.9,7.49,7.7,3,578.7,
117,Center,65.5,2.13,6.1,3,779.57,115.0
441,East,443.9,4.63,13.7,9,794.94,106.0
817,East,264.0,6.91,7.9,4,251.28,
812,South,75.7,2.81,12.6,3,255.9,
683,North,438.8,6.49,2.2,3,210.56,152.0
509,West,225.7,1.73,11.7,3,492.62,
699,Center,38.3,3.66,4.1,2,614.69,178.0
33,Center,15.9,1.66,8.8,4,826.21,
182,North,87.4,5.95,10.8,3,326.44,
791,East,363.4,1.3,10.8,9,125.64,
985,East,61.9,0.27,3.8,8,626.15,161.0
326,West,38.2,3.48,7.9,5,107.28,149.0
407,South,429.4,4.72,,3,148.07,156.0
925,South,223.1,8.17,9.2,9,906.27,
206,South,128.1,1.97,2.8,6,495.98,197.0
385,East,246.2,12.14,2.6,4,325.8,190.0
415,West,259.1,1.72,0.7,6,867.83,109.0
281,South,26.9,,,5,164.69,145.0
865,West,334.5,0.57,6.1,2,994.99,137.0
955,North,57.2,0.29,8.4,7,855.18,
31,Center,64.6,4.46,4.6,3,262.02,102.0
461,South,199.2,2.06,,8,925.19,112.0
801,North,141.9,4.23,7.9,7,172.28,
120,South,433.5,0.53,7.9,8,901.67,
703,South,493.4,4.61,5.0,9,120.96,194.0
136,South,21.3,0.6,0.7,9,874.59,132.0
686,East,289.0,5.61,12.4,6,199.86,
100,South,227.9,4.39,1.0,6,733.86,185.0
566,South,148.7,5.64,,6,598.77,192.0
836,East,142.9,8.73,8.7,8,341.85,
439,North,98.4,1.59,4.6,3,217.58,120.0
981,South,497.7,7.51,2.7,3,663.8,152.0
251,Center,140.2,1.48,4.7,2,469.46,111.0
323,South,590.4,,,5,837.53,180.0
35,West,54.2,26.1,6.3,2,328.52,106.0
28,Center,65.2,3.08,6.5,9,682.83,120.0
583,North,59.1,0.69,2.8,2,387.33,179.0
398,West,6.7,5.65,0.6,9,139.79,161.0
73,South,24.5,3.26,,6,592.22,193.0
470,South,476.7,7.79,,4,636.98,162.0
420,West,209.9,6.0,7.3,8,469.15,
285,West,218.6,0.77,10.0,4,548.66,159.0
233,East,153.3,14.96,5.2,3,874.65,102.0
465,North,267.3,1.96,10.2,4,820.71,188.0
581,Center,121.9,12.76,4.2,8,228.34,115.0
175,South,139.9,4.12,,9,218.93,169.0
602,West,32.5,0.58,9.1,2,476.03,
901,West,205.0,12.25,2.6,4,297.34,119.0
594,Center,445.6,5.78,3.0,4,840.5,166.0
726,Center,111.1,5.0,5.8,3,902.14,196.0
133,North,18.8,0.78,11.5,8,889.44,136.0
135,West,19.4,12.3,0.7,2,519.67,186.0
98,West,258.0,1.65,2.1,3,895.45,173.0
395,North,185.2,1.09,2.5,5,321.25,187.0
787,West,254.0,6.55,8.0,8,374.87,
365,West,62.8,4.79,3.2,8,701.53,133.0
861,North,281.3,7.33,6.2,5,512.79,123.0
565,South,73.0,1.05,,2,669.76,188.0
936,Center,324.1,5.81,15.7,3,834.81,
362,West,298.3,1.78,9.9,5,551.81,
554,Center,304.6,8.19,7.5,5,217.55,
414,North,586.0,5.99,0.7,2,301.54,127.0
811,Center,251.1,1.01,4.0,7,760.6,189.0
283,South,287.5,1.08,,8,911.97,145.0
207,North,146.7,8.49,9.6,8,523.21,
968,Center,391.4,4.45,2.9,2,127.51,101.0
591,Center,61.1,5.11,17.8,9,461.47,100.0
466,East,197.4,6.39,1.8,4,544.14,137.0
373,East,306.9,0.28,2.7,5,984.77,183.0
214,West,459.5,2.95,3.2,3,523.53,178.0
258,North,260.7,1.53,2.2,9,330.39,133.0
844,East,150.7,2.68,1.9,7,153.93,146.0
902,Center,106.8,10.6,1.4,7,374.73,165.0
391,East,1507.7,9.24,9.0,9,579.6,120.0
399,West,138.3,3.44,8.9,7,320.15,
532,East,253.9,1.26,2.4,3,812.34,155.0
645,Center,72.6,6.21,8.6,4,741.29,134.0
519,Center,202.6,1.77,5.5,5,342.29,180.0
933,North,326.8,1.77,6.4,9,780.8,186.0
764,South,182.1,0.36,11.3,6,896.97,109.0
963,West,15.2,1.59,5.7,9,491.22,165.0
126,West,141.8,19.94,9.4,9,590.31,
977,Center,60.1,2.38,7.0,9,466.6,149.0
60,Center,492.3,7.75,7.1,8,532.67,
702,East,39.1,16.27,5.3,2,551.47,107.0
937,Center,85.8,12.23,15.4,3,299.8,160.0
879,South,11.0,0.19,,9,176.16,146.0
374,North,135.8,10.94,1.1,2,621.69,153.0
429,Center,704.3,6.3,5.1,2,988.9,102.0
259,Center,76.1,0.03,9.3,8,694.58,
697,South,146.1,8.45,2.7,2,215.01,104.0
969,Center,241.1,3.03,2.4,3,972.9,155.0
948,South,92.0,23.58,,9,318.01,163.0
851,East,88.1,1.85,5.0,8,216.97,142.0
784,South,68.2,3.18,,7,922.42,147.0
935,South,385.7,0.74,1.3,8,602.63,193.0
834,Center,131.9,3.29,6.8,7,604.95,178.0
496,North,76.3,4.25,2.6,7,345.41,122.0
504,Center,66.6,4.26,6.1,9,116.69,175.0
273,West,229.5,1.35,10.3,6,765.57,
79,West,75.2,7.22,1.7,5,466.97,155.0
852,North,64.1,1.73,3.1,3,547.01,133.0
8,South,259.0,2.87,,2,680.35,106.0
425,North,260.1,0.5,7.5,6,680.62,
600,West,176.2,8.25,8.7,8,617.58,
76,North,44.8,12.13,11.6,3,951.25,141.0
770,South,53.3,9.65,0.9,4,357.57,119.0
671,West,308.9,,11.7,9,609.68,
211,East,10.4,,3.3,2,719.76,100.0
151,South,522.5,3.37,11.3,3,540.36,
45,West,40.6,17.17,3.0,2,532.92,118.0
36,East,134.4,3.29,2.4,9,657.97,125.0
843,East,323.4,2.55,8.0,6,784.72,182.0
160,East,22.1,7.61,9.1,2,162.09,168.0
177,North,0.8,7.23,10.4,9,504.41,
543,West,293.2,1.32,2.1,8,331.13,161.0
445,West,659.1,2.59,3.0,2,117.19,127.0
215,West,565.6,11.3,3.5,9,290.26,125.0
303,North,504.2,6.31,4.7,5,670.43,102.0
700,Center,658.8,4.16,2.2,5,375.01,181.0
830,East,1.0,3.41,7.0,6,330.29,134.0
945,Center,53.9,6.65,4.3,7,269.64,140.0
213,Center,83.4,2.97,1.7,9,761.02,161.0
643,North,188.3,11.39,4.9,5,556.51,101.0
556,Center,18.1,1.75,15.7,3,671.35,
507,East,187.2,4.98,6.6,9,381.99,163.0
121,South,2.0,16.34,,6,629.29,102.0
332,Center,961.5,11.26,2.7,4,262.54,132.0
443,North,31.4,10.09,1.8,3,111.91,107.0
319,North,226.3,1.77,2.6,8,805.27,172.0
850,Center,289.9,0.23,5.9,8,338.02,150.0
130,East,55.2,3.25,1.5,9,994.27,175.0
601,South,147.3,1.05,,7,203.65,147.0
576,West,340.5,0.21,6.1,9,683.3,171.0
667,East,439.4,0.98,10.8,3,651.52,
790,South,80.4,9.24,,7,169.33,169.0
198,West,79.4,13.25,0.9,4,593.03,138.0
517,North,120.4,4.87,8.4,8,214.05,
351,Center,147.9,3.6,2.8,5,454.5,189.0
805,East,92.5,2.63,2.0,6,354.01,127.0
589,South,19.0,1.2,2.4,8,680.53,100.0
396,West,10.2,11.16,6.0,7,880.11,181.0
610,West,73.0,5.56,2.4,2,948.91,111.0
83,North,23.8,20.71,2.5,8,769.75,187.0
786,North,179.0,1.35,8.7,6,139.24,
640,East,131.7,0.68,9.1,2,942.22,174.0
388,West,213.9,7.0,13.1,9,391.47,
897,West,478.0,0.41,4.3,6,275.75,100.0
562,South,178.4,0.26,4.9,3,205.4,188.0
278,Center,62.2,0.29,4.1,5,781.2,109.0
521,East,349.3,1.27,9.8,4,894.82,
559,East,223.5,3.2,7.4,6,399.05,140.0
651,Center,320.4,2.08,4.1,7,280.06,173.0
159,East,536.6,9.63,7.9,6,576.92,
823,East,133.0,1.27,1.2,2,986.02,180.0
375,Center,39.9,6.07,6.9,8,100.98,146.0
944,South,343.9,6.11,,2,918.57,164.0
932,North,8.2,9.13,2.1,5,370.17,183.0
238,North,253.1,0.33,7.9,9,462.93,174.0
931,West,419.8,1.95,2.0,7,970.26,175.0
209,Center,124.0,1.98,2.9,6,194.72,176.0
664,South,126.4,5.11,,4,165.75,118.0
530,Center,115.1,,4.9,5,860.8,102.0
448,East,367.9,1.62,11.9,6,233.51,
383,West,617.7,0.03,16.7,3,591.27,
115,Center,72.1,11.77,3.2,4,636.75,192.0
458,North,6.2,16.3,11.1,8,241.85,145.0
871,East,213.5,5.02,2.3,8,743.7,110.0
828,West,153.4,3.59,5.6,4,634.97,160.0
146,Center,0.3,5.05,12.6,6,130.57,
584,East,104.5,4.07,5.4,4,453.21,124.0
223,South,186.7,7.21,,4,141.44,101.0
174,North,87.7,2.1,3.6,8,879.26,186.0
106,Center,513.2,0.36,2.7,2,720.9,119.0
389,North,44.2,15.58,4.1,5,672.88,174.0
940,West,453.2,16.24,2.9,7,613.41,117.0
295,West,1463.5,,3.1,7,605.51,134.0
81,Center,203.4,12.49,7.6,7,694.9,
148,North,147.5,0.43,0.1,2,519.35,148.0
608,West,98.2,,5.5,7,324.71,143.0
124,East,80.6,2.54,4.4,7,555.37,109.0
361,North,434.2,9.97,6.9,3,117.39,165.0
656,South,137.9,1.98,2.3,3,301.93,173.0
453,North,65.5,10.76,5.9,4,719.97,132.0
204,West,936.6,12.95,2.3,4,555.73,166.0
531,Center,83.0,2.41,14.0,7,367.25,150.0
878,East,34.6,450.0,20.7,9,399.38,
498,Center,69.8,9.68,6.6,9,894.68,170.0
756,Center,21.0,2.68,4.7,7,120.24,197.0
47,South,112.0,31.7,,4,196.04,151.0
711,West,164.1,3.75,8.0,2,575.52,
419,Center,158.4,4.37,7.0,8,377.91,166.0
518,West,37.1,6.13,5.1,2,759.72,127.0
669,East,7.2,4.19,1.8,2,209.59,190.0
859,North,209.1,5.69,3.2,4,850.05,104.0
951,West,85.0,0.32,16.0,6,279.12,
363,North,265.8,1.07,3.6,9,629.48,178.0
967,North,74.1,2.05,3.4,9,663.45,168.0
64,South,260.9,6.04,,5,969.4,111.0
510,West,42.1,2.49,8.9,9,982.76,
747,South,197.7,3.02,,5,512.54,140.0
162,South,146.9,0.57,,6,898.45,128.0
582,South,188.2,0.55,12.7,9,601.05,
526,South,217.0,2.32,,9,862.82,130.0
986,North,178.7,3.05,7.0,2,989.81,175.0
744,North,32.0,1.03,2.4,9,812.06,131.0
274,South,410.3,,,9,490.19,139.0
657,East,115.5,2.87,5.2,4,417.56,195.0
68,North,96.7,7.67,3.3,5,416.48,186.0
738,South,22.5,4.63,,2,376.3,186.0
983,Center,33.4,8.35,4.8,3,736.71,159.0
99,East,140.8,8.59,8.0,5,385.27,
185,West,219.2,17.23,0.2,7,143.7,163.0
779,South,547.2,3.76,,3,510.33,120.0
803,Center,967.5,5.42,4.5,3,278.52,100.0
455,East,513.2,1.03,7.3,8,405.84,102.0
5,North,161.6,3.08,7.5,3,289.52,
789,West,144.5,5.7,3.7,4,956.0,134.0
228,North,12.9,10.64,4.2,6,670.67,181.0
558,East,11.8,9.18,7.4,3,483.61,
229,East,96.9,3.75,8.9,4,121.7,
230,South,117.6,8.71,,7,907.99,192.0
172,East,624.3,3.95,6.6,8,774.5,160.0
406,East,235.0,9.34,12.2,2,300.06,167.0
298,Center,32.2,0.88,3.9,6,352.05,172.0
731,Center,301.3,2.55,9.3,9,854.57,
650,South,381.1,,3.4,9,967.46,163.0
992,East,307.4,1.58,7.0,6,508.97,154.0
899,North,126.3,7.68,5.6,7,244.09,155.0
912,West,466.3,5.83,6.8,7,861.65,135.0
799,West,184.5,3.59,16.1,5,620.85,
993,North,317.2,3.19,1.1,4,526.74,193.0
868,Center,380.1,0.19,1.1,7,903.29,136.0
663,Center,55.8,0.77,2.0,8,191.77,117.0
393,South,112.8,0.92,,4,786.75,196.0
999,East,63.7,5.28,3.3,7,347.47,141.0
919,North,379.2,0.18,17.5,8,705.84,
520,East,735.9,2.66,5.1,8,503.75,186.0
382,South,95.2,9.86,,3,838.97,144.0
16,West,22.5,0.07,6.4,6,578.25,164.0
956,North,3.1,5.59,9.5,9,765.73,
539,Center,131.9,30.13,5.0,4,635.1,100.0
921,North,36.7,2.17,1.7,9,802.17,130.0
164,Center,3.1,0.06,6.8,7,210.1,172.0
908,East,540.8,20.06,4.4,6,765.41,149.0
59,East,27.2,0.86,6.5,9,872.48,117.0
447,North,819.5,17.79,0.5,2,672.06,165.0
964,Center,449.2,6.42,3.3,2,483.8,198.0
459,South,19.1,7.34,3.6,7,631.28,160.0
316,Center,191.1,3.66,9.2,4,269.81,
242,East,223.0,5.29,4.3,2,960.9,132.0
750,South,310.6,2.4,,2,505.03,110.0
954,South,225.3,5.6,,2,999.18,117.0
23,East,68.6,10.37,7.2,8,584.37,
758,North,219.6,3.28,5.8,6,724.96,130.0
90,North,282.6,4.89,6.3,2,749.52,106.0
895,East,312.7,2.12,5.8,2,116.44,189.0
436,South,13.6,9.79,,5,854.46,172.0
416,North,49.6,2.05,0.9,7,328.63,144.0
308,North,156.0,2.47,3.5,5,581.91,181.0
571,West,67.3,2.33,13.8,4,843.73,
875,North,395.9,0.5,10.4,8,624.79,120.0
118,South,92.2,8.24,7.3,4,777.65,
108,East,261.8,3.46,7.5,4,217.65,
549,North,146.9,12.29,6.1,5,715.81,161.0
236,West,273.0,16.33,1.0,6,255.2,195.0
237,West,667.3,3.96,4.3,7,834.14,194.0
142,South,506.7,1.27,,3,145.47,143.0
197,West,67.7,8.96,7.3,4,111.94,183.0
276,North,771.9,4.03,10.7,5,659.25,166.0
56,East,265.4,1.19,1.2,7,972.33,147.0
720,West,328.8,1.31,12.1,6,331.89,
890,West,68.6,11.74,1.4,9,960.28,112.0
826,North,2.0,6.87,4.6,6,399.49,133.0
971,North,15.9,1.2,0.9,8,941.74,161.0
387,Center,58.2,3.0,2.0,3,287.24,113.0
92,North,5.6,11.09,7.4,7,450.45,
240,North,239.7,4.43,1.5,4,954.91,166.0
165,South,303.3,3.98,5.4,6,948.16,191.0
822,North,39.8,2.86,13.9,8,521.3,111.0
491,South,238.4,3.07,,8,297.08,128.0
907,North,694.5,1.51,10.3,6,758.89,
587,Center,184.3,0.24,8.1,2,715.0,155.0
63,South,7.8,0.05,,8,391.39,162.0
585,North,226.4,11.22,1.6,9,351.39,103.0
366,North,436.9,2.93,6.3,3,305.36,135.0
679,South,33.7,2.09,,8,541.32,140.0
314,Center,12.4,0.56,5.3,2,156.59,198.0
915,Center,23.8,1.33,3.9,8,628.64,161.0
782,Center,22.4,11.81,1.3,2,584.65,184.0
150,East,291.6,1.74,9.3,7,736.14,194.0
289,West,327.7,2.77,3.2,6,158.41,126.0
734,Center,166.2,5.68,0.9,5,819.07,130.0
340,West,117.0,6.71,7.2,6,938.64,150.0
923,South,87.3,0.09,,9,350.04,134.0
168,West,331.5,3.89,3.2,8,541.32,119.0
535,South,88.1,,8.9,5,707.91,160.0
180,South,715.7,2.29,6.2,3,435.05,159.0
392,South,194.8,7.15,,7,783.2,161.0
43,North,341.1,5.31,1.7,7,710.68,118.0
152,West,132.2,2.89,5.2,3,271.85,124.0
613,Center,100.4,9.03,6.7,3,971.34,173.0
534,Center,57.5,4.69,5.9,2,840.49,109.0
85,Center,152.2,7.44,4.8,4,933.54,134.0
707,East,184.2,4.3,5.8,8,319.81,171.0
226,East,325.8,0.26,1.2,5,386.81,139.0
451,North,67.6,5.72,7.8,9,843.76,185.0
310,North,59.4,6.58,14.1,9,717.13,185.0
114,South,209.7,1.61,2.5,9,257.45,147.0
649,East,104.3,5.93,2.9,7,618.86,103.0
842,Center,24.5,20.28,5.6,3,777.93,111.0
774,East,655.1,2.49,2.7,2,956.03,197.0
523,West,94.4,3.35,14.2,3,482.11,
642,Center,88.9,9.31,7.2,3,737.85,150.0
810,North,44.8,2.35,5.5,2,502.22,164.0
629,North,145.6,6.73,3.5,9,539.6,189.0
256,East,439.0,2.92,5.0,8,444.09,165.0
917,East,172.1,1.5,4.9,7,783.15,192.0
218,West,120.6,0.8,2.4,3,629.67,108.0
335,West,111.3,6.4,2.4,6,851.38,152.0
179,East,96.8,10.93,10.5,4,327.3,106.0
475,South,390.9,1.59,14.5,5,688.27,
19,West,118.6,1.25,8.8,5,218.78,
191,East,37.1,0.29,1.3,7,596.83,163.0
862,Center,223.1,2.96,3.5,6,791.72,192.0
685,East,30.8,0.89,0.7,3,141.85,121.0
755,West,39.6,1.37,5.1,6,729.26,141.0
190,South,107.3,8.73,14.0,4,302.03,
677,North,2.2,16.04,10.5,5,300.47,
261,East,43.2,17.99,3.0,8,807.49,195.0
785,Center,176.2,2.65,3.0,6,294.2,179.0
65,North,150.2,0.6,4.7,6,920.6,186.0
