client_id,age,gender,membership_type,monthly_fee,avg_visits_per_week,trainer_rating,avg_session_duration,weight_change_kg,member_satisfaction
ESS4D,31,female,morning,1256.41,2.8,mid,52.0,,8.0
IVU2T,22,female,day,1957.88,2.6,junior,64.0,,6.0
011VI,38,male,morning,1391.1,4.4,senior,48.0,-0.1,7.0
WD3Q3,32,female,morning,1678.17,4.1,mid,25.0,,6.0
YYHJ9,38,female,full,2916.4,2.6,junior,46.0,,7.0
729SC,52,male,full,3146.52,3.3,mid,55.0,-4.1,4.0
MUKQ5,20,female,full,2859.47,4.4,senior,54.0,-9.2,9.0
ZUAZN,27,male,day,2185.08,2.9,junior,31.0,,7.0
POVRE,16,female,morning,1242.9,4.0,mid,32.0,-3.8,5.0
S1VR7,54,male,full,3375.57,2.1,elite,70.0,,6.0
JP7RS,55,female,morning,1422.15,2.6,mid,36.0,-2.9,7.0
AIEBZ,28,female,vip,6150.54,1.6,mid,64.0,-4.9,5.0
5DWQR,30,female,day,2205.24,7.1,senior,48.0,,
I5WQQ,34,male,morning,1413.66,3.5,senior,41.0,,
79TUY,29,female,full,2492.73,3.3,senior,49.0,-2.5,8.0
L2SR5,28,female,day,2230.53,3.3,elite,60.0,-10.7,9.0
PKJBX,34,female,morning,1345.43,5.2,elite,56.0,-3.5,10.0
VQSR7,37,female,morning,1658.25,2.8,junior,65.0,-3.0,8.0
JRS33,49,male,day,2150.41,2.0,junior,22.0,,7.0
U63L7,34,male,day,1807.08,1.1,junior,47.0,,
DY2SQ,38,female,morning,1388.07,1.7,senior,54.0,2.3,8.0
884RC,21,female,full,3099.73,5.1,elite,72.0,-2.3,10.0
JRD0O,26,female,morning,1429.45,1.6,mid,35.0,-1.6,7.0
QAAU7,53,male,day,1884.77,1.7,mid,35.0,-2.0,8.0
C2IW1,19,female,morning,1766.82,3.4,mid,58.0,1.0,7.0
8YWFL,21,male,day,2179.66,6.0,mid,53.0,,5.0
U18RZ,22,female,morning,1879.92,3.3,senior,55.0,,6.0
EIV85,29,female,full,2776.22,3.4,mid,61.0,1.4,4.0
SDY72,39,female,day,2036.57,2.8,mid,42.0,-7.1,7.0
6LO3S,37,male,vip,6823.15,1.7,mid,56.0,2.4,8.0
HAD5B,56,male,full,3146.17,6.2,senior,56.0,,7.0
MM1AS,48,male,day,1871.83,4.5,elite,37.0,2.3,9.0
LKLE8,34,female,morning,1659.77,9.8,mid,59.0,-0.3,7.0
U2FSP,46,female,full,2810.58,4.0,mid,64.0,0.2,6.0
MVYCO,28,female,full,3300.89,3.9,senior,75.0,,8.0
H7BT4,16,female,morning,1776.07,3.6,mid,50.0,-8.3,7.0
Q1GZ5,37,female,day,1692.06,2.9,mid,50.0,,7.0
ET2S8,31,female,vip,4938.69,1.4,senior,70.0,5.0,8.0
F4OPO,51,female,day,1740.46,3.2,senior,51.0,-1.5,7.0
CKMJR,46,female,vip,7970.54,2.7,senior,45.0,-3.5,7.0
2OQLR,40,male,vip,5763.79,3.0,mid,42.0,1.2,8.0
E2234,25,female,full,2893.74,5.4,senior,50.0,,8.0
I85XO,50,female,morning,1655.05,5.2,senior,75.0,-2.7,8.0
24Y8M,34,female,morning,1134.9,3.0,junior,37.0,,
FUUTD,53,female,day,2511.41,4.9,mid,50.0,-4.0,5.0
ZUUHK,29,female,day,1544.68,1.8,senior,,,8.0
JUDJ8,28,male,day,2361.65,4.1,senior,67.0,-0.8,7.0
GY10G,51,male,day,2086.17,2.9,senior,28.0,-2.3,7.0
WSJ4K,36,male,morning,1655.07,5.9,senior,46.0,-4.6,7.0
LJCO6,32,female,morning,1462.06,4.4,mid,30.0,,6.0
1OADA,49,female,full,3513.18,4.3,elite,34.0,,8.0
EYU7M,38,male,full,3081.89,3.1,senior,64.0,-4.6,8.0
2VXW7,30,female,day,2038.41,3.3,junior,60.0,,7.0
LHQ95,32,female,full,2528.61,4.0,mid,31.0,-2.2,5.0
Y5Y7O,26,female,morning,1665.69,1.4,senior,35.0,,8.0
8M0PA,35,male,full,3391.92,3.7,mid,56.0,,7.0
ZK82E,39,male,vip,6240.36,2.4,mid,49.0,-10.0,
1L6TM,34,female,day,1578.9,3.3,mid,50.0,,5.0
UZEWE,30,female,vip,5752.56,1.9,senior,53.0,,7.0
EMXXB,16,male,vip,5495.59,1.7,mid,62.0,0.9,5.0
UMNIP,40,male,full,3125.96,3.7,elite,60.0,-0.3,
HETX7,68,female,morning,1103.77,14.0,elite,57.0,-0.5,8.0
YOJFA,32,female,morning,1218.13,2.2,junior,46.0,-2.6,6.0
JRJL7,32,female,day,2096.51,2.8,junior,51.0,,5.0
V4TX8,40,male,morning,1866.82,3.8,junior,25.0,-2.7,
SJW1L,50,male,day,1922.13,7.0,senior,52.0,-2.0,6.0
XA9Q8,48,female,morning,1632.02,5.4,senior,45.0,,
Y576O,37,male,vip,6386.46,1.1,mid,48.0,-3.8,7.0
98I3M,42,female,morning,1189.84,3.3,senior,56.0,-7.6,9.0
HMWTR,30,female,morning,1488.45,1.7,junior,65.0,1.2,6.0
2UGWF,24,female,day,2136.41,3.3,mid,35.0,-0.4,5.0
6834Z,42,female,vip,5937.4,3.3,elite,67.0,-4.3,8.0
2XDN0,32,female,full,3008.06,3.2,mid,48.0,-3.5,10.0
E09AH,35,female,day,1935.61,4.3,mid,28.0,0.1,6.0
4UU8N,52,female,vip,4.28690553473408,2.1,senior,66.0,3.4,7.0
8SXFS,43,male,vip,6184.07,1.6,mid,35.0,,
D0MJB,16,female,morning,1058.67,1.8,mid,33.0,-3.1,8.0
V2FKT,43,female,morning,1650.03,3.3,mid,60.0,1.3,10.0
M9G0A,23,male,full,2910.63,3.2,elite,63.0,,7.0
VRP36,29,male,day,1704.89,5.0,mid,25.0,-2.4,7.0
99GSG,42,female,vip,5772.86,3.4,senior,60.0,,
TF5S5,30,male,day,1951.66,4.0,senior,60.0,-4.1,8.0
XANNH,39,male,vip,6295.8,3.9,senior,77.0,,6.0
FVE9R,32,male,day,2055.83,2.7,junior,39.0,-1.0,5.0
50NWX,47,female,morning,1228.94,4.0,mid,45.0,-3.0,8.0
M6ES3,28,female,morning,1236.72,9.7,mid,44.0,-6.9,7.0
YQVC2,39,female,vip,6514.12,1.9,mid,59.0,2.8,6.0
DRL1I,26,male,day,2143.49,4.2,junior,25.0,-0.9,6.0
LSL60,55,male,day,1927.52,5.3,elite,54.0,-2.0,8.0
4OG3H,41,female,day,2437.09,4.9,senior,41.0,2.6,8.0
YM2O2,39,female,day,1663.67,4.6,senior,62.0,-4.9,8.0
NF0XE,38,male,day,1637.77,2.0,junior,24.0,,4.0
J4L4Q,40,male,morning,1381.13,3.0,elite,20.0,-5.3,10.0
FWI9U,46,female,morning,1729.43,3.0,junior,41.0,,7.0
EKQOA,33,female,full,3479.27,2.8,elite,67.0,-4.0,6.0
ZYMY7,25,male,day,2018.0,4.5,mid,45.0,0.3,6.0
648YT,39,male,morning,1503.6,4.3,elite,71.0,-2.3,7.0
HML70,22,female,morning,1464.57,4.2,senior,42.0,-5.2,
AUJMX,41,male,vip,21.747988384918003,0.5,mid,46.0,,8.0
O2R6M,16,female,full,3200.87,2.1,senior,73.0,,8.0
BHE4J,41,male,full,3356.91,3.5,mid,39.0,-0.9,7.0
AHQJW,40,female,vip,5916.16,4.6,senior,55.0,,9.0
CYTAD,50,male,vip,5309.22,0.5,mid,55.0,,6.0
LHQVG,40,female,full,3642.79,4.1,senior,61.0,2.0,7.0
LUZYU,33,female,day,2088.35,3.4,senior,41.0,-1.7,10.0
DJPG0,50,male,vip,7047.11,0.5,junior,66.0,-4.4,7.0
996XM,44,male,full,3163.48,2.8,elite,73.0,,
MVJ54,49,male,vip,5783.97,2.3,senior,61.0,-3.0,8.0
BRA3J,23,female,morning,1386.84,4.2,elite,62.0,-0.6,9.0
1HJ4O,26,female,morning,1443.05,4.1,senior,49.0,,
HBOCZ,21,male,full,2995.01,3.1,mid,56.0,-5.8,6.0
XY1KR,44,male,full,2796.76,2.0,mid,55.0,0.5,7.0
DSSLL,42,female,morning,1490.44,5.6,junior,41.0,-3.8,6.0
MG95G,57,male,day,1854.21,4.4,senior,40.0,-3.6,8.0
J85SN,22,male,day,1717.74,4.2,mid,59.0,0.4,
DVHQH,50,female,day,1742.39,3.6,senior,62.0,-1.6,6.0
SSS2J,25,female,day,1832.82,4.1,senior,50.0,-0.5,9.0
5RU4L,16,female,full,2457.17,1.0,junior,33.0,-2.4,7.0
9OWTF,48,male,full,2955.33,2.5,mid,56.0,,
T90E3,40,male,day,2058.96,13.3,mid,66.0,-3.8,7.0
XCXB2,17,male,day,1877.82,5.5,elite,59.0,,8.0
7GJTM,16,female,day,2191.47,3.4,junior,49.0,,5.0
QGBGF,25,female,full,2979.68,1.8,junior,60.0,,5.0
XRTBH,19,male,day,1721.92,3.8,junior,51.0,1.8,6.0
NTQ0F,36,male,full,3262.13,5.3,mid,38.0,-30.0,6.0
LZBAD,66,male,day,2186.63,3.0,junior,48.0,-0.7,6.0
VZ3J1,55,female,morning,1760.36,3.2,mid,47.0,,6.0
FG3PP,18,female,morning,1437.01,2.5,mid,33.0,,8.0
3GI8H,34,female,morning,1684.84,3.2,mid,55.0,-0.7,6.0
F9PP4,37,male,morning,1497.54,4.7,senior,56.0,-6.9,
Z8WP8,16,female,vip,5488.62,0.6,senior,58.0,-1.8,7.0
VD60E,18,female,morning,1886.65,2.1,junior,51.0,0.5,8.0
CZWFG,26,male,morning,1532.87,5.3,senior,71.0,-3.3,6.0
XG89B,21,male,full,3290.13,4.0,elite,62.0,-2.1,7.0
8X62K,41,female,day,1907.24,3.6,senior,48.0,-1.9,7.0
NAS54,19,female,morning,1835.07,2.1,mid,33.0,1.3,6.0
RE2U8,31,male,day,1568.85,7.2,senior,56.0,,5.0
QVV7Y,45,female,full,2993.51,4.5,mid,49.0,-3.7,7.0
LJYQM,26,female,morning,1565.99,3.8,mid,51.0,,8.0
3STDJ,32,female,day,1962.25,4.3,senior,48.0,,7.0
BVC7U,37,male,morning,1091.93,3.9,junior,,,7.0
NXUQR,31,female,morning,1809.68,3.1,mid,57.0,,7.0
A6EDD,35,female,morning,1617.59,4.1,senior,37.0,-1.6,9.0
TJ80C,20,female,morning,1435.05,0.5,junior,42.0,0.2,5.0
VE86Z,60,male,morning,1251.88,3.2,mid,50.0,-2.2,
LQL6Y,16,female,morning,1563.61,4.6,elite,50.0,-0.6,8.0
OS4PR,34,female,morning,1735.79,6.1,mid,45.0,-4.0,
VP1VV,32,male,day,1583.71,3.2,senior,45.0,-5.3,6.0
RA8NB,45,male,morning,1372.27,3.3,junior,53.0,,6.0
QFISJ,43,male,vip,5830.49,1.2,mid,53.0,-5.6,7.0
P0AVS,31,male,day,2098.98,2.9,mid,45.0,2.6,7.0
8ENHC,16,female,morning,1412.01,3.5,senior,45.0,-3.5,8.0
GODD9,50,male,day,2244.11,3.6,mid,45.0,,7.0
OAHJ2,22,female,morning,1544.41,2.5,junior,41.0,4.3,7.0
S6DG6,19,male,day,2080.33,6.0,senior,39.0,-3.7,8.0
H42U6,26,male,day,1824.9,5.1,mid,29.0,,9.0
TB89Y,42,male,full,3128.21,5.4,senior,74.0,-0.9,7.0
4S786,23,female,morning,1541.45,3.9,mid,38.0,1.5,9.0
8X8BD,56,male,vip,5520.13,1.9,senior,57.0,-2.5,7.0
XKAWB,31,female,vip,5586.74,5.1,mid,57.0,,7.0
7CZTT,25,female,full,3643.14,3.6,mid,54.0,-6.3,
STRBM,34,female,day,1651.9,5.0,mid,53.0,2.1,5.0
TQIAN,33,female,morning,1685.83,2.0,junior,55.0,0.9,7.0
DYGIU,42,male,morning,1479.23,3.8,elite,64.0,-2.2,8.0
SMKXG,58,male,day,1628.65,4.3,mid,59.0,0.5,7.0
DM0E7,25,female,morning,1239.33,2.0,mid,46.0,3.4,
523RY,38,male,vip,4644.86,4.9,senior,51.0,,7.0
YLREA,32,female,day,1987.34,4.0,senior,57.0,1.2,5.0
N8RPU,45,male,full,2255.26,4.2,mid,33.0,,8.0
SM0VX,22,female,morning,1529.26,6.5,elite,63.0,-1.2,6.0
INIKY,18,female,morning,1311.89,4.3,senior,51.0,-3.5,8.0
YULT9,16,male,day,2314.2,4.1,mid,45.0,-3.0,9.0
M0ZVI,52,male,vip,6704.54,0.5,senior,63.0,-4.2,7.0
Q7VSX,16,female,vip,45.97027361144205,3.1,junior,51.0,,7.0
EEWLO,35,female,day,1779.55,3.0,junior,18.0,,8.0
JPKFW,42,male,day,2035.41,5.8,mid,54.0,,7.0
AVD3P,38,male,day,2174.9,2.1,mid,55.0,-7.8,5.0
CNJ10,29,male,day,1756.81,4.8,senior,51.0,-2.9,5.0
3J0OK,59,male,day,2081.2,3.8,mid,54.0,-3.7,9.0
LGWBH,30,female,morning,1585.71,4.2,junior,,,5.0
ZZ1O5,16,female,morning,998.29,2.3,junior,35.0,-2.3,5.0
XFDNV,31,female,day,2241.18,1.9,mid,40.0,,6.0
XOWKT,36,female,morning,1459.66,2.6,junior,39.0,-0.6,6.0
8YM7I,33,male,day,1816.17,4.6,elite,69.0,,9.0
SBWHG,52,male,morning,1700.85,1.0,junior,41.0,1.9,4.0
PUQNR,40,female,day,2233.44,2.6,mid,38.0,18.0,7.0
CLBVM,36,female,full,3762.04,4.5,senior,50.0,1.5,7.0
KO9WT,16,female,morning,1649.31,3.3,junior,21.0,0.5,7.0
38KX8,54,male,day,2051.17,3.5,junior,39.0,0.6,6.0
S3MOH,48,male,day,2000.71,2.9,junior,50.0,0.5,6.0
PPW64,53,male,vip,5887.26,3.6,junior,49.0,-2.8,7.0
2UN55,36,female,day,2290.89,4.6,senior,57.0,18.0,8.0
BIGWR,30,female,vip,6596.48,0.5,junior,,,8.0
3PGBD,39,female,vip,5996.06,4.0,senior,70.0,,8.0
DHEVW,48,male,vip,5892.59,1.1,mid,86.0,,8.0
9WOL6,34,female,full,3147.82,3.1,senior,57.0,,9.0
DCMFW,32,female,morning,1494.53,3.5,senior,42.0,,
DD35T,22,female,full,2759.15,0.8,mid,47.0,,8.0
RVEMF,19,female,vip,5845.87,1.6,mid,53.0,-0.5,7.0
Q4D92,41,female,morning,1208.0,3.8,junior,51.0,,5.0
P8DYP,37,female,vip,5062.15,3.4,senior,,-1.7,7.0
9PCR0,29,male,full,3159.76,4.4,elite,62.0,1.8,7.0
9OPCZ,29,female,day,2027.41,3.3,senior,35.0,-0.7,9.0
SPMG4,16,female,morning,1527.3,4.6,senior,50.0,-2.0,8.0
V2J22,30,female,day,2411.03,4.6,mid,58.0,,8.0
ZN1OW,29,male,full,2502.91,5.0,mid,53.0,0.3,8.0
UWL45,52,male,day,2088.72,2.5,mid,43.0,-4.5,6.0
L0VGP,46,female,full,3394.14,4.4,senior,68.0,0.9,7.0
BVSK0,35,male,day,2666.56,3.3,mid,44.0,,8.0
5H70P,53,male,full,3122.74,2.2,mid,38.0,-2.1,9.0
MS8L5,16,female,day,1727.54,3.8,mid,62.0,-5.0,8.0
I7VML,19,female,morning,1439.77,3.8,junior,46.0,-4.0,7.0
7WXOP,28,female,day,1773.06,4.0,senior,43.0,3.7,8.0
QNDN3,29,female,full,3726.02,3.3,senior,57.0,-0.7,6.0
PYVUM,47,female,full,2790.07,2.5,mid,41.0,0.9,6.0
1NMJR,25,female,day,1928.16,2.5,senior,47.0,,
MQV5K,33,female,morning,1811.83,3.0,mid,32.0,-0.8,6.0
92ELJ,39,female,morning,1367.43,3.1,mid,40.0,,8.0
K5ZAH,27,female,morning,1771.71,4.2,senior,36.0,5.1,7.0
CGZ78,16,female,full,2273.02,3.8,senior,62.0,,8.0
TDWSW,36,female,day,2020.13,2.5,senior,35.0,,
KDPE9,16,male,vip,6584.76,3.0,elite,66.0,-4.5,8.0
62CV0,31,male,full,2531.12,2.1,junior,15.0,,6.0
NE8UA,67,male,vip,5419.75,1.1,mid,64.0,-2.0,8.0
1K7U4,23,female,full,2407.39,4.4,mid,47.0,,6.0
P7OFX,38,female,full,2184.62,4.9,mid,47.0,,6.0
9FOBQ,24,female,day,2472.93,4.9,senior,52.0,-2.1,
U3PW2,27,male,morning,1510.38,5.0,mid,27.0,-2.4,8.0
K22PJ,36,female,vip,5314.47,4.7,senior,46.0,,8.0
0SFL1,44,female,morning,1592.32,5.2,mid,48.0,-3.0,6.0
YBDQC,36,male,morning,1440.09,3.9,mid,46.0,2.8,6.0
OC9NY,31,female,vip,5748.72,1.4,mid,57.0,-3.7,8.0
JHMDT,16,female,vip,5441.76,2.5,elite,67.0,-2.5,7.0
ETYQM,29,female,morning,1427.04,2.5,senior,61.0,-5.4,5.0
2EFTY,16,female,morning,1735.64,4.5,mid,41.0,-2.5,6.0
OVQG1,39,female,morning,1787.48,3.6,senior,37.0,-3.2,6.0
7R6VW,30,female,morning,1595.15,5.2,senior,40.0,,
K9T9M,46,female,full,3066.13,5.0,senior,49.0,-2.7,8.0
7ZR77,16,female,morning,1509.58,3.2,mid,46.0,,6.0
FQ68Z,31,male,morning,1469.76,4.6,junior,40.0,-0.7,4.0
HE83C,55,female,full,2583.6,4.5,senior,60.0,,8.0
LK8Z3,36,female,morning,1655.15,2.0,mid,60.0,-1.3,8.0
7KP5X,26,male,vip,6332.47,3.8,mid,51.0,-1.9,9.0
7A9HW,22,female,full,3380.72,5.1,senior,59.0,-0.4,8.0
LJ94Y,35,female,full,2542.88,3.1,mid,55.0,,6.0
TWB4U,50,female,full,3375.31,2.1,junior,48.0,-3.4,
RYYCX,24,female,full,2715.76,1.8,junior,40.0,,7.0
5H7TS,46,male,full,2426.23,2.0,junior,53.0,0.1,5.0
2T1W5,36,female,full,2493.08,3.3,elite,45.0,,5.0
2P7BV,37,male,morning,1233.19,3.9,senior,49.0,-2.7,9.0
R5RE6,40,female,full,3300.47,3.9,mid,32.0,0.3,5.0
58JII,16,female,vip,6317.33,3.0,senior,93.0,-4.0,8.0
H9QYE,36,male,full,3494.28,0.7,mid,38.0,,7.0
0SMO2,25,male,day,1991.95,2.2,elite,52.0,,8.0
X3ZKL,53,male,full,2807.0,3.5,senior,71.0,1.4,8.0
PPPPD,66,female,full,2460.79,3.8,mid,20.0,,7.0
NNHTV,22,female,morning,1432.73,3.0,elite,63.0,,9.0
18JLZ,48,male,vip,5104.98,2.8,senior,61.0,-1.0,7.0
034LD,27,female,full,2935.05,6.9,senior,54.0,,6.0
HJCGZ,21,male,day,2200.74,2.5,mid,,-1.1,8.0
ILO4B,33,female,full,2769.38,4.1,mid,41.0,-2.2,9.0
J85KD,46,male,day,2158.42,3.1,junior,42.0,-1.8,7.0
B42M3,28,female,morning,1719.95,4.8,senior,53.0,-2.8,6.0
15S0P,45,male,full,2771.43,3.7,mid,77.0,-1.9,6.0
EYEB5,30,female,morning,1654.75,0.6,mid,46.0,-2.4,
ILULI,37,female,full,2761.26,5.8,mid,61.0,,6.0
WJY6U,32,female,morning,1635.86,12.4,senior,51.0,-2.7,7.0
JRQSZ,33,female,day,1701.28,2.3,mid,61.0,1.9,5.0
01E2O,32,female,day,2216.18,2.3,junior,45.0,-5.9,6.0
G8WOU,40,female,morning,1557.06,3.6,mid,46.0,,6.0
AUC59,75,male,vip,4662.84,1.1,senior,54.0,,7.0
BLEAB,48,male,vip,4823.83,2.5,senior,60.0,,7.0
A7PB1,38,female,morning,1353.16,3.6,junior,41.0,,10.0
VR8BQ,23,female,morning,1471.4,4.4,senior,42.0,,8.0
HL9RY,16,female,day,2091.72,2.7,junior,71.0,1.7,6.0
YDPZ4,16,female,day,2146.21,3.8,mid,42.0,-2.0,
6LIDA,39,female,vip,5445.15,2.9,senior,67.0,,9.0
BS8BK,32,male,vip,5670.57,0.5,mid,,-5.1,5.0
WAAFH,21,female,morning,1637.77,3.7,mid,47.0,-5.0,5.0
PDPD6,35,male,vip,5443.82,1.0,mid,,2.3,6.0
GV6C9,26,female,morning,1476.61,2.5,mid,35.0,-1.9,7.0
PBZ21,26,female,full,3004.43,3.0,junior,60.0,0.5,6.0
5QAMR,28,female,full,2303.23,0.5,junior,41.0,,6.0
0VWH4,26,female,morning,1494.05,4.7,junior,24.0,-12.0,7.0
C5GR4,17,male,day,1972.47,3.8,junior,60.0,,7.0
9YDPN,23,female,morning,1236.39,2.9,elite,42.0,-6.0,8.0
5EV5V,28,female,full,3269.0,3.8,senior,52.0,2.9,8.0
697XQ,26,female,vip,5420.23,2.1,mid,52.0,1.8,7.0
MJ6CO,65,female,day,2205.72,1.5,junior,32.0,-2.7,
83DR2,28,female,morning,1409.05,5.1,elite,61.0,-4.1,7.0
S93UH,27,female,full,3210.1,3.8,elite,54.0,-4.2,8.0
TDJQ9,43,female,morning,1551.83,2.0,senior,65.0,0.5,9.0
YYFJ3,21,male,day,1856.52,2.2,junior,37.0,-0.4,9.0
0O3SG,32,male,full,2991.9,2.9,mid,45.0,,7.0
AXW9A,43,female,vip,6109.47,3.7,mid,44.0,-5.2,7.0
0ZEZF,55,male,full,3168.67,9.8,mid,37.0,0.3,8.0
F0EFI,30,female,day,2023.99,3.7,elite,55.0,,9.0
Q92YV,41,female,vip,6439.12,1.6,mid,50.0,-4.7,8.0
ZBC9E,22,male,morning,1610.27,3.4,mid,57.0,,7.0
9VTAE,33,female,vip,6089.35,2.0,elite,47.0,,7.0
E6BDI,38,male,morning,1391.19,6.3,mid,40.0,,7.0
WMGV5,35,male,full,3672.53,1.0,mid,42.0,-0.3,5.0
P89Q7,33,male,day,2191.85,4.2,junior,52.0,3.5,6.0
26OBS,53,male,vip,6037.9,0.5,mid,44.0,0.2,6.0
D4ODD,33,female,full,3493.36,2.4,senior,62.0,-2.5,10.0
TMCBF,59,male,vip,6213.06,1.2,senior,68.0,-3.1,6.0
HO1UV,30,male,vip,6892.51,2.3,senior,58.0,-1.2,8.0
MJEKO,27,male,day,1444.51,3.7,mid,48.0,-4.6,8.0
LLC50,30,male,full,3171.49,3.0,mid,68.0,2.8,7.0
E09BG,35,female,day,1864.61,2.8,mid,52.0,-7.0,7.0
5RCZ5,39,male,day,1956.88,2.7,senior,37.0,,8.0
R8E14,57,female,day,1753.48,5.5,elite,54.0,,9.0
IWCMN,31,female,full,2805.47,3.0,senior,62.0,0.4,7.0
VUOT1,35,male,day,1712.29,3.8,mid,42.0,-2.1,7.0
LHNB7,25,female,morning,1440.67,1.7,mid,65.0,,5.0
7FMFM,33,female,vip,5915.93,1.0,mid,56.0,0.7,10.0
FNZDT,40,female,full,2439.77,4.8,junior,50.0,-1.2,8.0
EX339,39,female,morning,1454.85,3.4,mid,16.0,-1.3,9.0
KU4EH,16,female,morning,1426.62,5.8,senior,51.0,5.8,7.0
S0CI2,40,female,morning,1688.85,3.9,junior,36.0,,4.0
06EGH,51,male,day,1387.32,6.0,senior,45.0,-2.8,6.0
3SXNR,28,female,day,2023.08,4.2,elite,59.0,3.7,6.0
62QOK,25,female,day,2584.72,5.4,junior,42.0,,6.0
AKG4S,16,female,morning,1071.2,4.4,mid,22.0,1.1,6.0
LYJ1P,23,male,full,2995.66,2.3,junior,36.0,,7.0
4CZW6,32,female,day,2066.46,3.7,senior,63.0,2.1,7.0
WRJWO,29,male,day,1749.42,2.7,mid,38.0,-8.2,8.0
B37QI,29,male,day,2031.71,2.6,senior,57.0,-5.9,10.0
I0XMK,22,male,morning,1426.52,2.7,mid,55.0,,7.0
O8AOM,31,female,morning,1525.54,6.0,senior,61.0,2.0,6.0
JHHQ2,38,male,full,3204.66,5.0,junior,74.0,,7.0
YGTRD,31,male,day,2107.83,3.4,senior,49.0,,7.0
W7OJO,47,male,vip,6703.66,1.5,junior,47.0,,7.0
V3BIG,44,male,day,2050.49,3.5,senior,53.0,-9.8,7.0
LT373,33,female,day,1581.19,4.0,senior,58.0,-6.4,8.0
OYAMS,18,male,vip,6619.78,1.9,mid,72.0,-3.5,8.0
7MOKC,31,female,morning,1284.48,3.6,senior,52.0,-1.9,5.0
UGX6U,32,male,vip,6451.77,4.3,senior,65.0,,9.0
GGUTP,32,female,day,2236.22,4.4,mid,49.0,-4.5,9.0
UI6ZR,29,female,day,2201.92,5.7,elite,43.0,,9.0
EAUVR,32,female,morning,1564.67,3.6,junior,34.0,1.0,4.0
YB13G,47,male,full,2899.87,6.9,senior,44.0,,9.0
AR7W2,30,male,vip,5319.59,0.5,mid,39.0,-1.8,8.0
8FWJG,40,male,full,3169.78,5.6,senior,72.0,,
RFZ03,34,female,day,1740.5,4.8,elite,58.0,-1.7,7.0
JJCQP,33,female,morning,1632.65,2.4,mid,47.0,-3.4,5.0
P2JFH,20,female,full,2929.47,4.2,senior,55.0,,
PRPVD,25,female,full,2907.48,3.6,junior,51.0,2.7,6.0
DN841,48,male,full,3082.42,2.0,senior,52.0,-4.9,7.0
KP29O,43,female,day,2102.27,3.4,elite,81.0,,
EMGTV,49,female,full,3056.09,3.0,mid,65.0,,7.0
BHGEP,47,female,day,1806.36,5.7,mid,43.0,-3.6,7.0
OPV9F,37,female,day,1754.19,3.4,junior,63.0,-3.9,6.0
4HG1G,31,female,morning,1322.91,3.2,mid,30.0,4.6,8.0
U0RNA,35,female,morning,1222.24,5.4,mid,35.0,,8.0
8E0WF,42,female,day,2302.72,2.9,mid,42.0,,7.0
GRGNL,25,female,full,2552.95,5.6,elite,60.0,0.6,8.0
UGDZH,34,male,vip,6832.58,2.2,mid,56.0,0.8,7.0
LP2Z6,26,female,morning,1555.3,5.4,senior,44.0,,9.0
JA4CN,47,male,day,2214.65,3.7,senior,42.0,0.1,
8KB6P,32,female,day,2208.07,1.2,mid,25.0,-1.7,7.0
MWK07,35,female,full,3405.37,6.2,senior,49.0,-2.1,7.0
BWZL6,16,female,full,2382.39,3.0,mid,69.0,-5.6,7.0
T8E2C,29,female,morning,905.08,5.1,senior,60.0,,7.0
2PJYT,45,female,full,2550.05,2.1,elite,37.0,,6.0
36S6V,20,female,morning,2070.94,3.0,senior,46.0,-3.6,
327P7,28,female,vip,6285.98,1.9,mid,,,
ACU83,36,female,vip,6120.41,3.5,junior,32.0,1.6,9.0
Z87LC,42,female,full,3098.16,2.7,mid,46.0,-2.3,6.0
DMR0I,47,male,morning,1518.75,4.2,mid,23.0,-3.1,7.0
WECYM,28,male,day,1990.98,3.4,mid,33.0,-5.1,6.0
U04V4,16,female,morning,984.17,6.0,elite,47.0,,5.0
84TS3,16,female,full,2563.12,2.9,mid,58.0,-6.2,6.0
0KVIC,28,female,morning,1488.61,5.7,senior,43.0,-0.5,8.0
KHWHN,22,female,day,2212.53,5.6,mid,46.0,-6.0,7.0
UQL9P,44,male,day,2204.66,5.7,elite,65.0,-4.5,7.0
L8FQJ,43,female,full,3297.15,3.7,mid,54.0,3.2,7.0
ZAU9S,52,male,vip,5838.18,1.2,senior,70.0,,
0NSMP,34,female,vip,5508.57,2.8,elite,,1.1,8.0
3ELTL,23,female,day,2177.12,2.9,mid,54.0,,8.0
1CS9Z,31,female,morning,1306.52,4.9,mid,42.0,-3.0,7.0
JXOHR,45,male,full,3489.9,4.0,senior,58.0,-5.6,6.0
NOZFX,34,male,day,1918.6,3.6,mid,30.0,,8.0
XTELH,50,male,day,2524.55,1.8,mid,45.0,-7.3,7.0
CW67H,33,female,morning,1630.99,3.5,senior,31.0,,8.0
BJQNY,41,female,full,3402.22,2.8,senior,68.0,,6.0
2SOUT,28,female,day,1923.6,4.2,senior,24.0,,6.0
L2ZCP,26,male,full,2935.99,3.1,mid,57.0,,7.0
C3XXB,39,male,day,2080.71,4.5,mid,45.0,-2.1,5.0
6PWPI,30,male,full,2326.8,3.0,mid,55.0,-2.0,8.0
9GV4N,29,male,morning,1584.57,4.8,mid,27.0,-1.9,8.0
JO1S0,34,female,morning,1459.11,4.9,elite,58.0,-6.1,8.0
7MPER,25,female,vip,8239.73,0.5,mid,55.0,-2.7,7.0
8KNKG,31,female,day,2017.28,5.2,senior,79.0,,7.0
F97G4,16,female,day,1875.75,1.9,mid,42.0,-1.7,6.0
TE93A,49,female,day,1647.32,1.6,mid,45.0,,6.0
FNW12,36,female,day,2483.82,4.5,junior,27.0,-8.0,8.0
PCRSR,30,female,day,2062.72,2.5,mid,47.0,-9.1,7.0
JU81E,38,male,full,3532.52,2.6,senior,63.0,-4.7,6.0
VT6MR,45,male,day,2015.91,5.0,elite,60.0,,7.0
OAN8K,66,male,day,1927.49,2.8,mid,45.0,-2.7,8.0
T60XY,30,female,vip,6526.3,1.6,senior,,,8.0
ZZOCT,55,male,full,3133.99,4.7,mid,53.0,-1.8,10.0
RMC6J,47,male,day,1777.28,3.2,senior,28.0,1.7,8.0
KSCQS,22,male,morning,1355.35,4.5,senior,29.0,-3.4,8.0
7OK3F,34,female,full,3442.78,1.9,mid,38.0,-0.9,
CDGEB,33,female,day,1454.47,4.6,senior,61.0,-1.5,7.0
1QBTR,39,female,full,3363.03,3.1,mid,45.0,0.9,6.0
RS9MK,31,female,morning,1298.46,3.7,mid,45.0,1.2,5.0
RDE7N,37,male,full,3761.4,1.9,mid,32.0,0.7,7.0
6GW09,50,male,vip,5201.99,2.4,mid,58.0,0.9,6.0
GQ85K,20,female,morning,1003.27,7.4,mid,38.0,,5.0
19JLE,34,female,day,1891.92,12.7,senior,59.0,,7.0
LHWQO,46,male,vip,6482.82,3.4,mid,38.0,-3.4,10.0
R2ZLC,34,female,day,2067.79,6.6,mid,45.0,,8.0
9HIF1,39,female,morning,1735.96,3.8,mid,35.0,-5.9,8.0
N9766,31,female,vip,6275.12,2.0,senior,60.0,1.2,9.0
REGQJ,42,male,vip,4747.73,3.0,senior,87.0,-1.5,8.0
5AIB2,28,male,day,2019.52,3.2,mid,30.0,-0.6,5.0
KSL73,23,female,full,2360.91,3.8,elite,59.0,-1.1,10.0
383HU,20,female,morning,1634.91,4.4,senior,53.0,1.7,8.0
5S17D,27,female,full,2258.85,2.3,mid,41.0,,8.0
KWMR5,51,male,day,1775.3,4.7,senior,66.0,-4.8,6.0
6C27N,35,male,morning,1775.93,3.5,senior,66.0,,
GXCEY,31,female,morning,1547.66,4.3,senior,69.0,1.6,8.0
F3ZWO,16,female,full,3257.6,3.1,mid,32.0,0.7,6.0
6CY2Z,42,female,morning,1531.47,3.4,mid,37.0,-3.6,8.0
G6W9T,20,female,morning,1699.17,3.2,elite,,0.5,9.0
M7WCR,28,female,day,1864.39,5.4,mid,55.0,-4.7,6.0
C9MT1,29,female,day,1812.32,3.7,mid,32.0,-7.9,6.0
MUPLD,35,male,morning,1591.58,5.1,elite,70.0,-1.1,7.0
3SB9W,32,female,day,2077.79,10.2,mid,58.0,1.1,7.0
QLN58,63,female,day,2426.28,4.5,elite,62.0,,
QGG4S,40,female,morning,1489.64,2.9,junior,34.0,4.1,5.0
SI7GO,36,female,morning,1120.49,5.9,mid,88.0,0.0,7.0
MWBVG,16,male,day,1737.98,3.3,junior,47.0,,7.0
I2H2M,26,female,full,3034.07,4.1,mid,63.0,,
3ZAP6,54,male,day,1820.21,4.3,senior,50.0,-2.7,8.0
E3NIL,30,female,full,3301.19,6.0,senior,44.0,3.1,6.0
UIJRL,22,female,day,1994.86,4.9,elite,64.0,,8.0
MV6L7,45,male,full,3009.35,5.8,senior,51.0,,8.0
0MW04,26,female,full,3106.86,5.5,mid,77.0,-0.1,7.0
V8TQ1,52,male,full,3291.19,3.5,mid,59.0,,4.0
GOWYP,33,female,morning,1645.77,5.7,elite,42.0,-2.9,7.0
AIN4O,24,female,vip,5010.58,0.5,junior,63.0,,7.0
AR1B0,56,female,day,1710.87,5.3,mid,54.0,-3.2,6.0
EYXH0,35,female,day,1944.34,4.1,mid,55.0,-1.7,8.0
XOFI3,33,male,full,3057.09,4.5,senior,68.0,-2.0,7.0
3Z2RY,21,male,day,2202.49,7.5,elite,57.0,-1.7,7.0
Q0QAA,38,male,vip,7307.09,2.7,elite,71.0,,8.0
BNFQE,31,female,day,1951.48,5.5,junior,42.0,,7.0
JJFKI,28,male,full,3110.35,3.1,mid,39.0,-6.6,5.0
W1JEK,19,male,full,3329.65,1.7,mid,40.0,,8.0
YROJY,32,male,morning,1347.39,3.3,senior,45.0,-3.4,
G8DL6,33,female,day,2198.53,2.9,mid,41.0,-1.0,7.0
OXRQ2,47,female,vip,5243.66,1.8,junior,55.0,-1.1,7.0
X28AU,30,female,full,3619.59,4.0,mid,63.0,-3.0,7.0
6D70T,44,male,day,2328.11,2.2,mid,44.0,-1.9,8.0
UGHFV,55,male,morning,1335.29,3.6,senior,49.0,-3.8,8.0
B8RVI,16,male,full,2860.36,1.7,junior,47.0,0.5,6.0
DMB9N,19,female,full,3114.94,5.3,elite,58.0,-4.5,10.0
EV58K,25,male,day,1846.91,11.4,elite,75.0,,
JQQSR,53,male,morning,1405.71,5.1,junior,61.0,-3.0,6.0
SX7QQ,18,female,morning,1297.62,3.9,senior,50.0,,8.0
PC65G,16,female,day,2510.59,5.2,elite,42.0,-6.5,8.0
LZPZB,41,female,vip,5712.79,3.1,senior,66.0,-6.6,8.0
PT7M0,25,female,day,1968.87,3.0,senior,47.0,-3.9,6.0
KLKRG,27,female,morning,1936.82,3.5,senior,45.0,-5.0,8.0
WQ11P,23,female,day,2175.74,7.0,elite,65.0,-2.7,8.0
YYG82,20,female,day,2238.22,2.7,junior,59.0,-3.1,9.0
JD7ES,34,female,day,1706.24,4.2,senior,31.0,0.3,7.0
3HRGB,41,female,day,1988.38,4.3,mid,,,6.0
LY6LE,50,male,full,2961.36,5.8,elite,56.0,0.4,7.0
HDYRQ,16,female,vip,5963.29,0.5,junior,54.0,-4.9,6.0
ZKZX9,35,female,day,2100.33,4.1,mid,34.0,-1.2,7.0
XDI1M,52,male,morning,1506.91,6.1,mid,27.0,,7.0
258YN,27,female,full,2731.06,4.5,elite,70.0,,8.0
W0YLP,40,male,day,2149.67,4.8,mid,40.0,,5.0
1EOB8,31,male,full,3581.59,4.2,senior,58.0,,10.0
FXGOG,25,female,vip,6126.13,1.3,mid,22.0,,8.0
VHQP6,16,female,vip,5773.14,2.5,junior,77.0,-9.7,6.0
VCNX1,51,female,day,1950.44,5.1,elite,39.0,,9.0
CJUDS,26,female,morning,1408.13,1.6,mid,45.0,-5.3,8.0
K7WV3,43,female,morning,1529.94,5.0,senior,63.0,-1.5,8.0
7QY7Q,16,female,full,2885.59,8.6,senior,55.0,-1.9,7.0
V5EMX,36,female,vip,5978.25,3.0,senior,49.0,-2.7,7.0
AJE2L,33,male,day,2664.42,3.8,mid,45.0,,8.0
47B3F,16,female,morning,1335.77,5.8,senior,48.0,-6.4,8.0
2V78K,47,male,day,2046.51,2.7,mid,64.0,-6.4,9.0
V695K,29,male,day,2140.37,5.7,mid,50.0,2.6,5.0
8MDPR,26,male,vip,6290.96,2.1,elite,,3.6,9.0
7TPHD,28,female,vip,6365.71,2.2,senior,78.0,-2.1,8.0
VBQT6,26,female,full,3352.42,4.0,senior,42.0,1.0,8.0
930RB,34,male,day,2187.57,10.2,mid,26.0,-2.2,8.0
8VUYV,37,female,day,2132.91,4.0,junior,36.0,,7.0
O8EOG,30,female,day,2031.76,0.7,junior,65.0,,
UEQXQ,23,male,full,3106.24,2.5,mid,42.0,,6.0
60K0U,46,female,full,2633.96,2.9,senior,66.0,-0.4,8.0
4T026,48,female,morning,1424.53,3.6,junior,46.0,-1.5,6.0
JLE9M,27,male,vip,6353.92,1.1,mid,83.0,-0.9,7.0
AJIL6,16,male,day,2461.66,4.2,elite,60.0,-2.0,8.0
UPBHH,42,male,morning,1384.45,1.6,junior,62.0,3.2,9.0
DP2OT,31,male,day,2000.3,4.6,junior,34.0,,5.0
V2N7D,38,male,vip,6787.93,2.9,mid,46.0,,6.0
ZPG6J,29,male,vip,4902.57,2.0,mid,47.0,-0.7,6.0
EILGR,46,female,full,3104.41,3.2,senior,68.0,-3.1,8.0
QHBB5,24,female,vip,5126.48,0.5,junior,54.0,,7.0
V3907,37,female,day,1649.53,3.4,mid,61.0,-0.3,7.0
NLTTB,38,female,day,1681.28,4.4,junior,38.0,-5.1,6.0
CSB9E,55,male,day,1879.88,4.5,elite,68.0,1.1,8.0
W0CNJ,35,male,full,3275.27,3.8,junior,53.0,-3.0,6.0
75REI,30,male,day,2126.8,1.5,junior,41.0,-5.5,6.0
2F4TR,27,female,full,3128.59,3.5,mid,62.0,-2.2,9.0
X2BJ4,43,female,full,3291.22,4.6,elite,44.0,-1.7,7.0
I7CET,45,female,full,2928.4,3.3,mid,37.0,,8.0
J15GO,59,male,day,2038.83,2.6,mid,43.0,,7.0
4BDFG,27,female,morning,1023.05,4.0,senior,64.0,-4.4,7.0
WZNPF,32,female,morning,1475.44,4.7,mid,48.0,-5.6,9.0
ALMU1,43,male,full,2979.89,1.8,mid,41.0,,8.0
IFE9A,39,male,morning,1532.45,0.8,mid,52.0,-0.7,
Y2DOQ,55,male,day,23.10947755958922,5.5,senior,50.0,0.0,8.0
C8PZJ,45,female,morning,1418.8,4.2,senior,50.0,,
DXTEZ,49,male,full,3541.96,4.0,mid,40.0,,
ZX4GH,30,female,full,2849.22,4.5,senior,40.0,-4.1,
2MXST,29,female,day,1806.0,2.5,mid,35.0,-0.7,4.0
XRN23,36,male,full,2624.91,5.5,senior,44.0,1.0,
HUTD8,36,female,day,2165.34,2.4,elite,40.0,,9.0
GKV9K,49,female,morning,1869.09,3.5,mid,46.0,2.1,9.0
95I2L,47,male,full,2424.47,2.9,mid,44.0,,5.0
RQD7T,22,female,day,1958.87,2.0,junior,59.0,,7.0
362Q1,24,female,morning,994.84,8.0,mid,45.0,-2.3,8.0
1V5EW,28,female,full,2888.39,3.7,mid,62.0,,7.0
ZGVMF,45,female,morning,1460.11,5.1,junior,44.0,,7.0
EX12O,39,female,morning,1504.7,4.9,senior,36.0,,7.0
RFWJD,42,female,morning,1448.62,3.4,senior,41.0,2.8,7.0
LOG54,27,female,morning,1433.47,3.8,elite,44.0,,9.0
D4Y80,18,female,morning,1281.04,1.3,mid,16.0,-1.1,6.0
65TKM,35,male,full,3921.87,4.3,mid,60.0,-0.3,7.0
WZJCL,45,male,day,1953.78,3.2,junior,40.0,-6.3,6.0
B1JBT,53,male,day,2312.7,4.0,junior,62.0,-1.0,8.0
0V8KW,44,male,morning,1566.21,4.4,senior,61.0,-2.0,8.0
V7CWD,40,female,morning,1162.22,3.7,mid,19.0,-3.0,8.0
AA3RJ,33,male,full,3029.34,4.9,mid,46.0,-1.3,7.0
2XB54,28,female,day,1797.04,4.7,senior,42.0,-3.3,7.0
1KZCS,33,female,day,1965.45,5.8,senior,66.0,0.3,
M5M0C,32,male,day,1818.42,3.0,senior,47.0,0.9,
DVNFB,35,female,day,1674.58,5.4,senior,68.0,-4.1,8.0
XOJAH,35,female,full,3138.54,1.6,mid,56.0,-3.7,7.0
BQKNK,20,female,morning,1735.79,3.3,mid,43.0,1.3,7.0
RQMIL,56,male,full,2935.1,4.1,mid,46.0,,10.0
FYZC9,22,female,vip,5481.96,4.5,mid,77.0,,5.0
A4LIR,42,female,morning,1436.22,3.2,junior,39.0,-3.6,7.0
AYA9E,30,male,vip,6227.66,2.3,senior,82.0,2.9,7.0
YR55A,39,male,full,2884.46,1.7,junior,75.0,-0.9,
Q6EQE,36,male,full,2788.76,5.9,junior,50.0,,6.0
033K5,16,male,full,2534.12,6.1,elite,72.0,,7.0
CNUID,41,male,full,3084.8,3.4,mid,45.0,1.0,8.0
GH8AX,19,female,full,3338.87,1.5,mid,44.0,-0.3,8.0
FJJWE,16,female,morning,1610.83,4.2,senior,50.0,-2.3,9.0
PLHBN,53,male,day,2235.5,3.2,senior,34.0,-1.9,7.0
O8H3V,24,female,day,2020.13,3.1,mid,36.0,,8.0
7NMZO,16,male,vip,4956.31,2.5,senior,82.0,-1.7,9.0
YRUWQ,71,male,vip,5043.77,0.5,junior,70.0,,6.0
JK7DB,50,male,day,2072.64,3.4,junior,31.0,,5.0
38E33,28,female,morning,1310.9,4.0,mid,51.0,-4.0,4.0
LNYVB,28,male,day,1844.01,3.6,junior,34.0,-5.9,
1I7KJ,37,female,vip,5641.4,4.8,mid,58.0,1.1,7.0
HF6QM,16,male,vip,5544.31,2.7,senior,60.0,0.4,7.0
RQ8J2,21,female,full,2267.11,5.1,senior,59.0,1.6,8.0
MKHDU,26,female,morning,1798.46,3.9,mid,55.0,-0.2,8.0
JZCGJ,34,female,morning,2078.65,2.9,mid,37.0,,9.0
0QDF5,43,female,morning,1464.15,3.2,mid,48.0,,7.0
XTM4W,41,male,day,1794.45,1.7,mid,39.0,3.5,6.0
WC45K,42,male,vip,7003.0,1.5,junior,45.0,-1.9,6.0
NPFO8,23,female,vip,6323.98,4.2,mid,44.0,-3.5,7.0
M8ZEH,27,female,morning,1213.14,2.5,elite,69.0,-3.3,7.0
NP61O,47,female,full,3245.66,3.5,mid,69.0,3.6,6.0
NMMFL,35,female,full,3366.49,2.3,mid,58.0,-0.2,7.0
DPIXP,27,female,morning,1638.02,6.5,mid,47.0,-0.9,8.0
XXMSL,36,female,day,1612.28,4.2,elite,73.0,,8.0
ERPLT,26,female,full,2473.72,3.7,mid,45.0,-2.2,6.0
5KER2,34,female,day,2157.68,1.7,mid,56.0,-1.4,7.0
NBY1J,30,male,morning,1785.09,1.1,mid,47.0,-1.2,
O5B7H,52,female,vip,4905.64,1.9,mid,57.0,,5.0
50ZNY,22,male,vip,6755.67,2.0,mid,64.0,-4.1,8.0
IRLR6,31,female,day,1765.24,3.3,mid,39.0,,7.0
5GWTJ,34,female,morning,1428.56,4.0,mid,55.0,-3.1,8.0
TMG12,55,male,full,2170.14,1.5,senior,55.0,-1.4,8.0
YET7V,18,female,morning,1423.11,3.0,mid,38.0,-4.6,
VSW7G,30,male,full,2878.56,7.0,senior,55.0,-1.5,7.0
5WHBM,32,female,full,3214.23,5.1,mid,56.0,,8.0
XP9AE,42,female,day,2069.48,5.6,mid,67.0,-4.6,7.0
RM5CO,59,female,morning,1490.37,4.0,elite,55.0,-0.2,8.0
FJJPI,25,female,morning,1540.65,3.1,mid,45.0,-1.8,9.0
3H243,35,male,day,1787.31,3.4,mid,47.0,-2.6,6.0
WUYWZ,54,female,full,2502.57,3.8,junior,65.0,,7.0
N91P7,33,female,full,3022.68,5.4,junior,27.0,,7.0
BLKV4,25,male,vip,5972.58,5.8,elite,47.0,,8.0
SJFH0,38,female,full,3024.46,4.5,mid,53.0,,9.0
NO3LU,39,male,vip,6515.88,3.5,mid,59.0,-2.7,9.0
060Z1,23,female,vip,5416.78,2.0,senior,47.0,,8.0
761HI,47,male,day,1923.18,3.0,senior,42.0,-6.4,7.0
9UI2O,38,female,full,2598.32,1.9,junior,37.0,-4.6,
O0ZTB,27,female,day,1957.23,3.1,junior,61.0,-1.1,8.0
PEI7U,44,female,morning,1733.32,4.9,senior,61.0,1.5,7.0
LMOZE,19,male,day,2198.39,2.3,mid,47.0,-4.7,9.0
S0E7X,30,female,day,1978.36,3.9,senior,61.0,-0.2,9.0
CR1DA,32,female,morning,1403.0,2.9,elite,77.0,0.7,7.0
Y6JAQ,47,female,morning,1526.07,5.8,mid,63.0,-3.6,8.0
1J6VB,24,female,vip,5828.01,1.6,senior,60.0,-4.5,8.0
U6DUL,37,female,full,2521.04,3.1,junior,33.0,0.3,4.0
L1K79,38,female,day,2008.6,2.7,junior,51.0,2.3,6.0
NR69N,41,female,full,2516.87,3.8,mid,49.0,-3.7,7.0
O3SIS,39,female,vip,5548.63,0.5,junior,35.0,,5.0
JIYYJ,37,female,day,1521.72,5.0,mid,34.0,-3.8,8.0
IAMKW,33,male,full,3178.75,2.4,mid,55.0,-0.4,7.0
DDWKN,39,female,morning,1232.05,2.9,mid,59.0,-4.9,5.0
JTFAF,48,male,vip,7061.28,1.7,senior,59.0,1.0,7.0
BPRVA,46,female,day,2119.88,3.9,mid,32.0,,7.0
0ED3R,24,male,vip,4954.49,2.6,elite,71.0,-9.1,9.0
4WX5Y,29,male,day,2295.36,4.6,mid,50.0,-4.2,
S1B2R,42,male,full,3244.59,0.5,junior,58.0,-4.8,8.0
UZOT9,36,female,morning,1233.71,3.2,senior,62.0,-0.3,
X58NP,37,female,full,3356.88,3.9,junior,52.0,-4.8,5.0
0ABQS,27,male,day,1739.6,2.7,mid,41.0,,8.0
WVVDA,23,female,morning,1335.12,4.0,elite,55.0,,8.0
MOVTO,37,male,day,1753.66,3.0,mid,48.0,1.5,7.0
MT7ZC,62,male,full,3131.97,4.6,mid,45.0,,7.0
MHJDF,24,female,morning,1419.14,2.3,mid,35.0,3.9,6.0
SLT4W,19,male,full,3277.92,5.4,senior,56.0,5.5,10.0
6JOWN,31,female,full,2092.07,4.3,senior,69.0,1.9,
JZ7E8,33,female,vip,6325.84,1.8,junior,76.0,0.3,8.0
J8S09,38,female,morning,1216.52,5.2,senior,54.0,0.9,7.0
G11N9,16,female,day,2317.35,7.1,elite,59.0,-6.4,7.0
J38ZV,16,female,morning,1473.91,6.3,mid,50.0,,8.0
H3ROS,43,female,morning,1215.76,2.0,senior,54.0,-2.9,7.0
JEB04,20,female,day,1794.8,2.5,senior,58.0,1.3,8.0
RCFF4,51,male,day,2081.76,1.4,junior,24.0,-3.9,
24G9W,29,female,day,2186.2,5.4,senior,34.0,,
SW3XT,38,male,day,1943.43,5.1,senior,35.0,-3.7,8.0
QI2J0,22,female,day,2248.56,5.7,senior,27.0,,7.0
BRLJT,32,female,morning,1593.98,3.4,junior,54.0,,8.0
9W97R,16,male,day,2051.36,2.8,senior,50.0,-0.7,7.0
WG3FU,28,female,full,2447.07,5.4,senior,42.0,,9.0
E6RB7,40,male,day,1886.43,3.2,mid,45.0,,7.0
BZR84,37,female,morning,1488.51,4.1,junior,59.0,-6.1,7.0
RDPPH,31,male,full,2380.35,2.2,senior,55.0,-2.1,8.0
JWTA7,38,female,vip,6375.8,2.5,elite,81.0,3.4,7.0
HY5AA,60,male,vip,7671.64,2.2,junior,70.0,3.3,6.0
LCQZM,35,female,morning,1297.62,3.8,senior,55.0,5.4,6.0
G8KHG,23,female,morning,1549.37,5.1,senior,55.0,-6.2,10.0
2Q1VP,39,male,morning,1458.92,2.8,junior,53.0,-1.8,6.0
RDRZ3,29,male,day,1555.01,2.9,senior,46.0,,8.0
1J1DZ,57,male,day,1833.33,2.3,mid,44.0,0.4,7.0
VNRCD,31,female,morning,1151.78,3.0,senior,48.0,-1.7,8.0
INDJD,30,male,vip,5851.1,1.4,senior,65.0,-0.8,7.0
18M6J,22,female,full,3413.25,2.7,senior,51.0,-0.0,9.0
YP0B8,16,female,full,2632.0,3.7,mid,45.0,,6.0
46020,38,female,vip,5014.25,4.2,junior,53.0,-5.4,9.0
XH7J5,18,female,morning,1604.52,3.8,elite,58.0,2.1,8.0
LAJ0L,36,female,morning,1481.22,13.3,senior,67.0,-4.2,
LD8A8,50,male,full,3355.84,2.4,mid,58.0,-1.6,
ZXDVH,40,male,vip,5969.29,2.9,mid,44.0,-5.0,6.0
Y1K2M,27,female,day,2092.44,2.5,junior,39.0,,6.0
3GZ7H,56,male,full,3667.37,2.5,senior,40.0,-2.7,8.0
0F77R,32,female,morning,1519.59,4.0,senior,69.0,-2.0,6.0
K8N4G,36,female,vip,5521.47,0.5,elite,60.0,-4.0,7.0
SF5KT,35,male,morning,1383.61,4.1,mid,36.0,1.0,7.0
QXA51,51,female,morning,1527.74,3.2,senior,47.0,2.4,4.0
LIBGU,32,female,full,2854.21,3.6,senior,54.0,,6.0
1MYPB,45,male,full,2808.43,4.0,senior,37.0,-8.0,5.0
TMITI,42,female,full,2673.65,4.2,senior,45.0,,6.0
UA2DP,22,male,day,2098.1,3.0,senior,60.0,-5.5,5.0
68LZ7,32,female,morning,1330.53,2.9,senior,34.0,-2.5,
APXNO,51,female,morning,1520.96,4.6,junior,46.0,-2.3,6.0
KSZ6D,16,female,morning,1432.83,6.5,mid,29.0,-11.7,
4J2JC,32,male,vip,7107.92,3.4,senior,81.0,3.8,7.0
9N7NF,48,male,vip,5680.4,3.4,elite,62.0,-1.1,7.0
SZGI2,36,female,morning,1764.81,3.2,mid,30.0,-1.1,7.0
116UE,47,male,vip,5970.93,1.1,junior,62.0,-2.3,8.0
1MXPG,26,female,morning,1687.99,2.7,mid,54.0,,7.0
5HC8M,32,female,day,2330.43,5.1,senior,39.0,-6.8,8.0
WKLUV,33,female,day,1737.7,3.0,senior,49.0,,8.0
RTPQH,37,female,morning,2070.7,3.7,mid,54.0,-1.0,8.0
ATWJF,18,female,morning,1410.51,0.8,mid,50.0,,6.0
ZKJM9,28,female,vip,7581.71,5.1,mid,66.0,-6.2,7.0
RLA5F,32,female,day,1913.75,4.6,senior,58.0,0.0,6.0
79H0D,16,female,morning,1531.58,1.8,senior,61.0,,
D3FMC,41,female,full,3061.24,8.5,mid,64.0,-0.2,7.0
06QSX,16,female,day,1806.69,3.8,mid,53.0,-2.0,6.0
6N089,33,female,full,3147.0,6.5,mid,57.0,4.7,7.0
70UQW,54,male,day,2027.26,2.9,mid,50.0,4.2,8.0
0424Q,41,female,day,1904.46,3.8,senior,44.0,-0.1,7.0
O6C5F,31,female,full,4236.44,5.1,junior,40.0,3.9,5.0
RPX3U,26,male,day,2549.36,5.5,elite,79.0,1.2,8.0
ENLEM,35,female,morning,1699.18,2.5,senior,35.0,0.5,7.0
KOYXP,27,female,morning,1733.14,4.5,senior,56.0,-5.0,7.0
1K6SE,26,female,morning,1714.27,3.2,mid,43.0,-0.6,8.0
GH2MY,28,female,full,2951.29,4.8,elite,65.0,-1.3,6.0
CT7IN,28,female,day,2202.06,3.0,senior,65.0,-1.6,8.0
KPK9H,26,female,day,1989.91,3.4,mid,31.0,,8.0
GKHAB,24,male,day,1842.33,4.4,senior,49.0,1.1,7.0
V544R,34,female,morning,1674.58,4.9,senior,46.0,,7.0
9MRXF,37,male,full,2185.62,2.9,mid,50.0,2.7,7.0
7EC8N,40,female,morning,1734.65,2.8,mid,52.0,-2.1,7.0
6R41Z,48,female,morning,1590.92,4.3,senior,50.0,,9.0
L1202,53,male,morning,1203.07,5.7,elite,54.0,-5.0,8.0
SPLL2,45,female,day,2163.44,3.7,senior,40.0,,6.0
11012,39,female,day,1848.56,4.6,mid,57.0,3.1,6.0
3HLGK,35,female,vip,6793.35,5.4,senior,71.0,-2.8,9.0
S7GD6,33,male,morning,1392.58,2.4,mid,22.0,,6.0
2QRD1,31,female,morning,1258.16,4.3,mid,40.0,-9.8,9.0
XYK8F,22,male,day,1734.13,4.4,senior,41.0,,7.0
8B612,25,female,morning,1395.02,5.2,mid,45.0,,8.0
4828S,47,female,morning,1514.52,3.5,elite,69.0,,8.0
5DSEI,40,female,vip,6649.19,0.5,junior,68.0,-3.6,7.0
7285Y,34,female,morning,1652.01,2.6,mid,36.0,-5.0,8.0
WY31K,34,female,full,2343.29,3.8,mid,40.0,,7.0
EONLS,24,female,full,2981.38,1.5,mid,63.0,-0.9,10.0
G23IU,41,female,full,3441.5,3.4,elite,65.0,,7.0
21RNY,38,female,morning,1462.42,4.5,mid,49.0,,8.0
TFVLS,39,male,day,1605.3,4.1,elite,44.0,,9.0
7YZCW,21,female,full,2177.98,6.4,mid,56.0,-2.8,
AZIRY,37,male,morning,1469.34,2.3,mid,32.0,-2.5,
EQWXK,47,female,full,3012.07,5.2,senior,70.0,-2.7,7.0
N36IN,37,female,morning,1443.1,4.4,senior,80.0,,6.0
JN5G1,37,female,day,2145.3,2.9,senior,49.0,-2.4,10.0
7749P,43,male,day,2020.69,1.2,junior,47.0,-1.0,6.0
LW7BW,21,male,vip,5634.66,2.9,junior,62.0,,9.0
IFMH4,29,male,day,2092.42,3.1,mid,43.0,-1.9,8.0
E4H5X,34,female,full,2165.45,2.2,mid,50.0,-4.3,8.0
SJN2F,38,female,full,3468.9,3.8,senior,54.0,1.6,10.0
0ULU7,30,female,day,1920.43,3.0,junior,50.0,1.4,8.0
6YR5U,48,male,full,3223.17,3.0,mid,45.0,-0.6,7.0
PGX54,50,male,day,1972.01,2.8,mid,15.0,,8.0
FG0BF,26,female,morning,1340.11,3.4,mid,26.0,-9.4,7.0
WUCKS,36,female,day,1820.57,3.5,mid,58.0,3.0,5.0
BKDA1,16,female,day,2106.49,3.7,elite,60.0,,
QSVRV,41,male,day,2303.43,3.6,elite,37.0,-3.2,
F5CA7,31,female,full,2630.41,3.0,senior,57.0,-1.2,8.0
5XXEM,27,female,day,2050.97,1.3,elite,76.0,-5.9,9.0
TY3OZ,30,male,morning,1385.44,4.6,mid,57.0,2.5,7.0
6X5LY,39,male,day,2115.26,3.4,senior,29.0,,6.0
CTFEB,31,male,full,2386.93,3.8,mid,41.0,-1.0,7.0
ZPZIK,29,female,full,3682.2,3.6,senior,69.0,,7.0
TMTAU,20,female,vip,5508.78,2.4,mid,72.0,3.4,8.0
2GCB5,36,female,morning,1468.58,4.4,senior,61.0,-1.9,
H4FV9,20,male,vip,4759.71,2.9,elite,65.0,,9.0
EW1GU,22,male,morning,1476.61,5.5,elite,50.0,8.1,9.0
04P32,50,female,morning,1618.91,2.3,junior,46.0,2.0,5.0
H5NMR,37,female,morning,1384.31,3.1,junior,60.0,-3.7,6.0
4RFLW,46,female,morning,1560.22,4.5,mid,41.0,,7.0
JDF7S,27,female,day,1491.54,4.6,senior,35.0,,9.0
33KBQ,27,male,day,2061.57,4.5,mid,51.0,,7.0
6K3LM,37,female,morning,1572.9,5.6,mid,23.0,-0.7,6.0
JSGSG,62,male,day,1572.02,2.8,senior,41.0,,8.0
MBIH4,16,male,morning,1746.78,4.4,senior,60.0,-2.4,
7JYFB,19,female,vip,6200.98,2.9,mid,64.0,1.3,5.0
V91W6,16,male,day,2013.46,3.8,mid,53.0,,9.0
ZWKDU,19,female,morning,1442.16,1.8,junior,42.0,,5.0
7C28L,30,female,full,2697.63,4.3,senior,66.0,-3.8,7.0
ARCDQ,42,female,day,1906.17,4.8,senior,21.0,-2.6,8.0
MZU03,46,male,morning,1635.11,2.8,junior,43.0,1.7,5.0
JUFMX,37,male,vip,5746.53,2.7,senior,79.0,,
XO2ET,33,male,day,2135.46,1.7,mid,51.0,0.9,7.0
HQ1TV,32,female,morning,1316.78,5.3,junior,37.0,3.5,7.0
9PT4T,16,female,full,2258.67,1.7,junior,46.0,,7.0
5FLZW,33,female,day,1882.87,4.0,junior,28.0,-5.3,4.0
PGWMT,22,female,full,3021.33,4.7,senior,42.0,,6.0
42Y17,24,female,vip,5851.36,3.2,elite,65.0,,8.0
PK0JX,37,female,morning,1352.27,3.7,mid,25.0,-3.4,7.0
NRNK0,47,male,day,2171.12,2.4,junior,40.0,,4.0
N5GYR,37,female,day,2176.06,5.1,senior,50.0,2.3,
Q7MMU,28,female,vip,5540.91,0.5,senior,49.0,2.4,7.0
YZQGQ,34,male,vip,6931.98,2.2,senior,61.0,-3.2,8.0
M2U8F,43,male,day,1727.19,3.3,junior,47.0,-3.2,5.0
4P5EZ,29,female,morning,1729.16,5.0,mid,40.0,1.3,
1MSQ3,19,female,morning,1755.43,6.6,mid,38.0,-4.9,7.0
7SIZG,43,female,day,1901.29,2.2,mid,34.0,1.6,7.0
ZN5LE,32,male,day,1854.03,3.8,senior,58.0,-4.5,9.0
ZMYWB,16,female,day,1743.72,3.9,senior,59.0,-1.3,7.0
1E9R6,16,female,vip,6170.74,2.5,mid,44.0,-3.1,7.0
UNO6Z,34,male,vip,5828.46,0.5,junior,66.0,-1.4,7.0
KZF2P,43,female,morning,1643.61,7.6,elite,67.0,,7.0
QDQXR,53,male,day,1584.23,2.1,junior,57.0,-6.6,5.0
A6428,38,female,morning,1632.15,2.9,junior,76.0,2.3,7.0
4V2Z9,19,female,day,1753.57,3.3,junior,52.0,-0.2,7.0
LPNQN,33,female,vip,6511.74,0.8,mid,55.0,0.8,7.0
3LWAD,44,female,day,2286.52,2.6,mid,36.0,-3.4,8.0
MUN0U,20,female,day,1864.36,6.2,senior,38.0,0.8,8.0
0ED9Z,28,female,day,1836.66,3.5,mid,44.0,-1.0,7.0
QVDMD,31,male,full,3442.92,4.4,senior,74.0,,6.0
EB4DT,64,male,day,2200.27,2.5,senior,57.0,,8.0
N0OB8,52,male,vip,5864.28,3.1,mid,,-3.2,7.0
P6H4L,38,female,morning,1308.57,4.8,elite,67.0,-8.1,9.0
CGQFG,51,female,morning,1509.54,2.1,mid,29.0,-3.1,7.0
5ILRS,42,male,full,3205.91,3.2,senior,65.0,-0.8,5.0
9QKQA,40,male,morning,1524.38,2.3,junior,37.0,1.7,5.0
T8GEU,49,female,vip,6328.75,3.4,senior,55.0,0.8,6.0
LQHRI,36,male,morning,1362.92,4.5,senior,59.0,,8.0
FV7CJ,21,male,vip,4628.77,1.2,junior,55.0,-2.5,6.0
K8RNS,44,female,day,2201.7,5.7,senior,37.0,-1.1,
6JRWR,33,male,day,1422.32,3.3,mid,58.0,,7.0
SMO2E,47,female,day,2104.34,5.8,senior,36.0,,9.0
BBL3Q,16,female,day,1967.33,3.2,junior,54.0,-3.3,6.0
PY0PV,43,female,day,1895.56,4.1,mid,44.0,,7.0
EMQLZ,36,female,vip,5868.62,2.4,mid,,,8.0
9PE36,32,male,morning,1575.67,4.1,elite,40.0,-2.1,7.0
HO0QL,34,male,full,2189.15,4.0,senior,93.0,1.5,7.0
RXPGE,45,male,day,1946.94,13.2,junior,43.0,-5.8,7.0
LGCRZ,37,male,full,3376.66,3.4,junior,39.0,,4.0
H5V8F,41,male,day,1786.92,2.3,junior,38.0,-6.5,6.0
WNQPR,31,female,vip,6606.77,1.3,mid,56.0,,
P8X5H,33,female,full,3258.51,5.3,mid,55.0,-2.2,5.0
JGRBW,46,male,full,2996.27,2.5,mid,54.0,-3.5,6.0
9EPJ5,16,female,full,3303.09,3.1,mid,52.0,,7.0
HLRBH,30,female,day,1848.91,6.3,senior,38.0,,7.0
MSS6A,42,male,full,3059.74,3.4,mid,70.0,,
AWC7F,26,female,morning,1408.75,4.4,mid,62.0,,6.0
8BA0I,50,female,vip,5975.23,3.4,senior,41.0,-2.5,6.0
AUTSN,23,female,day,2207.3,5.1,mid,41.0,-2.6,5.0
EDN88,28,female,day,2028.81,10.3,mid,60.0,-0.7,8.0
3ZLG6,25,female,full,3572.83,3.8,junior,50.0,,6.0
DTO7J,48,male,day,2169.56,5.0,senior,58.0,,6.0
CIJBD,42,male,morning,1757.96,2.5,senior,59.0,-2.0,7.0
PQN2Y,51,female,full,3605.19,3.7,senior,57.0,-2.6,7.0
UPRO0,24,female,morning,1439.24,5.2,mid,64.0,-1.1,9.0
DLRNI,21,female,day,2219.41,1.3,mid,68.0,,8.0
092MD,31,female,morning,1372.05,3.7,mid,33.0,,6.0
4N6VO,41,male,morning,1461.82,4.1,senior,53.0,-2.0,8.0
1IX88,42,female,vip,6670.3,1.1,mid,61.0,-0.3,6.0
6EUA7,39,female,day,1997.48,3.3,mid,71.0,6.6,8.0
P06UJ,26,female,full,2866.81,4.7,junior,45.0,,
CGMJ4,30,female,full,3276.67,2.0,mid,74.0,-3.9,
QYECM,32,male,morning,1789.75,3.9,senior,36.0,-4.8,7.0
P3AY4,47,female,vip,6696.01,1.8,mid,67.0,-1.2,8.0
MKGFT,23,male,day,1653.34,3.3,senior,71.0,0.0,10.0
ZTHIE,45,female,morning,1145.24,2.6,mid,64.0,-3.5,7.0
C11BX,25,female,full,2659.61,4.1,senior,56.0,-3.8,10.0
9JBDR,36,female,full,3229.85,4.1,junior,49.0,-0.5,7.0
8VAFZ,32,female,morning,23.03042590947411,2.2,mid,83.0,1.1,8.0
XJAW7,37,male,full,2916.23,2.9,mid,48.0,-4.6,8.0
1G600,16,male,day,1919.59,1.5,junior,24.0,,6.0
WSQ1Q,22,female,full,2880.61,0.5,junior,50.0,-3.4,10.0
ICA1O,46,male,day,2259.03,4.7,mid,50.0,,6.0
TQ2E6,16,female,vip,6278.81,2.1,junior,40.0,,4.0
WBV8P,49,female,full,2444.46,4.1,junior,57.0,,5.0
QSFL0,50,male,day,1946.73,2.9,elite,31.0,,7.0
2E53H,24,female,morning,1333.89,2.0,junior,32.0,-5.7,6.0
XJ575,44,female,vip,6058.22,2.9,senior,41.0,-3.0,7.0
R89G0,29,female,morning,1628.47,5.2,mid,52.0,,8.0
IAR39,30,male,day,1953.34,4.5,senior,58.0,-5.9,8.0
PJJGP,60,male,day,2084.95,7.8,elite,37.0,-0.3,
7V0NT,44,female,vip,7212.5,3.6,elite,63.0,0.3,7.0
AXCW8,25,female,full,2968.95,3.9,senior,68.0,-3.0,8.0
E0SRL,31,female,full,3351.8,1.7,mid,50.0,,6.0
S1J0S,42,female,vip,8605.96,0.5,mid,78.0,2.0,
90WFM,32,female,day,1579.82,3.9,mid,31.0,,8.0
XQPUW,31,female,morning,1301.14,3.1,elite,47.0,-2.6,8.0
2YM0H,21,female,full,2950.8,4.2,senior,69.0,,8.0
Z4YYY,38,male,morning,2073.02,1.6,junior,44.0,-2.9,6.0
00WS6,46,female,day,1986.73,2.8,mid,32.0,-1.4,7.0
LSTEL,38,male,morning,1305.71,3.1,junior,36.0,-8.1,6.0
NOM6M,38,male,day,1945.78,2.9,senior,53.0,-1.8,5.0
QB59F,34,female,full,2869.82,2.8,junior,62.0,0.5,7.0
Y7Z8J,37,male,day,2178.93,2.8,elite,53.0,2.0,7.0
7K1KU,40,female,day,2318.03,4.6,elite,56.0,,7.0
AM89B,42,male,full,2768.99,3.0,mid,64.0,1.7,
G0WX8,29,female,morning,1256.76,2.8,senior,43.0,-1.8,
FSHPY,16,female,day,2083.82,4.1,elite,56.0,,10.0
ZQNVW,50,female,morning,1882.73,4.2,senior,40.0,-4.1,
QZEHM,27,female,morning,1376.44,5.2,mid,46.0,-0.5,8.0
EB63M,41,male,full,3373.45,2.0,senior,65.0,-2.5,
NJWJD,33,female,full,3455.08,3.6,junior,35.0,-1.8,6.0
LS5VL,31,female,morning,1515.15,4.2,mid,36.0,0.8,7.0
U1RMQ,47,female,vip,4212.44,2.9,elite,73.0,-1.7,8.0
G24YK,16,male,day,2176.21,2.9,mid,40.0,1.5,9.0
QS6EC,35,female,day,1999.82,4.1,mid,,-5.1,6.0
2IEKX,33,male,day,1736.05,4.2,senior,49.0,-3.8,
L3IZP,29,female,day,2267.28,2.4,mid,44.0,,3.0
X6ZK2,20,female,morning,1639.34,4.0,mid,34.0,,7.0
4YCHI,34,female,morning,1690.78,4.2,mid,51.0,1.8,8.0
FURKR,37,female,full,3301.07,4.5,mid,63.0,1.6,6.0
6YXJ5,26,male,full,2429.97,4.3,junior,51.0,,6.0
F0FSX,40,female,morning,1769.8,4.1,mid,65.0,-4.1,8.0
HWSON,32,female,morning,1107.85,7.3,junior,60.0,6.5,7.0
1OPEX,32,female,vip,4984.41,0.5,mid,58.0,0.2,6.0
P0K1Q,28,female,vip,5774.98,2.0,mid,45.0,,8.0
ZG3X3,23,male,full,3645.76,3.2,junior,62.0,-0.6,8.0
0UX2W,74,male,day,2061.52,2.7,junior,15.0,-2.5,7.0
8ZDFT,51,female,full,3549.77,3.1,senior,63.0,,9.0
9KSCY,24,female,full,3959.36,0.5,junior,61.0,-2.4,7.0
SMOVM,16,male,day,1788.82,3.9,junior,28.0,-3.9,
R98ZY,56,male,day,1758.73,3.4,senior,44.0,3.7,8.0
B04CR,44,male,full,2917.92,2.4,junior,44.0,-2.5,7.0
XJZ5X,21,female,vip,5891.9,2.5,senior,70.0,-5.4,8.0
ZLNMK,29,female,day,1966.36,4.1,junior,44.0,-1.4,6.0
NX93L,27,female,morning,1337.69,2.9,mid,,3.1,5.0
K4OEN,36,female,full,2781.71,2.7,mid,44.0,,
KRFJR,40,male,vip,7155.47,1.1,senior,60.0,-3.8,8.0
M8IIT,17,female,morning,1705.95,2.4,junior,57.0,-2.8,
VZUPF,32,female,vip,5269.21,3.5,elite,77.0,4.9,10.0
CHW9P,19,female,morning,1441.58,5.2,senior,44.0,-2.9,9.0
NPUS1,35,female,vip,7646.86,3.6,mid,52.0,-5.6,7.0
12DTU,37,male,day,2166.79,3.8,mid,30.0,,7.0
81GK1,26,female,vip,5290.05,3.5,elite,73.0,1.6,7.0
O8AB7,38,male,full,2605.59,4.3,senior,73.0,-3.3,7.0
CWUTL,28,female,day,1310.03,3.6,senior,50.0,1.3,6.0
AWNFU,33,male,day,1979.65,6.7,mid,33.0,-3.4,7.0
EO27J,43,male,full,2993.08,3.8,mid,56.0,4.1,8.0
BLJY1,40,male,morning,1560.65,5.3,mid,51.0,,5.0
1IMT2,39,female,morning,1858.07,5.9,senior,57.0,0.1,6.0
ZLE2M,56,male,full,2867.84,3.4,mid,70.0,,8.0
LQG0Z,33,female,day,1552.04,3.9,senior,39.0,4.2,9.0
EODCY,24,male,morning,1357.75,4.7,senior,54.0,-4.4,8.0
DA4RQ,45,male,day,2246.02,5.4,senior,50.0,2.4,8.0
77SSD,47,female,morning,1681.39,3.9,mid,56.0,-2.0,6.0
4JR85,36,female,day,2068.02,4.7,junior,15.0,-3.0,
BRY3Z,23,male,day,1794.2,2.9,senior,61.0,,6.0
0EMPO,33,female,day,2249.38,3.6,senior,31.0,-1.2,6.0
MTCKH,33,male,morning,1729.41,2.4,senior,34.0,,9.0
EKXCH,34,male,morning,1393.3,3.2,mid,47.0,0.3,7.0
0JQ2H,33,female,morning,1327.66,5.0,mid,43.0,-6.1,7.0
FU6SW,36,male,day,1942.48,3.7,senior,47.0,,7.0
8F8WL,36,male,day,2022.93,3.5,senior,50.0,-6.2,7.0
4GEYC,20,female,day,1801.06,6.0,mid,45.0,1.2,5.0
2XWU0,52,male,day,1372.09,1.8,junior,49.0,,5.0
Z8USM,28,male,vip,5120.52,1.8,mid,48.0,-6.6,
I6MAA,41,female,full,2425.33,4.7,mid,46.0,-2.2,7.0
2Z07D,33,female,morning,1498.01,5.1,mid,54.0,-5.9,7.0
XRNA7,47,male,full,2557.19,2.0,junior,55.0,1.4,6.0
YDCAP,20,female,vip,6179.2,2.1,junior,36.0,-0.5,6.0
DPGHU,30,male,day,1868.81,1.5,mid,70.0,-7.6,7.0
J9WQM,30,female,morning,1676.3,11.6,mid,64.0,,7.0
8OECP,31,male,day,1578.11,1.7,mid,40.0,1.0,9.0
51ZAY,29,female,day,2112.0,5.0,senior,51.0,,5.0
KW4KM,22,female,vip,6582.61,1.6,mid,50.0,,8.0
4LNCT,37,male,full,2921.22,3.2,junior,37.0,,7.0
T3DXE,30,female,day,2284.07,0.8,junior,58.0,,6.0
FOKYX,29,female,vip,7513.32,3.3,senior,57.0,0.3,9.0
CI6X6,26,female,morning,1413.63,4.6,mid,46.0,-3.8,7.0
MP17N,35,female,vip,3977.08,2.5,senior,45.0,1.0,9.0
TVEHN,43,male,day,2079.11,2.1,junior,56.0,1.7,5.0
DHA8N,27,male,day,1571.04,4.7,elite,62.0,2.4,8.0
HFZRB,41,female,vip,4541.13,0.7,mid,43.0,2.7,7.0
UQVD9,25,female,day,2375.8,3.6,mid,53.0,,
TP70M,22,female,day,1769.03,3.9,mid,38.0,-2.0,4.0
Z8BQJ,37,male,day,2113.46,4.0,elite,60.0,-4.5,7.0
T1LYT,34,male,full,3195.02,3.0,mid,56.0,0.8,8.0
ATME1,54,male,full,2507.48,2.1,senior,51.0,,5.0
GY94H,22,male,morning,1238.58,1.0,junior,45.0,1.3,8.0
WYB3Q,21,female,day,1936.19,6.5,elite,59.0,4.2,9.0
AYZVV,28,female,vip,6418.32,3.3,mid,56.0,-2.7,
E3JFL,35,male,vip,4761.06,2.1,senior,62.0,,7.0
CX85M,26,female,full,2328.75,4.6,senior,81.0,,9.0
QTC6Z,42,female,full,3388.36,2.4,mid,49.0,-0.5,6.0
HWQZG,24,female,day,1763.56,5.2,senior,54.0,,6.0
S1IRF,29,male,day,1913.87,5.7,elite,54.0,-1.1,
GAHFR,19,female,morning,1460.36,5.6,senior,55.0,2.4,7.0
YX2PH,46,female,vip,7117.83,4.6,mid,67.0,-1.6,7.0
SPYOI,34,female,full,2541.01,3.7,senior,62.0,,
JPKDS,20,female,full,3242.8,5.3,mid,46.0,-1.0,7.0
O2UAD,51,male,full,3287.25,3.4,senior,41.0,,8.0
QX37D,44,female,day,2086.63,3.8,mid,59.0,,8.0
14F4I,33,female,morning,1484.71,2.5,mid,60.0,-0.2,4.0
R8NEL,27,female,full,2907.95,2.8,mid,56.0,-5.0,7.0
S841L,20,female,morning,1312.42,3.4,senior,18.0,-1.0,7.0
5J0NW,26,male,day,1662.86,3.0,mid,48.0,5.5,7.0
KK0KA,25,male,morning,1073.09,6.6,senior,50.0,-4.2,8.0
FY2P4,29,female,full,2280.45,4.7,junior,56.0,0.5,
B6I11,30,female,full,2466.21,4.3,mid,42.0,-3.8,7.0
FO4BY,33,male,vip,4939.55,1.8,elite,69.0,,7.0
A5QVX,32,female,full,3747.34,2.4,mid,52.0,,8.0
W2L3S,52,male,day,1749.16,2.5,mid,37.0,-4.8,7.0
R9D87,36,female,day,2278.4,4.5,mid,51.0,-2.1,9.0
3C8HV,16,male,day,2156.72,3.6,mid,40.0,,7.0
V14DX,24,female,morning,1747.91,5.7,junior,46.0,0.6,5.0
I6KQI,44,female,day,1638.26,2.6,senior,42.0,,8.0
P353H,24,female,day,2225.05,1.1,junior,48.0,-4.6,5.0
WEN20,50,male,full,2720.28,1.9,junior,50.0,1.4,8.0
7N83Q,34,female,morning,1329.17,9.1,junior,26.0,2.9,8.0
I6NES,38,female,day,2279.07,1.4,mid,41.0,,5.0
QQN4A,25,female,vip,6919.32,1.2,mid,47.0,-8.0,
TLD4L,31,male,morning,1469.98,3.5,mid,34.0,-2.1,6.0
6YP80,16,male,full,2537.49,4.1,senior,58.0,,8.0
L9R28,42,female,day,1545.0,4.2,mid,27.0,-5.8,8.0
5U61F,43,female,full,2980.73,0.5,mid,53.0,-2.8,7.0
GWWSN,21,female,morning,1467.08,5.3,mid,42.0,,7.0
1GCVO,26,male,day,1990.42,3.5,junior,35.0,0.9,7.0
F0U6I,39,female,full,3083.69,0.5,junior,56.0,-2.6,7.0
F4C4R,63,male,day,2061.84,4.3,mid,40.0,-3.5,6.0
T6HP9,68,male,full,2809.05,4.2,junior,71.0,,6.0
3UFZX,17,female,full,2651.03,2.4,mid,66.0,4.3,
1PJPM,49,female,vip,6113.94,3.4,elite,51.0,,9.0
BWBYH,27,female,morning,1281.22,4.2,junior,35.0,,7.0
BJV9Z,36,female,vip,6704.97,4.7,elite,65.0,-3.2,6.0
6TFVP,29,female,day,2010.91,4.3,elite,48.0,0.7,7.0
NPWS5,17,female,morning,1538.71,3.4,mid,22.0,,8.0
AO983,26,male,day,2029.57,3.0,mid,57.0,-6.5,7.0
SVH5I,48,female,vip,6304.14,2.8,elite,65.0,-3.3,7.0
