distance_km,weight_kg,delivery_time_min,delivery_cost,courier_rating,num_stops
7.039021349652886,35.059004843977384,47.66551501399881,363.3540904782282,4.914598072703152,7.0
45.151821463762815,27.036770134033958,24.969834619348482,334.7530163619456,2.9940410213091524,2.0
19.75118540318174,15.821617006173224,50.70296776508945,420.81086766885903,3.4461231743362477,7.0
13.6941383066393,40.78285347549396,54.15878617925735,445.6702316794584,2.588293138215179,4.0
2.544373056935194,34.394193041417026,53.396856718965594,271.40105394920505,,3.0
2.5439443787190776,8.549538497572119,61.21171088331933,216.8767046442222,2.842049646547923,3.0
0.8975815291302102,45.5908956324452,57.50883231823356,166.37946268967033,2.6209777353152806,0.0
30.16846296719909,41.215593524696864,51.88770118842655,400.7991326912544,3.5497178853379374,3.0
13.786232304408967,47.51509570795024,43.94751432812029,239.66333938261263,2.0165173974812625,3.0
18.468750925568855,36.42311566522382,20.08558599726013,134.71094070475172,2.022992097947676,1.0
0.3119896199870793,30.864052198821597,51.44427328698879,388.8578604530964,2.6572064273055735,0.0
52.55336212737468,21.203030296385634,48.115315307446664,599.299951743279,2.110164087502463,2.0
26.796443150320126,46.670059926023654,49.0736825579306,349.39290884601064,2.3240772623920742,4.0
3.580314378734205,43.370162530270214,25.84877136269536,433.8490774451642,3.016581948016255,6.0
3.0101848312449504,2.7383241702563756,28.784151893876064,358.1829358547565,4.4077570387394385,3.0
3.039171342483856,1.8051652376139742,60.797292799993556,340.1110346808857,3.7161459301079027,3.0
5.4413059419071566,19.134936660463456,44.406672692150174,441.90764829877685,3.5380031778692493,2.0
11.158917462912816,40.622389873700726,55.22251046058936,320.97254558113485,2.880466469624365,1.0
8.48305600170505,49.37016840108975,45.42477564195692,376.7392314071903,4.795261158298449,0.0
5.163344888309123,7.945636109624645,45.446342092436176,382.16978061960134,3.191045123711575,2.0
14.19556310849698,29.909470409930687,59.074257089639964,283.1909546356951,2.2612783003873145,6.0
2.25351793091008,19.354097403235563,37.25932907673939,449.2042349536523,3.851199548353404,6.0
5.182732680036034,48.51076269182286,46.44181165411475,332.5040243304591,2.341515180429804,3.0
6.844158273312706,42.18488669521758,38.06587066942436,274.4254840507155,3.0356694284050763,3.0
9.134020317896624,41.997270883201324,38.482556588515266,403.65098435704033,3.522235816153427,2.0
23.06904016546368,23.70031140985103,40.36241814797041,260.15320182089624,4.622667574055527,5.0
3.3410379319303543,21.033565365714427,48.33200657450569,352.81811573691283,3.4806397410203562,3.0
10.830437325496916,14.03365006056996,37.818770675047844,349.08810033557967,4.106776298094992,2.0
13.462570819646409,3.290587084220892,63.83634188360281,458.5895565831578,,2.0
0.7134577463461281,43.303757624625135,31.58089046670744,397.46982328799527,2.394467359693945,2.0
14.029995309744152,234.18976613577235,42.196925337579614,347.4973041254856,2.8241945765585585,3.0
2.8044187796612463,49.986024827663464,38.40403412588738,431.7766299200287,3.1837282267929394,1.0
1.0089589631895637,49.83352343515832,66.704668265306,489.0207549017313,3.265484535616494,6.0
44.60531690260396,27.993869427330058,,405.7810306351862,3.2330632257966374,4.0
50.55945513691759,38.56487705143527,60.477668092029525,351.03526198433804,4.7228330076696645,6.0
24.78497359219315,47.26590362918019,22.71659440444542,218.81637676498406,4.142097933400569,2.0
5.4493178995313745,42.557545838531865,49.00575398803888,243.48863369246274,3.823715642272111,5.0
1.5416597250375936,12.743731036288285,58.34446193435156,319.47752956453326,2.928118153588346,2.0
17.291261446479925,22.801934697849628,46.23425983913136,289.0487797840717,4.471371152663885,3.0
8.701362638780974,6.893391049999002,60.98220562598027,331.3028697014554,4.865181534454967,6.0
1.9522835093167297,47.725525849306756,37.24067324849442,355.6649924897107,4.463594847650679,6.0
10.253208422012252,30.505644405318563,66.1402116027837,402.96927543567307,2.004695315574419,5.0
0.5249058216521862,11.817818872421405,79.48347185428875,342.95012219409085,3.9092041105502213,4.0
36.00634331089536,33.74918387808991,,398.6501643826202,2.1534061443263024,3.0
4.491866652610291,31.097347902665845,38.31746217898842,356.44744148101205,2.7728216610011653,1.0
16.293836978474705,18.229054542625605,66.80076715676552,152.45334336461286,2.1785741010433153,4.0
5.603198724864355,6.121100813881636,68.69358218596068,256.06646061812455,3.8113863588481633,3.0
11.01166343863843,33.74287318184358,37.15709959270097,335.59124442783843,4.059769740477821,4.0
11.868356969726964,26.255231194737767,38.69719774356214,229.03052571588924,2.3434629141977155,2.0
3.065828992618586,38.729760390914144,40.773230867092394,409.99287299962043,3.1515166491349387,2.0
52.3921069910434,26.24809330504367,24.833242334485846,503.07508323436974,3.368709526866626,4.0
22.383680657072112,42.682984265767736,31.220220802737025,471.8761851697317,3.1071590652827497,4.0
42.07641628937373,27.819388519337036,29.937888498718983,328.6557129069792,2.363075001455579,1.0
33.78227996301295,28.26642959100162,33.483036523438074,499.0726136849952,3.256843370562426,2.0
13.665816185749126,43.89435333158808,44.47972668919828,364.86674572021116,4.253534143425254,4.0
38.24153068904108,20.472401877513654,48.51322098804781,316.29140288819605,2.2130229935997665,2.0
1.3898318842967343,7.133753808306716,68.25750739221115,288.65973364590604,2.2405400422457102,3.0
3.272020419469012,1.924742477510279,30.024689388918134,319.7530313511872,3.0643138755079526,5.0
0.6942294853024793,37.87929415584414,59.764835977148756,311.1823181458771,4.825177134856775,2.0
5.902981302046302,31.2053227919965,41.790167336617365,367.0416222375488,,2.0
7.381954376913279,35.35194852091157,44.25804435521351,366.0573981049865,4.036009870017694,2.0
4.748406648132385,11.041725994691081,55.122292382499054,350.30460201534146,3.085759972513595,2.0
26.46836797861401,7.250388041545103,28.159169676565522,393.69381697463496,3.780982373625615,4.0
6.618404992948053,1.2199609505601554,50.736146192760756,469.0646274786341,2.03039355208323,2.0
4.947042602013738,17.85408416092655,47.49678312319584,444.9554135441324,3.9082881392286266,2.0
11.73610624811619,29.700925499304336,52.38676896012224,201.51020315500966,4.73986084272871,3.0
2.278472217309433,19.916080232436748,49.33752965861727,,3.8377204050344575,2.0
24.307253936620967,22.15500864017459,81.82950209866341,443.4319911239274,4.621095780399035,2.0
1.162138032169635,45.25585537744055,35.43390023623026,213.3121301584579,4.171919166398281,2.0
65.0121950938098,17.73864561765337,37.035045674972736,327.52345981073165,,5.0
22.19225664362267,25.942479713410634,35.65289210362853,232.98869739406405,4.707359921857526,4.0
3.3230916075882893,39.29082413068658,36.66784321259618,169.80195624199803,2.1993315330673244,4.0
0.08306130563903212,20.12886772490287,35.439193090402235,404.14627282047877,3.6019024176432914,4.0
25.34845166229189,31.29329166127974,62.83524796661328,425.9155160302647,2.426411371380373,4.0
18.40643861080567,43.18700358296389,66.30756371984782,292.34895992732805,2.035119832192712,4.0
19.584943631819986,47.501270871053286,36.438805593757856,,3.266102780382917,0.0
22.128217890652703,7.7801373059873775,32.51466640343657,295.37555517475175,,1.0
1.1539389827069453,46.366087445493974,52.07123334579606,389.18040054025465,3.458001481392809,4.0
6.658390086243487,24.85975650743714,36.716654335785435,202.10884312258713,3.7315996602036523,1.0
1.8472515690667448,13.283097220798439,54.493977266332664,368.33599197791557,2.131217216926842,4.0
29.82794357487334,23.227219933793936,48.0438453127695,348.4690150827004,2.369009885371237,1.0
14.644517875685612,49.011612476631115,22.263838275041522,407.9291499601088,3.675927189351276,2.0
6.027282018769514,24.884595652647047,68.21257801995093,361.9580368414153,3.0295020595179745,2.0
0.9850209870717433,16.773204709231656,71.93816509643283,252.69310591184444,4.187520462648344,1.0
5.587325256155306,31.853342288677926,35.80816964273421,469.6571501664491,3.956874945775819,4.0
5.899713197761971,12.387208129520557,39.18447660096024,334.147042697303,4.536813088969721,7.0
19.618136759366113,4.255234741378864,49.287980860873574,347.2695460490068,4.0774784800076755,3.0
15.2233403838903,6.879546234577137,50.01685184980538,256.6732040926804,,4.0
32.733778686022724,6.838269028409735,54.878164090092454,305.67177488084894,4.018899867183297,5.0
9.585992000644646,8.01918332885857,75.15306808149525,261.5197285973099,2.8261435227662557,3.0
1.9105859042325286,7.371945046145802,42.34579158758926,332.7053940076577,2.918940496334638,2.0
18.73689516474899,32.223299867759124,33.02554133192319,521.1708480142344,4.36695547976238,3.0
21.455891296152963,9.503064177757668,24.31021157978209,212.80988570686438,3.3392585492047466,2.0
12.358312423287432,17.610530524531228,34.036049400871214,188.64386021232588,4.395141021555057,2.0
22.108349500820466,44.89102629034758,44.503095406893046,497.1170327493609,4.467267121004835,4.0
10.212220972654169,23.96110119301218,71.91836795276681,329.0676322848134,4.5726870129838515,1.0
11.095182581659005,33.54410805679085,37.235830514457426,283.09272613400833,4.749905707523622,5.0
8.36721290862641,9.029833624480677,48.35681927458348,453.99046873960765,3.2929556615398887,2.0
0.3862166098517059,10.018306431029202,44.753656558908716,289.4384460263136,2.9566004549634166,3.0
1.7125115278779877,2.5229965051907035,62.82589910172126,532.6009713546937,3.746596239782342,6.0
0.4790052193958073,8.862285622072145,82.90398638810433,417.7925871339269,3.1135172703128826,3.0
15.175943263913242,14.290221782081952,37.03696840619519,301.20885918542973,3.803222500400699,3.0
5.6609506319264975,9.262018971698968,37.658408362226666,565.7308213265503,4.116757587931474,7.0
10.65655765701285,4.890775420974252,60.66241315603608,289.42850769966617,,3.0
35.71898294768963,6.47147561947974,55.22837234439467,424.2095372009307,3.123658661060364,1.0
4.301082344749475,23.308549017619924,72.7006098860405,379.9292580406492,2.5005806050962587,0.0
7.924229623240089,10.713519061086728,53.75892277988946,480.1741289398798,3.2915880153866226,3.0
21.13123721307875,18.531358121879734,39.610618638194104,506.15111967268524,2.427782432245726,1.0
3.8970773537609107,25.419154907315416,53.85982246038464,353.20041490657667,4.670291105551425,2.0
1.2015641782526454,34.67454401715358,61.63055370874362,274.65821296538167,3.0376323822135722,1.0
5.132104558305856,2.445950922134397,57.30723271796046,395.9972142939116,2.4633792416699714,3.0
2.6371253775009427,40.07081474599761,52.609110466609465,282.2284630247894,2.0763432797172525,1.0
39.82425128820937,31.581069279799934,,551.3387247526623,3.9374671588594525,2.0
24.763306207268542,4.547072081469159,62.53943385668509,363.65353310827373,3.9107069523642295,4.0
15.052412857807965,43.74214189328547,65.7323848655629,313.46784486878914,3.021812499743875,3.0
30.772795957812196,46.083183826324756,54.73064831384464,368.46803058649084,,4.0
24.419534111108348,3.5233590128157557,42.493228795247184,215.28737104703035,3.228886684685696,2.0
3.097432145379586,14.205443583286584,47.20070529649984,252.83859614893484,2.933652485190181,2.0
33.46220107853342,40.40696334975654,63.09763449762535,470.0413907944425,4.031361919205028,3.0
11.62649852949258,37.53885467399109,32.74596493519146,284.3105721028604,3.817337748358071,1.0
24.710224369553494,9.633790458140677,50.53009963309352,245.30890173180603,3.09378118459262,2.0
33.96363973929347,10.86279150516716,,403.66527525272863,2.65367766276497,4.0
5.7409607462747765,18.83836908817341,45.431172344022265,468.57041546629966,4.964107898466775,6.0
1.7488824018577624,24.483887766955554,64.17677793910948,421.8953310665067,3.3620048635883446,4.0
3.8803011920907204,31.10361119074965,47.86648602029855,449.60476858058166,4.064822707340712,1.0
8.355865391229216,18.761225158703734,45.69654822234223,274.3204911430539,2.421658902735082,4.0
25.557445899584177,23.395468448590822,24.60215788530121,207.81893332581564,3.456769098978193,4.0
29.5701745781975,37.49981143762095,56.193803490408314,500.13336519554866,,1.0
0.10464613772475971,2.315818543084596,54.68226271711613,317.73201611578645,3.51636535373135,5.0
10.723142390078337,12.995628745029027,77.4488208495819,324.9166983544953,4.892052221353107,2.0
8.104099813780069,35.81080450128535,40.38332647570499,482.8194141849058,3.152620138957401,1.0
3.7675100741373675,44.81273846551637,48.287254914959085,405.623000940066,2.1169880377247345,4.0
1.9152058731847021,25.828033384725472,48.74075525566133,395.58877720816076,2.0928673727580307,3.0
6.178628697936487,26.839617520633126,68.66179919645211,566.5002344901084,3.1639602798406083,3.0
42.94681684036725,5.805014561318915,43.57056701419572,285.6481769619857,2.480074809389582,6.0
5.855757043222116,22.646912157761005,49.185322886555085,442.78401280812375,2.0700562889845577,4.0
10.971792086402278,26.864554689523647,54.11844764574809,355.70131248970847,4.26864084185053,9.0
18.211304653212824,12.502289929919119,47.79913684734537,376.8592278863257,,3.0
6.779617484504435,13.827539931994357,38.30349578174208,502.84684264125315,2.8677343159179634,2.0
53.516972074375495,19.175566073678823,47.911349893474615,400.78357562896235,4.700249549049442,3.0
49.23014796812097,1.4935242899974552,,403.82960790496327,2.348416880601577,2.0
4.350919424883079,16.442918696367325,29.602270508834096,457.2507337309802,4.867756486865957,5.0
10.314889176957708,10.96667634632896,46.99454511220314,313.5047270457115,2.9419001521320585,4.0
5.368956901185702,16.711118932806777,34.4981877759124,266.0790332660994,4.665211016926044,3.0
5.0287451457162256,6.428225525052936,62.92569943387264,245.51908059789665,3.8088286294383846,5.0
0.563767166482838,44.5811003966248,22.15219642824338,153.36434106239983,4.480122079224462,3.0
14.107381064738897,29.882826450925407,36.61617229092617,555.6207129940321,4.952039489631392,1.0
10.477794492444577,34.11556479765223,50.658178125967815,239.67916342783167,2.865216313456237,3.0
0.7927663107058872,39.56397631106324,68.4828604385151,327.8746376414228,4.8834064562227795,7.0
4.8993888151555405,25.172888846988336,44.01374608390518,322.31867001110794,3.168445684707261,3.0
35.832914266340104,4.802554260327473,36.67200709960203,380.7406697809101,3.156535714210767,2.0
4.107908282131156,27.086773820018117,73.21735604160885,431.57372125392965,3.021161312763517,5.0
2.3479629147820464,29.548635342033517,23.27979149375634,436.0473488359745,3.6242228220427557,2.0
10.084081642104543,37.399253972124335,12.017910650698774,291.69225614310614,2.462435129535461,4.0
63.6605547392289,21.86714753836913,51.60021675079999,333.28782862135887,3.6611344560740333,1.0
4.157172203395893,6.815224988380406,37.46918663471083,378.25799504882997,3.625114437230012,3.0
16.7273251544594,14.546907337036862,29.6815077430393,325.13088738164527,4.2857054378146096,8.0
21.50831439359194,18.472573671732437,55.6253467094903,510.73455760199926,4.500949885812757,3.0
4.069997585037087,32.472903445914255,48.65701070656798,399.0974951638251,,5.0
19.54123392738474,28.75352608111114,36.538820538949075,423.4877786049817,2.9069997480544814,6.0
6.87784198896456,18.12678793194339,25.795434019936582,416.28812686674127,2.7780046919512835,5.0
15.00755621597657,49.33250481525249,58.08685992420217,467.3473857485325,2.5838715101146157,4.0
15.057567407064575,30.485853558165914,54.753017669379915,368.10215587037067,2.1729427465970748,3.0
11.510778749285231,12.242726190931727,43.51236204330926,220.31680520441535,,4.0
1.4194373821743143,5.538232394709985,72.69955494071499,389.9687951752642,2.8107430763923498,0.0
27.054671913694456,8.066527389624436,28.948728505107713,284.8643106208171,4.899252157599222,8.0
5.802154405010949,12.674907555033153,22.117122436128916,297.1383318250243,3.673126478750132,2.0
3.096481599113348,8.453727976348006,34.62137895178133,408.6364018755093,3.0418311170915224,4.0
0.624446396915178,9.735067690539635,44.31620975466753,473.8283071433636,3.7414028029810877,0.0
13.406676068918753,14.61221085034543,48.65009173984038,352.1271576736062,2.4175901040370866,1.0
16.97777601401023,9.081992967090363,41.38145913215505,380.88330125989637,3.3321312476066085,7.0
0.2509042133770593,44.889888519008046,50.28083094771445,520.2214944635238,3.8787029642631916,4.0
10.764458768242326,4.471570410251289,26.22690863714334,374.0753179488568,3.466693495377354,5.0
3.852362205824365,26.463313783727607,66.65646906109889,610.1683114180395,3.2053364019629726,1.0
15.541865123215379,20.814642935988246,43.76773232411147,406.5509645631544,4.981545166699094,5.0
2.8740633380870064,49.12774153697602,61.75943747382192,173.92372408441824,4.640944286446781,1.0
17.613187913515787,6.045925657318591,50.14088019566556,425.33416211045324,3.87021787447832,2.0
7.334380514716527,20.19385215276421,51.85129828730676,388.11583848827775,3.7081320835468485,1.0
41.40515726706461,48.48878644713076,53.546509203483055,478.97527540827457,3.861981439473752,4.0
2.219166201589184,43.342602731752024,51.715628400259725,417.31813512699586,2.6039363234672996,3.0
6.256986509927576,40.94506751198936,54.64084139801316,336.1544016016226,3.185413229792956,1.0
1.8066642755549462,13.266189938724521,64.93728795198646,227.57017637106344,2.118378598672698,3.0
38.792855957260855,8.958935575808258,47.94781754552205,329.09767427139747,3.42663811246048,2.0
31.47500560741491,33.59783938625933,55.63505636382769,264.94795457907,3.6290737518729896,2.0
4.474910550922334,46.5041114618155,43.6539645856916,291.9476550195277,2.6832492083096287,1.0
16.18144108565872,28.059763204189526,66.6017582317421,408.85784044206093,4.892086541496541,3.0
25.492261089588318,28.79482812876004,34.85411546911095,516.9904504351406,4.728363832811726,2.0
12.151985410297621,14.358965136184066,72.01410649366224,389.4671529822981,4.166429706367717,3.0
11.31419115290919,38.58990019300088,44.39763074033485,230.41169379648156,3.6001598862960877,3.0
4.153155681568547,9.758665553597407,23.538373468229278,394.4602668220141,4.609907478943055,5.0
1.4658921071241109,16.522122202010063,46.92156622366184,469.66314866456514,2.3919570314703886,6.0
34.126848377917845,21.55910371151263,34.78422513787679,289.0217095680618,4.371529382824654,3.0
34.6016164147264,25.626713744880522,57.60965323483086,336.5982833327082,2.374462441900545,5.0
15.04004879224327,12.499281754546471,35.210640310464136,351.46881947291973,4.3826319876482165,2.0
6.210697647169859,6.184422824590575,38.307248501778304,271.510168691776,2.8273027047540706,2.0
6.443514237174659,30.72569210086081,16.656889035817034,414.8280433843859,4.631271743054567,4.0
19.41698144590677,14.78721238539266,38.21540521126385,337.9051851392218,4.832126281476194,3.0
34.111460236608785,29.27129196041931,8.64181010056565,391.95324439070276,2.446387908215347,2.0
32.7169885409492,8.140954406073014,21.24145764771415,261.25078221979,3.3880268151961808,1.0
22.70343287896355,24.316435041813467,56.40621984216446,306.254169967659,4.942962134488056,5.0
15.409660403515575,26.8631769113035,56.787002379762484,422.23813578277714,3.45022230791944,3.0
1.3183758929412608,3.065265072710132,51.38186342677447,312.7166847908233,4.590642567543636,4.0
2.6444132202511725,17.16191177059907,30.495357853061805,522.6963851233405,3.7661945663939598,1.0
34.323457502662585,7.153526508479225,44.2843296578703,310.03638143853976,3.1259897237588055,3.0
13.987409204483843,3.6370610384020035,44.945961913641476,372.46847257518857,2.8573506665776107,4.0
0.13859408416491614,49.50303150330229,27.624529662111858,443.259083187309,2.6096692732582616,2.0
1.6049535215392399,16.456515326248788,67.55097452650726,208.16342670669684,4.285394574133091,2.0
16.337435809353615,40.58878506980442,58.16043435863507,173.91911880192242,3.1596215204690834,2.0
0.07611655577695504,13.10471241080631,41.68553739255504,197.4343685429905,3.5338263866022537,4.0
2.6297372415629856,34.2343847500845,45.40328758491796,476.2584103427182,,5.0
11.935467692083975,38.131279064539484,48.125742119213285,294.81418541075533,3.7318370876993936,2.0
17.65972929982219,29.98411766008829,14.373976973635642,605.8199285668252,4.5967314368736565,2.0
15.83162223202873,23.84302133323284,41.29233926219105,293.57524013426115,4.942218030750288,4.0
3.8092480096203674,20.886125250289794,34.77023628003302,368.4551303197037,,0.0
18.68125933347808,17.768979193878266,29.975699851576266,504.21099525678756,4.482556766318909,3.0
4.062356385792089,46.51169264026738,40.78349560671067,550.6092888159124,4.293583383964153,0.0
5.904523633771267,41.61566068549259,71.96529790274283,556.1503576636399,3.7205868543667195,2.0
20.58536327498686,48.26883207799237,54.61264291900515,470.8366230593142,,2.0
15.731607214541521,6.652712562534464,36.432315153258045,452.40625258114625,2.6014235465852082,1.0
28.379341161951015,36.677940022580394,53.58874172034238,409.2526949201183,2.3277926309288643,4.0
16.077199322546434,46.94785261264137,65.99033154879004,427.83610761666375,4.561885900866266,5.0
12.600664583808861,9.471036775200178,58.869505243691535,294.88142836714667,3.317449449901245,1.0
1.4753559217261574,3.791565234655486,45.89445554880261,268.1801116577693,4.540906562621181,4.0
6.8762446081053,37.18547213985792,35.295948334416394,349.6625542589048,4.679270615586245,0.0
4.622402217882468,28.93641910240564,55.47334970420385,332.98153774750716,2.1873727808572143,6.0
4.195503054936319,42.17052444953447,50.90228078132624,304.67719506727246,4.650394288958182,5.0
54.18464109244388,7.41873264300133,,419.63874474567154,,1.0
7.490812455600357,39.86573193706457,54.52757702522954,445.5305208570511,3.5312974670126964,5.0
33.39082816872784,10.480552342363355,60.743290729790026,358.84068862918474,3.879777533279631,1.0
14.960015786047247,8.600969171852373,36.97147182659148,497.7530081055262,4.779147820190261,4.0
23.757378790325998,8.631156997584151,64.76091098451488,235.8310885866495,2.057348283289292,2.0
10.476529865831557,40.821448651453416,47.96399407038599,330.63405407202816,3.4305304049534513,1.0
12.902338539623775,33.42726242446191,2.033201716510369,278.3177679397195,4.063166127291682,3.0
10.174401500125402,26.391738526071407,34.66218272865648,163.346338292694,4.1681208730946855,3.0
3.2582234298785773,18.262108964113374,71.03945704747875,341.73193141573006,4.077597294611324,6.0
19.226427045987055,43.92142677024886,47.96866175193972,337.82524916167165,2.4033053882243656,0.0
4.943660525493944,19.926032817420452,35.22872994578327,501.3449743242131,2.8981867651150437,3.0
0.36924721621032924,40.92167225384306,37.741712489185176,413.0811684554777,3.0761465762510403,5.0
15.554531794429108,22.237177974225812,40.1947903770852,247.5813175670795,4.413311623038515,1.0
2.9240035533723403,19.158749256532925,51.36248919602875,535.4092566334189,2.836279617243659,3.0
42.316247209099544,23.402649390645518,52.84253232053249,472.1033695525353,2.6321148916016095,4.0
46.163436191820345,15.418204771125033,36.394499940921314,408.20977034686155,4.872344057114288,2.0
36.95264826950762,37.50666431872443,44.634681116085254,327.3515901150168,2.026589855340407,3.0
6.934310947460501,25.384659309577717,77.13405537917795,254.05607632765202,4.993462567045935,7.0
0.23365973057916575,11.994528409767456,70.91314755151066,312.7793223928947,4.030463896572186,1.0
39.532851859978344,45.02894137709114,51.54485504511048,458.8748619704186,4.485407898347351,3.0
8.38407415579592,19.502615457973963,45.570052172523006,538.4586305934608,2.8838581890385795,3.0
51.01263024183084,27.405866625142437,46.80046990077392,504.3243528272189,2.04294583300118,1.0
49.70603214195308,45.37036949274508,,301.1150578213726,4.213608555684591,1.0
28.760805257691285,31.399780797742608,29.658111522023916,238.03825667109888,4.502433791002027,2.0
5.231641022582404,6.286453015064022,41.139351938649824,364.0886246911204,4.221428395860557,2.0
7.294378981480404,47.02169011886702,19.97123889183616,173.15606344371483,2.428550861902516,6.0
28.570899787171196,31.571548627035185,50.98834683907919,382.31677141847814,4.2602837667709075,1.0
5.717193471460756,17.077827925525764,54.707939095541114,335.2397413701331,4.306768346322923,3.0
2.7857792444363216,7.393967596837669,37.75220306550939,303.3963498131758,3.9756215470101646,3.0
12.206054880903416,39.80424686887965,68.6098014493505,190.52969327332045,4.298347798386759,4.0
41.26940206210563,31.19360141846142,,401.36001065697167,4.537764319033196,2.0
17.86238396636906,26.906324052827916,23.034376796852698,296.7299160338089,3.8408123427123755,3.0
12.661685046534833,44.747682861022405,48.36677727839958,233.0083164289712,2.265814141909037,4.0
1.5334229602398433,39.53556195561427,60.70647453918232,62.77377867183509,3.4628834290016326,2.0
14.317960732765766,8.007906546771183,70.25891537186803,347.2485094949364,2.232948004014815,3.0
69.15854621769476,15.930242355879637,38.1167360569659,527.2251596669744,3.2226290930972925,2.0
2.263808799633962,12.800212420816054,61.180212501469434,516.125921454787,3.221319467376883,4.0
10.957429874722555,37.32534148234751,44.422372957489394,304.2903743413728,2.198029532420725,1.0
31.479129568511915,2.1598555194210793,42.41059050088771,289.77879396382195,3.046461601908438,3.0
20.25051372530505,28.70953940113017,58.25489906230008,396.87742560750235,2.3329942963739443,5.0
17.911116379525097,38.241704944164184,54.78484317620129,250.16145608117085,4.424705630027667,2.0
18.18431334336735,43.899899019706595,21.354117645236258,380.1791899819466,4.843064077893413,4.0
6.682385134724236,17.43304656143742,67.14810524588844,426.608027838469,2.216949425773816,2.0
5.213431264006427,41.15223658126464,65.70137031221176,472.6933223884308,4.865345621875104,1.0
24.860617608895687,5.9762709792827575,35.61655947735706,339.9845923520047,3.5677297980102356,3.0
24.91992298630543,42.39938844085865,50.93705300156114,329.6326249823034,2.898697033861622,4.0
30.269250710518723,6.81068878543313,52.41045279424108,262.2017413243439,2.2305862258284908,7.0
36.66923942754954,20.165720882738178,48.910106487358604,267.311964596014,3.5018728042112537,4.0
10.741398553993555,39.966120606087905,36.7454226923187,327.3521108098473,4.383546633472246,6.0
10.442765663267988,7.920912653764302,34.92564948092922,386.7365506816178,,4.0
24.01424898462731,11.847944064015753,44.61668893512832,441.35846262332495,2.1506780343919214,1.0
15.745786123317004,36.25150213545678,62.59093528889047,269.6821049319655,2.2187055061037104,1.0
18.158259727672753,36.14180855903068,53.15400231891648,499.2688568959522,3.2086198478979115,7.0
23.829292124313074,32.23680782782222,39.44078501870841,322.8876398957431,2.8858714821438296,4.0
33.10985214520151,34.85044800112145,56.57548065972517,347.86327056515637,2.6971529691681435,3.0
6.187236107064813,393.1723871203294,2.27186069054887,275.2788320852177,2.8430134967261407,3.0
7.064051830913345,12.964053415894162,62.23148550558155,107.57597397270584,4.410448229890654,3.0
1.4804405878104083,17.61195167844401,18.904293318328506,438.40453963610497,4.787684160895562,3.0
12.95121039914152,9.489086981670571,39.563385878953014,423.6843897092433,3.2153080835826993,1.0
0.5490615631628549,45.468302786014604,28.20495158060784,321.86724428817865,4.718333006397492,1.0
9.399104222731644,29.37789384092296,25.579777864186415,356.6990717224872,2.9644871037436458,3.0
11.73441878530689,20.342145129800173,62.41240181067779,401.59392177040996,3.429310959031375,0.0
5.064459904717838,23.36928728038457,37.98448198032163,193.74541431134574,2.678086993447999,3.0
13.404487952192628,47.39052531078486,50.197558225960734,297.0947322653705,3.921428126527532,3.0
0.4646259315221182,8.09089445424597,44.29619131681224,429.4264679621827,4.936943345524426,0.0
0.5709524892418407,29.518376684831463,52.15561240834682,224.57105768307505,3.8104792881301357,2.0
25.94027054307204,25.541489604781066,46.15232836590383,379.3557932166629,3.0734422523406466,1.0
6.69877536311617,30.76698465401507,25.755116637171454,214.3418195376595,3.943452337971585,2.0
2.03833561946142,1.3964540991316052,59.9440022917071,396.6429982433526,,4.0
11.079803824185234,43.670133492735495,37.593651252580315,346.43585177025165,4.665977240796196,4.0
22.044719106686028,46.639854982938814,21.651271520103734,188.48681840944906,3.509251852339509,1.0
3.6467700514485504,28.474092587665844,38.578272585511314,466.47393544571713,3.3480492261189263,3.0
14.628294279847394,34.984215781906165,67.51139685951466,276.5408423201951,3.7575943653605575,3.0
1.3381654348484593,46.16371936827613,57.753326131702394,268.9747562985619,3.8743515883682074,2.0
0.7959764386546411,35.50831239851323,39.77021798388211,370.05691972309427,2.2153274186795393,2.0
11.368634109382814,8.050682624255938,39.76113443522357,464.86373494287153,4.047851663670207,3.0
11.668656640421133,29.026273828257253,40.17547423173926,248.4178181021603,,2.0
15.218061723069239,30.532394795951365,76.15121975341262,356.16798498479716,4.1418578975197695,3.0
19.424408443750263,21.494468229468108,50.7290317834733,392.8816500330573,4.46760438315259,2.0
55.85335513049989,36.95398966342378,,419.3105607263144,4.411875522657561,1.0
10.894366788455343,46.75116723106623,60.45425181047763,367.64415552772255,3.6575029022236674,0.0
5.850295711589682,46.31564138888543,48.581837385397705,313.2972160916678,3.5605096769322535,3.0
23.784809695990294,22.816548884504538,41.11436781268945,267.24097793512806,2.428627884018235,4.0
4.73777198154206,6.105283269117385,42.05475226372533,358.6143883046375,4.326038451209406,4.0
8.66975146909952,49.24963934863556,43.92598110878904,242.78609880143932,2.814228141340143,3.0
1.2255775287550486,42.02545527907374,44.44166645235238,57.86495165053924,3.4900862684538394,3.0
0.3851641431221157,6.670802719561709,55.9144431545547,393.6559804157668,2.85282227878255,6.0
49.31069884902903,46.08167318955993,,440.39348410861953,2.4014850889990793,4.0
27.116514631725938,43.55986992207535,55.98960115823369,113.70675644581615,3.88867309067521,4.0
17.859640991990126,26.18248382774057,43.78925129837126,249.02692952900625,2.1629961044687116,5.0
7.887894666977128,29.768134069373996,46.17952785474136,411.91542610051977,4.2459357023786,1.0
2.8545980421316313,20.25063384157145,15.026989732018386,555.7495469711698,2.9527603857833498,4.0
2.5518111235928123,3.210701121690551,58.74491512053722,352.0793707675408,2.000404079013456,2.0
4.320089836898754,17.092263461472097,50.19732713846989,277.19970587708656,3.5333874177116895,4.0
11.95185972469972,40.241245705601564,59.97015164789478,331.710355889516,2.1405557255828094,5.0
18.807739316651634,0.7292851387278415,1.5561693270946577,487.4876419148185,2.8285086734626983,2.0
16.190855245451978,17.008208998711638,76.32562057171091,285.40358208754645,4.120929462367148,4.0
4.926183920834939,20.209350332751693,42.90615557767239,270.08079933497464,2.1880688648655977,1.0
46.4715524783446,27.101082345427184,61.622742251062746,301.72564778179674,4.5180154770680065,2.0
20.085261073128397,46.032853012431644,29.401411093117037,254.66713917412875,2.011459767975749,4.0
12.123457228969968,17.644126721115082,54.191608575938545,362.26703159947954,2.7404716076057065,1.0
14.190457080561526,17.67418349386327,29.198766552395156,512.467845846956,4.222712168456214,1.0
8.160567982980771,37.006311781432544,35.64346558956292,382.3079273116029,2.9488104491879206,0.0
4.269919384110953,22.884788074045453,73.71047030800179,324.76464978737124,2.3056771641980407,3.0
6.600211939846686,11.617938735529107,3.512121858278148,320.8188731084456,3.0807017564012837,3.0
21.272727716350698,22.895756048568323,48.26149309769584,193.6809191303343,2.811179859153577,4.0
0.21747119581206414,7.472422508800093,58.05101596033131,438.31097771471593,,2.0
1.8507058835996406,9.231155832058054,52.43522831958907,342.2162802987198,2.9400437527554293,3.0
0.706415654287808,25.169204750604248,47.256283577153646,331.95200864093744,4.366797415328022,6.0
0.6237217787593864,21.23680975047512,50.47441503699338,669.3107567844861,4.675616434432204,2.0
29.013045504234878,45.78487210287095,81.05123377857413,379.87529083656864,3.3014522587295887,2.0
18.243609175510326,18.43849800627334,44.13571804449622,274.8208949904816,4.729829431563176,2.0
9.641768916193385,29.23912333876315,48.016485700724516,307.3642403794457,3.1319541618895785,4.0
1.5443537767171989,31.797082252016754,60.75981594011418,464.84457091967545,4.892235249470325,1.0
10.147769486958499,1.148175601122515,61.58288899436975,361.32704105377644,2.2678685735767186,4.0
9.621754981415569,33.34509991482717,62.805454583405705,206.17220216826334,4.061057799509728,3.0
2.8529206920033747,9.312780360052695,54.580953330437765,441.92289345752033,3.481442121370786,3.0
8.533486969534858,48.07298071473803,27.854926309042746,283.1855914461006,3.162946416366941,5.0
7.625049218748103,7.858805023779091,69.50147298451644,537.3297776217546,,3.0
14.350836493697019,21.023894124487676,27.80481910471968,458.0048065714649,4.111571274902993,1.0
15.12171804061368,4.724808569892871,49.5395319785855,305.2678104341249,2.0130898089509275,1.0
0.6954348603080209,49.845275466374396,4.468046427642402,478.1016361735113,2.500859266241596,3.0
7.0407600698259225,25.35865301139651,44.03792480110511,356.78555105274035,4.139138151902956,5.0
14.746874921740927,29.971558357342168,49.93143615455221,435.27736751222193,3.9991562407346195,4.0
10.491591789116846,3.8202856307271604,49.8203582317541,398.4732817294475,4.898142515386032,2.0
29.120241797631582,37.6230432847593,51.32881131352927,265.36433450091266,4.283113370752349,7.0
16.12462146082497,10.890326858231495,69.20566903587971,285.6450167682538,4.852318123194014,0.0
2.6677930315096097,44.95368732731533,51.803014522709695,452.99608175811613,4.10762150460442,4.0
1.0977365438436126,10.654412203859355,41.33765047064027,316.5224667893459,2.8941566259183293,2.0
15.425912206633367,9.939042172851495,59.46130752432536,309.6351536758003,,3.0
0.40303609001091645,2.3092085584806963,62.842057333869604,254.4877420650647,4.345471590034807,1.0
13.22021066710936,23.86731378294496,26.585882772945112,392.3599065593461,3.9324476644277477,3.0
42.258831830807274,28.459636096499512,53.96100104774787,556.2524919243144,2.1445580371798885,1.0
12.851736683663168,3.752577651703442,55.517591134663476,243.24670857457272,3.080151397702935,3.0
7.369510383358609,38.888617026403026,40.53654744960012,352.4219456672758,4.870399446452859,6.0
15.462407367674729,22.937797320027368,65.6356021996743,491.2220555415429,,3.0
9.194339610766368,26.45731833171521,42.7491661945121,342.0358608754285,3.298187408059114,2.0
11.832215408644803,22.317755973442292,46.88364680207313,395.2371796249734,,1.0
42.57190719349499,20.337771513328637,42.40392263574196,243.76064718531202,,4.0
7.3189129102528065,28.202196399756787,45.23368571372201,392.83070972076484,3.1061215125943855,4.0
48.73637792260131,8.18439217357027,28.55587369657197,331.28557349954514,3.10943976796153,3.0
35.363642756548785,9.50544245951592,23.399236761085586,448.5729995679863,2.157065060562417,1.0
3.26844391410675,43.1583882401691,68.91757594837458,468.7386051564751,4.302702885553755,4.0
1.0782623295473552,47.33271537561482,32.29557977522508,608.9563642018613,3.249513295711637,2.0
1.5933800322244531,18.978811155847772,30.129114758155392,407.9633173213576,4.4665396604492695,4.0
0.27584831770850554,13.901861320605912,12.699148295944276,382.57963165821667,4.551044003359686,1.0
1.4880751748363121,32.37797739033128,35.41557378465747,369.4384301577336,2.6359821640959744,5.0
17.233123088657507,20.73234146935577,25.153653098887524,314.68337071893114,3.972060446510386,3.0
1.1077444041964053,1.7566246051870706,69.63022740204553,383.8483843461691,3.416845412488945,1.0
5.762357824423027,8.229553569626422,60.14725634013951,320.45985898609706,4.640470213764456,2.0
27.952890601459156,35.94062532794618,34.67774482233414,366.8460976269614,2.6472220375293625,1.0
0.3532050477106726,33.11673512455249,78.78653708016463,481.75975356079596,4.033439600930133,5.0
25.26795759278938,1.8412516289224328,59.72648230487391,249.3457434720359,3.8232563667581676,1.0
4.966252002594442,11.487622015680998,40.12752924737066,463.9878561129045,2.885904432715498,3.0
1.8862517974366146,11.938202431109534,7.508914276896405,481.71150673398654,2.409802710953518,2.0
17.8973311265987,33.758690808137054,79.36413858886112,338.1931473008921,3.9549192814318297,3.0
14.870987646498305,1.4756716188410257,24.15641299854606,137.81451009914053,4.215792374396992,2.0
31.491237211304203,5.653374808236405,20.319018795646624,289.21780129055674,2.94688203129005,5.0
19.924403681466003,40.09584622597287,60.338556480144604,479.6994546561109,3.934497812066941,4.0
24.404937089909673,9.337960771689513,81.59628609508908,347.7131937701118,3.18539272283451,5.0
4.970007934601078,32.8109323386678,65.76409227765777,250.06977677050892,4.139620649847853,2.0
2.9299994406067045,12.290047661812963,53.45863680078539,299.52250787717827,2.5976458246821594,3.0
20.83134594008137,5.422348941587585,53.92131512497929,434.06200265045527,4.670645007908523,2.0
24.663137748651295,12.537023454472978,57.80123338170462,404.67335682013794,2.862228789396739,1.0
69.85507335210346,36.252213126855125,56.38392884680148,326.10679008303055,3.1033579632684587,3.0
7.981190312289074,42.85697517126115,49.21787135954064,313.31755881853127,2.1742758562410494,1.0
6.97865867942599,41.595883296066084,46.56301655927814,310.8241850956178,2.334536636963829,7.0
22.469317550153807,20.160584716113515,44.06110308150716,257.75898155014977,3.5475857081369844,6.0
6.251005063961297,33.570214260246985,33.690531166999854,511.5375689469442,2.8027780301839145,3.0
40.052068865989895,10.646722623083138,40.78987384699839,317.767953078866,4.506440677226584,4.0
29.322587357493738,15.010812647920156,19.605647787069216,471.71585208254965,2.0440801659648615,1.0
8.405334141632395,44.868623016795425,43.52490559807875,502.13160519224516,3.1372821460158087,1.0
20.846770747431915,1.1435952137814338,30.171133392736238,449.83108981479603,3.012036640307278,2.0
21.069494802825258,4.73267227729617,28.446160241763437,306.83796872819516,2.057982892752803,3.0
1.6325627821007702,10.790369629728353,47.698412267302174,390.37300903366094,2.3731051970015304,3.0
34.92668521301448,1.813344091754076,65.880034295169,347.5804393609084,3.240928024755906,1.0
10.555612346351316,9.481054036944967,58.774749090034696,259.6298139269872,3.4785937533423397,4.0
26.26998836284995,29.360557267999763,21.442490945652345,382.4359281721603,3.2128692417646074,1.0
5.786031392467624,21.36051525432865,30.155577951444936,232.09602088401977,,3.0
33.88185771818889,44.687249698310254,,468.76793884615637,3.7853950247170447,3.0
7.394826810902568,40.96345630605283,30.262689096925357,303.5382702701607,2.029771463383507,1.0
0.16345209922763218,17.419958909044862,41.63050275004463,370.11596558728394,3.3922854783605114,2.0
35.36860945443681,13.341459954848977,53.25078148536828,378.3287871546142,4.890497722662765,4.0
1.435884158227129,19.29477420427971,30.47483317704547,324.10950262959227,3.5570968403886463,2.0
5.769804500775583,29.719599654482984,46.580632592189396,408.6693801475275,4.03262680237686,0.0
44.95458574782428,13.769150220732374,24.989617576226934,302.50963433774757,2.9355915737506497,4.0
45.119243101559846,373.2060203659003,35.9794853407318,437.12972974572443,4.321974134458287,0.0
12.779959365828956,20.7658767834664,49.79672901213806,215.40203197532514,4.318764445628345,2.0
14.988451205857869,27.826335452173023,21.105093997024962,362.6379579546412,3.563888142962417,5.0
8.925219954342865,22.088263192198177,51.607121069405984,543.8928999058285,4.928041469837641,1.0
5.205341681192955,15.076055097324925,44.70543301609978,249.96686753944255,2.37665064428796,5.0
5.977295018255846,47.44843869462676,53.28734931625722,282.2255029475149,2.050842994668743,4.0
16.744853698927596,38.29848681090816,48.358712010969924,401.3907849658915,4.310474635271288,4.0
20.93756810494616,7.435602200439401,65.46210644960766,367.9581781939598,4.4214666120946475,3.0
23.52293124331723,43.48916480694668,46.87836753971861,385.0630099273559,2.3606216873617285,6.0
23.382465477731127,24.627844313350927,38.558916883121206,398.91871301476635,2.796748498875818,2.0
1.4345541981047916,44.780335231257524,46.83446254548426,413.472146856177,2.0526570900998866,4.0
10.23074394860034,40.0928351693921,53.14947043554582,460.9699841956223,,2.0
0.8892255967310669,21.548068471227054,45.732901054885566,390.9818656928513,4.3194256217560145,5.0
11.961919735430893,1.6122307618458112,45.608875368058236,325.87423453814574,3.553881583137737,3.0
8.738329124809253,13.799529289554831,34.47012468289867,417.2573701202731,3.0442867795048643,3.0
32.79927996331202,27.31089362571291,35.05648623673578,539.9881934895216,3.115217884718991,3.0
6.482874292018276,31.85717188139429,23.960920923004597,336.73662536174265,2.0040608771464044,1.0
1.867589663286763,13.265440428943513,71.24365114780409,252.54706953293584,2.899401582695708,3.0
2.3146148181317905,7.398125666604795,26.342051469130723,460.7080669286973,3.9393762249137914,6.0
21.501458206186406,41.829046721565305,34.60642203306139,337.96188360464015,4.922583331449071,3.0
14.443585196220525,49.22790794482583,34.22389101646204,132.73304539859637,4.541182480951699,1.0
1.5991306836807817,26.52166402398295,58.42386565416662,434.74216771504217,2.0707848939365876,3.0
1.3178328250290763,8.998124649491023,3.6770731670033396,296.46718140460774,4.695681814024518,3.0
18.108127074796496,13.979212662708763,63.716131090106,340.94667176958393,4.349595239895878,2.0
1.133191342886957,1.4103384890996034,4.3197583728497735,383.19803305690147,4.341128370712941,3.0
25.87778780712872,45.757790924744704,49.18491243335703,369.04996797790665,3.3739872770107144,0.0
18.374996296950073,6.328678603061986,32.46979420110364,420.94518171390393,3.1940158788635085,8.0
1.2727312587046808,29.03756553795555,77.17723691660083,306.4513629430157,2.908747186499578,1.0
1.3298080166671005,14.065733424016697,27.186023714557308,401.3105798176083,2.197084576863097,1.0
64.73187843087138,450.2974387248196,49.64731065340541,324.04533224160826,2.6847060904810975,3.0
7.032563738284344,32.74530922341728,2.6625111281166207,423.8810480887503,2.7398109049340738,2.0
6.9458289071296875,41.57221928350648,51.20698646177247,411.5367484013053,3.4522312091306047,2.0
25.133631049240154,10.717852952149858,42.220685116834375,256.45612979554045,4.242333219790082,3.0
44.132468069448656,1.0442935185947837,,458.59821161750324,3.4214294851938396,4.0
64.03160909402976,7.27583868840596,45.657172079686646,296.4036554885952,,3.0
20.998488451745125,45.050922771481204,42.79496997557267,430.8057798281145,4.873369402964611,7.0
7.080314994286884,43.757558839344505,59.45818675192365,386.72873134013406,4.828172957282337,3.0
1.3079099054693588,30.07194855743026,78.15784502387027,533.8183676795122,4.355568629445225,3.0
22.518638106819385,30.225584591465843,36.637623224882496,327.6534017628148,4.973983704692662,3.0
12.260406113422395,33.41931539003965,24.452955306313832,315.06832038818027,3.633446998400789,5.0
8.280496879574606,9.180878291860754,43.67576927473118,348.05803941122673,4.888305050759618,5.0
35.523565132171356,45.76339132328551,83.69564006481477,319.6820217165725,2.2268151218502523,4.0
1.7682031195782038,21.22914098215762,32.944881480454036,429.994190194205,3.097042244784114,4.0
10.177576640594314,19.465357148350122,69.58675208166102,188.3689391563412,2.6761438040202976,2.0
0.17127884148812503,26.18642641150046,70.1655122111466,244.6317580853646,2.58749925240281,6.0
9.485315543743894,2.824815355365225,36.69617637438008,243.2197078420807,,3.0
0.8692564659888866,8.731026753425931,53.534746187779135,445.03075919735755,3.86724092469799,2.0
1.8973649389675682,37.03266401310534,69.42594934692806,521.0613372581926,4.343965567241915,6.0
1.8753934801118441,4.59853406229376,39.313083885187694,339.55507814625287,3.734895198261082,4.0
15.713525796104573,30.356029418586214,41.946294598464576,333.1178276809989,2.440888128764629,3.0
20.558965763947093,12.644780929225387,36.274786290770344,357.0052163113181,4.433371309800412,3.0
13.133306658043027,19.77013289507784,29.778649039606996,466.18783026081906,3.9078641214911856,6.0
49.120803136535656,14.790339970149644,35.26083682400989,257.26468658094257,3.1644971183809867,4.0
7.046948668804008,18.105799465014982,26.64089599856615,373.83689827347854,4.022390886608189,2.0
5.047037361308381,36.092772306620155,45.51125202388839,447.51976297824297,2.7797149377284986,1.0
30.442538072553443,15.207524923347163,33.450401534120374,400.1094169939845,3.0355766254826317,3.0
3.7962310159778005,28.53702969469641,48.50678867686121,368.95816165987435,4.75245752939597,4.0
49.543051593778664,24.064494908855433,21.66156530694559,450.1046092567141,2.871513517014261,5.0
0.1834341653845396,33.35172268545108,49.96320348321686,79.6767707000763,3.40996480447381,6.0
52.537903843192225,46.87307209657552,57.50293442413387,417.78753195309076,4.670423412188044,2.0
0.6617849792775284,36.76231881190739,15.093965361428168,284.5924316872576,4.123164050802583,4.0
33.265818437400135,11.13954874024246,50.61084854771358,166.93671031435431,2.1866096784941083,4.0
11.252148755240855,2.0435651855335912,63.41503488709938,401.1202599524981,2.441909132836911,0.0
74.3524291188905,13.482070192841341,,487.36585451629577,2.0235247723157506,4.0
1.149920639316824,29.956357569662615,70.08858580256555,336.2551485372308,3.8927653706874903,5.0
12.106644956000231,3.0455777674703923,51.28528514049068,445.2874547202939,3.343020276231255,2.0
52.25362831884008,25.0701292364612,,511.22782579886456,2.402824552706827,5.0
11.106658997715659,30.043721021386016,44.16346383513441,481.49144535840475,4.873802363170311,4.0
14.88942435571781,17.04507259543956,53.374903687825835,513.9964529371393,3.5889791718368595,5.0
17.84851857175161,38.660154085418185,46.14008087118617,424.2127491071892,2.7256798823386674,2.0
9.091916335154263,5.776613530121704,53.08133988669554,357.5433638901593,,2.0
14.81511259512033,4.219320195922534,31.189896103809506,189.80341881028315,4.038860998205323,0.0
13.167387927086335,36.54534343207837,47.54041236054117,325.39375118700514,2.228717653920693,4.0
34.71349154223971,25.026820152206824,23.794282546425297,265.6753404683808,2.824111445143676,1.0
0.6976719261522146,34.57591862317293,43.33160907976949,567.0942717497813,4.420896472651981,2.0
4.947640888481377,22.02395326088544,31.44138537802815,332.41141875676635,3.378994611207984,3.0
45.059940087913965,12.696900645335788,33.9670508611535,362.3204806784486,3.6397314260968847,2.0
33.14513742680229,41.04556472487289,63.54139762815656,405.14853760404674,3.2984480066284076,2.0
9.1226289293943,40.07108600896447,61.369651808914035,354.3602446372454,2.1316998279290154,1.0
14.518995431084658,34.887475307294125,54.137071813607655,519.5051040430753,2.497249339460468,3.0
4.873101298426952,13.971184292883153,28.615308529911314,287.7350638265548,3.3366249162256727,4.0
3.1260624215409676,29.71641801001981,40.25387325457797,369.46074552372426,2.6275563962237833,6.0
9.345878982061482,18.368207898531328,63.19646549968775,275.75294143019516,2.1499370859790363,3.0
6.539303019251,5.033312629668391,47.12575370459857,217.9977488779294,4.530948992155471,2.0
13.143655590099645,45.90702198538102,79.7899430997254,288.8230909094715,4.9435775874923475,3.0
1.213834266497772,7.2725222304885895,50.89976759091558,346.2963202951588,4.379428621990218,1.0
54.97440183783851,47.53674901412972,47.880736747350475,307.06977754827403,4.561354765114001,2.0
64.25798363328808,22.57728576141881,,280.7579020126144,2.725931390951136,1.0
