damage_zone,car_class,detail_code,car_age,engine_volume,mileage,repair_cost
задняя,эконом,WHEEL-01,6,4.9,65.4,41.3
боковая,эконом,BUMPER-03,19,4.1,13.5,89.0
боковая,премиум,PAINT-02,23,4.0,56.4,155.3
задняя,эконом,SUSP-01,22,5.2,243.5,263.3
передняя,эконом,MOTOR-01,6,3.7,71.7,600.0
передняя,бизнес,RADIATOR-02,8,5.0,90.3,413.2
передняя,комфорт,SUSP-03,0,3.5,10.1,249.0
боковая,бизнес,BUMPER-02,25,1.3,289.2,290.8
задняя,эконом,GLASS-01,5,2.9,324.1,55.5
боковая,комфорт,TRANS-03,5,3.2,318.7,411.4
передняя,эконом,PAINT-01,21,1.7,51.0,50.7
боковая,эконом,ENG-02,11,1.5,361.3,356.3
боковая,премиум,LIGHT-01,21,3.7,268.9,162.1
передняя,эконом,EXHAUST-01,11,1.4,359.0,173.5
передняя,комфорт,DOOR-03,9,2.5,178.9,318.3
передняя,комфорт,HOOD-02,22,4.7,174.8,545.3
передняя,эконом,TRANS-02,25,5.8,313.8,600.0
задняя,бизнес,ALTERNATOR-02,5,4.6,37.3,355.2
задняя,эконом,PAINT-01,16,6.0,208.3,36.4
передняя,комфорт,BRAKE-01,18,4.5,334.6,190.4
задняя,премиум,INTERIOR-02,17,2.5,332.1,297.6
передняя,комфорт,BUMPER-01,5,4.4,382.5,305.6
передняя,премиум,LIGHT-02,23,4.5,279.3,302.9
задняя,эконом,ELECTRIC-01,18,2.9,83.1,129.2
задняя,комфорт,FENDER-13,9,1.1,8.1,120.1
боковая,эконом,WHEEL-02,23,4.5,191.8,67.1
передняя,бизнес,ALTERNATOR-02,7,1.1,205.5,369.4
задняя,премиум,SUSP-03,20,4.2,96.1,487.0
задняя,эконом,PAINT-01,23,1.8,49.9,52.2
передняя,комфорт,LIGHT-01,5,3.8,234.5,112.8
задняя,эконом,RADIATOR-02,20,3.5,305.7,245.7
передняя,комфорт,RADIATOR-02,24,1.1,397.3,339.4
передняя,комфорт,AC-01,6,2.8,303.3,351.0
боковая,премиум,PAINT-01,23,4.0,317.5,103.4
боковая,комфорт,FENDER-03,0,5.2,246.6,165.9
боковая,эконом,FRAME-01,17,5.4,394.4,296.9
передняя,эконом,RADIATOR-01,23,3.4,256.0,224.2
передняя,эконом,BUMPER-01,24,4.6,344.1,178.2
задняя,эконом,PAINT-03,19,2.6,378.3,75.5
задняя,эконом,TRANS-03,11,2.7,371.9,315.8
передняя,бизнес,RADIATOR-02,15,2.0,152.6,382.5
задняя,комфорт,AC-01,9,3.8,31.5,182.2
передняя,комфорт,DOOR-02,9,2.6,68.7,313.8
боковая,эконом,MOTOR-03,13,1.4,23.7,324.3
передняя,бизнес,BUMPER-02,24,4.4,42.2,434.9
задняя,бизнес,FENDER-03,19,4.5,73.9,274.0
передняя,эконом,EXHAUST-01,9,2.8,136.4,129.3
задняя,бизнес,TRANS-01,9,1.4,217.4,600.0
задняя,комфорт,BATTERY-02,25,3.1,284.7,92.8
передняя,эконом,HOOD-02,24,3.2,84.4,338.8
боковая,комфорт,TRANS-02,10,4.3,269.0,521.9
боковая,комфорт,BUMPER-02,22,2.6,281.7,208.3
боковая,эконом,LIGHT-02,1,4.4,223.4,25.6
боковая,премиум,FENDER-11,24,5.4,361.4,250.7
задняя,бизнес,PAINT-02,19,2.2,44.4,124.1
боковая,комфорт,LIGHT-01,7,5.9,70.8,52.7
передняя,комфорт,CABLE-01,22,2.9,171.5,15.0
передняя,комфорт,TRANS-01,6,2.3,50.7,539.7
передняя,комфорт,SUSP-03,7,3.1,226.5,381.5
передняя,комфорт,INTERIOR-01,0,1.5,159.4,140.2
задняя,эконом,ELECTRIC-01,20,1.6,113.8,147.4
передняя,комфорт,FENDER-13,1,3.1,68.0,168.4
боковая,бизнес,WHEEL-01,17,4.8,134.1,122.0
задняя,комфорт,FENDER-03,14,5.5,243.2,287.7
передняя,эконом,WHEEL-01,0,4.3,230.3,36.6
задняя,бизнес,BRAKE-02,4,1.5,65.4,122.6
передняя,эконом,FENDER-01,1,4.4,50.0,80.2
боковая,эконом,TRANS-01,19,4.2,10.7,258.1
передняя,эконом,BUMPER-01,2,5.0,5.0,166.6
боковая,эконом,WHEEL-01,18,5.1,351.9,50.9
боковая,бизнес,BRAKE-01,17,5.3,18.0,105.6
передняя,комфорт,BRAKE-02,21,3.1,292.5,221.9
передняя,эконом,ELECTRIC-02,17,4.5,348.8,314.8
боковая,бизнес,MOTOR-03,13,2.3,39.2,600.0
боковая,бизнес,BUMPER-03,23,6.0,174.5,210.5
боковая,бизнес,BRAKE-02,7,1.9,384.9,170.2
боковая,эконом,BUMPER-01,11,1.1,333.7,128.3
передняя,комфорт,BRAKE-02,20,1.7,195.9,170.2
задняя,премиум,ALTERNATOR-01,9,4.9,305.0,447.7
передняя,бизнес,EXHAUST-01,22,3.2,333.4,396.5
боковая,эконом,ENG-02,19,3.2,139.2,349.8
задняя,эконом,CABLE-02,16,5.8,356.9,59.8
передняя,комфорт,RADIATOR-02,10,5.6,188.2,374.6
передняя,премиум,FENDER-04,1,2.6,211.1,295.9
передняя,комфорт,ENG-02,25,2.0,399.9,600.0
передняя,комфорт,ENG-02,25,5.2,337.3,600.0
боковая,эконом,CABLE-03,3,5.5,144.7,25.1
задняя,комфорт,LIGHT-03,0,3.7,4.1,140.3
боковая,бизнес,HOOD-01,14,4.1,250.5,383.2
задняя,эконом,EXHAUST-01,12,2.3,281.6,74.5
передняя,бизнес,DOOR-03,7,5.0,260.3,500.3
боковая,премиум,DOOR-03,24,4.2,387.1,450.8
боковая,эконом,INTERIOR-03,3,3.5,345.2,59.2
задняя,комфорт,FRAME-01,9,1.3,179.5,447.1
боковая,эконом,ALTERNATOR-01,18,5.6,25.1,95.8
задняя,бизнес,BRAKE-02,17,4.1,190.4,251.6
задняя,комфорт,WHEEL-02,4,2.0,275.7,122.4
задняя,комфорт,LIGHT-03,18,4.0,243.1,188.9
передняя,бизнес,ENG-01,25,4.4,215.3,600.0
передняя,эконом,FENDER-11,22,3.6,187.5,141.9
передняя,премиум,MOTOR-01,21,4.6,117.5,600.0
задняя,комфорт,BUMPER-03,15,3.9,110.9,150.9
передняя,эконом,TRANS-01,0,5.7,200.1,400.5
задняя,комфорт,FENDER-01,11,1.3,64.2,173.8
боковая,бизнес,GLASS-02,23,1.5,136.3,116.0
передняя,эконом,AC-01,1,1.9,129.6,142.7
задняя,бизнес,BATTERY-02,20,4.5,234.9,88.1
боковая,премиум,FENDER-12,24,4.2,26.7,162.3
передняя,эконом,BRAKE-02,7,5.5,331.9,186.9
передняя,премиум,HOOD-01,17,4.7,225.0,600.0
передняя,эконом,EXHAUST-02,24,3.5,268.3,185.3
передняя,эконом,FENDER-11,15,6.0,281.2,105.3
боковая,эконом,SUSP-02,4,2.3,116.6,192.0
боковая,бизнес,EXHAUST-01,25,5.2,188.1,202.8
задняя,комфорт,ENG-01,21,3.1,382.5,600.0
боковая,эконом,AC-01,12,4.2,306.7,179.0
боковая,комфорт,SUSP-02,18,4.6,387.8,391.2
передняя,комфорт,ALTERNATOR-01,2,4.2,298.5,294.6
боковая,эконом,WHEEL-01,25,1.7,70.2,29.6
задняя,бизнес,FENDER-01,7,3.2,25.8,238.3
боковая,бизнес,ENG-02,25,3.8,231.1,600.0
боковая,комфорт,WHEEL-01,25,5.2,143.1,82.2
передняя,премиум,LIGHT-03,11,3.2,110.2,250.5
передняя,комфорт,TRANS-01,1,5.6,322.9,600.0
передняя,премиум,INTERIOR-01,10,3.2,146.8,217.6
задняя,комфорт,BUMPER-01,11,3.7,126.8,173.3
боковая,комфорт,GLASS-02,17,5.0,340.0,119.7
боковая,эконом,FENDER-11,12,3.9,338.5,41.8
передняя,бизнес,FRAME-02,4,5.8,142.5,600.0
задняя,комфорт,BATTERY-02,21,4.3,333.0,97.7
задняя,эконом,WHEEL-02,11,3.6,340.3,62.6
передняя,эконом,FENDER-11,1,1.1,169.6,59.0
передняя,комфорт,INTERIOR-02,4,3.1,26.6,122.7
передняя,комфорт,ENG-03,6,2.5,0.6,575.2
боковая,бизнес,FENDER-12,25,4.7,209.3,111.2
передняя,бизнес,ENG-03,25,2.0,137.6,600.0
задняя,эконом,WHEEL-01,23,2.0,398.9,44.3
боковая,бизнес,SUSP-01,11,1.9,309.0,284.5
задняя,эконом,BATTERY-01,15,1.6,304.5,96.1
боковая,бизнес,ALTERNATOR-02,22,2.6,382.1,375.4
боковая,бизнес,ENG-02,7,5.4,355.1,600.0
передняя,комфорт,BATTERY-01,8,4.9,127.3,59.9
задняя,бизнес,DOOR-03,14,4.7,66.4,329.1
передняя,эконом,ENG-02,4,5.0,298.4,600.0
передняя,комфорт,CABLE-03,12,2.3,151.3,58.7
передняя,бизнес,ALTERNATOR-02,4,5.4,189.3,438.9
задняя,комфорт,BRAKE-01,10,1.7,252.2,119.2
задняя,эконом,BUMPER-02,9,2.7,363.1,182.6
передняя,комфорт,PAINT-03,19,3.9,167.6,108.8
передняя,бизнес,SUSP-02,12,1.5,313.3,600.0
боковая,эконом,GLASS-01,8,4.7,107.3,62.3
передняя,эконом,EXHAUST-01,20,2.9,279.2,183.7
передняя,бизнес,FENDER-04,13,4.9,0.6,247.1
задняя,бизнес,CABLE-03,17,3.5,348.6,47.6
боковая,эконом,WHEEL-01,14,1.9,12.2,45.7
передняя,эконом,FRAME-02,9,4.7,285.1,489.9
задняя,эконом,EXHAUST-02,23,2.3,18.5,123.4
боковая,эконом,FENDER-13,6,3.5,106.5,108.1
передняя,комфорт,MOTOR-02,7,1.4,198.9,600.0
боковая,бизнес,FRAME-03,2,4.1,168.0,466.5
задняя,комфорт,ALTERNATOR-02,14,4.3,76.7,240.5
задняя,комфорт,WHEEL-01,15,2.9,133.5,115.8
задняя,эконом,AC-01,3,5.8,291.1,223.1
задняя,бизнес,PAINT-02,20,5.4,267.7,141.9
передняя,комфорт,ALTERNATOR-02,5,4.5,28.7,358.1
боковая,премиум,DOOR-03,0,4.6,298.9,346.7
передняя,комфорт,INTERIOR-02,3,2.3,21.2,117.0
передняя,эконом,LIGHT-01,10,4.3,217.2,98.2
передняя,комфорт,MOTOR-03,11,2.0,104.0,600.0
задняя,эконом,BUMPER-02,25,1.7,235.1,147.3
задняя,комфорт,BATTERY-02,4,6.0,104.5,96.8
передняя,эконом,WHEEL-02,22,4.1,394.0,146.6
задняя,эконом,SUSP-01,20,3.2,123.9,191.9
передняя,бизнес,FRAME-03,15,2.4,96.8,600.0
задняя,эконом,DOOR-03,12,4.0,111.4,176.7
передняя,бизнес,ELECTRIC-01,12,1.2,358.6,445.4
задняя,эконом,EXHAUST-01,16,1.5,254.5,126.5
задняя,комфорт,GLASS-02,6,1.2,292.3,71.8
боковая,комфорт,GLASS-01,7,3.5,367.2,52.8
передняя,комфорт,ENG-02,12,4.0,364.7,600.0
передняя,эконом,FENDER-12,22,1.3,295.6,114.3
передняя,эконом,FRAME-02,15,4.6,79.1,401.6
боковая,эконом,FENDER-03,3,2.2,337.3,106.2
боковая,эконом,FENDER-12,7,4.4,81.5,65.6
передняя,комфорт,GLASS-02,15,5.9,297.2,161.7
задняя,премиум,FENDER-03,20,4.5,274.2,477.0
боковая,бизнес,FENDER-04,9,5.4,303.6,217.3
задняя,бизнес,EXHAUST-01,24,5.7,213.1,277.3
задняя,бизнес,MOTOR-03,11,3.4,255.5,600.0
передняя,комфорт,ELECTRIC-01,11,4.5,381.3,429.6
передняя,эконом,AC-02,25,5.3,40.4,293.8
боковая,премиум,BUMPER-02,4,2.8,123.5,297.8
боковая,комфорт,FRAME-01,15,2.3,244.5,390.0
задняя,комфорт,CABLE-03,0,5.7,385.6,48.0
передняя,эконом,ENG-02,8,4.6,38.2,478.9
передняя,комфорт,ENG-01,11,2.1,9.0,600.0
боковая,комфорт,RADIATOR-01,4,3.2,22.3,164.1
боковая,бизнес,CABLE-03,21,5.0,21.0,42.2
боковая,комфорт,PAINT-01,19,3.7,363.1,64.8
боковая,эконом,LIGHT-03,21,4.2,288.5,104.1
задняя,премиум,ALTERNATOR-02,23,4.8,270.8,600.0
передняя,эконом,SUSP-01,2,4.1,209.0,260.3
передняя,комфорт,ENG-02,4,3.7,312.8,600.0
боковая,эконом,BRAKE-02,1,4.7,62.3,38.7
задняя,бизнес,MOTOR-03,13,4.6,156.8,600.0
передняя,премиум,DOOR-01,1,4.1,196.0,600.0
передняя,эконом,ENG-02,12,2.8,44.2,433.3
задняя,бизнес,SUSP-03,6,3.0,167.8,337.5
передняя,эконом,DOOR-02,9,5.9,126.6,287.5
передняя,премиум,FENDER-12,12,1.6,14.2,137.3
задняя,бизнес,PAINT-02,15,2.3,54.7,71.4
задняя,бизнес,SUSP-02,25,3.5,305.6,579.9
задняя,эконом,BUMPER-02,13,5.2,7.2,127.0
передняя,премиум,FRAME-01,10,1.8,373.7,600.0
боковая,бизнес,LIGHT-03,9,2.4,34.6,159.5
передняя,эконом,BUMPER-03,5,1.3,319.7,115.0
передняя,бизнес,FENDER-04,3,4.5,359.4,318.2
боковая,эконом,INTERIOR-03,20,2.2,376.5,100.3
задняя,бизнес,DOOR-01,0,2.9,347.0,369.9
боковая,эконом,PAINT-02,6,3.2,115.0,40.9
задняя,бизнес,HOOD-02,23,5.5,133.2,600.0
задняя,комфорт,LIGHT-03,8,3.1,170.6,167.3
передняя,эконом,DOOR-01,7,1.7,55.7,145.8
задняя,эконом,ELECTRIC-01,4,3.6,8.9,116.4
передняя,эконом,CABLE-01,18,5.8,347.6,32.2
передняя,комфорт,FENDER-12,9,4.0,221.7,110.1
боковая,эконом,LIGHT-01,10,5.9,243.5,23.2
задняя,комфорт,MOTOR-02,24,5.2,370.8,600.0
боковая,эконом,TRANS-03,14,1.2,266.0,237.6
задняя,эконом,PAINT-01,5,4.3,276.3,20.7
боковая,бизнес,INTERIOR-02,14,2.4,314.8,213.7
задняя,эконом,PAINT-01,4,3.8,46.5,17.4
задняя,премиум,LIGHT-01,18,2.4,144.1,148.6
задняя,бизнес,DOOR-01,21,2.7,387.3,471.2
передняя,комфорт,DOOR-03,18,5.6,369.2,405.8
боковая,комфорт,PAINT-01,9,2.0,353.6,23.4
передняя,бизнес,MOTOR-02,11,5.4,180.8,600.0
передняя,эконом,GLASS-01,21,1.2,342.9,122.6
задняя,эконом,EXHAUST-01,3,1.5,19.4,69.9
передняя,эконом,EXHAUST-02,17,5.3,59.4,148.4
боковая,бизнес,INTERIOR-02,15,4.2,165.6,168.2
боковая,эконом,PAINT-01,7,4.7,193.4,26.4
боковая,комфорт,BUMPER-02,3,2.0,105.4,220.6
задняя,премиум,HOOD-02,24,3.7,142.6,600.0
передняя,бизнес,PAINT-03,22,4.7,65.1,164.7
боковая,комфорт,ENG-03,11,4.1,195.7,534.3
задняя,эконом,LIGHT-02,1,3.4,317.5,67.5
боковая,бизнес,EXHAUST-01,3,5.8,264.5,199.5
боковая,комфорт,INTERIOR-02,4,4.4,43.1,70.7
боковая,эконом,CABLE-02,2,5.5,195.0,20.1
передняя,эконом,DOOR-03,8,4.6,279.1,218.7
задняя,премиум,CABLE-02,20,4.7,212.0,130.4
боковая,комфорт,TRANS-02,17,1.4,156.7,410.4
передняя,бизнес,TRANS-01,10,2.8,248.8,600.0
передняя,бизнес,BUMPER-03,2,5.3,387.5,327.2
задняя,комфорт,FRAME-02,24,2.2,38.0,505.0
боковая,комфорт,RADIATOR-01,22,1.6,156.0,186.4
задняя,комфорт,DOOR-01,1,2.6,162.6,230.8
задняя,эконом,FRAME-01,8,2.1,230.8,303.0
передняя,комфорт,BRAKE-02,13,5.6,60.9,181.5
задняя,бизнес,DOOR-01,3,5.3,70.7,350.1
боковая,комфорт,TRANS-03,8,3.5,114.1,362.9
передняя,бизнес,FENDER-12,12,1.3,382.3,198.4
задняя,комфорт,DOOR-03,17,4.6,293.6,292.3
боковая,комфорт,HOOD-01,14,4.1,264.7,342.0
боковая,комфорт,INTERIOR-02,9,5.9,326.8,146.7
задняя,комфорт,LIGHT-02,15,3.8,51.0,73.8
боковая,бизнес,DOOR-01,11,2.7,343.7,317.3
задняя,эконом,FENDER-01,19,3.6,237.9,132.0
передняя,комфорт,INTERIOR-03,4,5.9,134.1,211.7
боковая,эконом,EXHAUST-01,1,4.5,326.3,101.9
боковая,эконом,DOOR-02,9,4.4,321.0,166.1
боковая,комфорт,INTERIOR-01,0,2.2,338.3,82.5
боковая,комфорт,HOOD-01,6,4.7,46.2,236.2
задняя,премиум,FRAME-03,25,4.8,387.7,600.0
задняя,комфорт,ALTERNATOR-02,16,2.6,383.9,298.4
боковая,бизнес,AC-01,15,3.4,143.0,265.3
задняя,комфорт,INTERIOR-01,23,2.5,26.4,81.3
боковая,комфорт,ELECTRIC-01,2,2.3,66.8,213.6
боковая,эконом,TRANS-02,13,1.1,397.1,373.2
боковая,эконом,INTERIOR-02,9,2.4,225.2,31.6
передняя,эконом,SUSP-01,21,3.8,142.6,256.5
задняя,комфорт,RADIATOR-02,6,1.0,115.3,230.7
передняя,эконом,LIGHT-02,25,2.4,102.8,108.7
задняя,эконом,FRAME-02,16,5.4,265.7,441.4
передняя,эконом,CABLE-02,5,4.0,167.8,54.2
задняя,премиум,DOOR-01,22,4.0,386.2,600.0
задняя,эконом,DOOR-02,21,3.0,273.5,253.4
передняя,комфорт,WHEEL-02,3,4.4,316.8,159.5
задняя,эконом,EXHAUST-02,16,1.9,117.1,91.8
передняя,комфорт,ALTERNATOR-01,8,5.1,31.7,222.0
передняя,эконом,BRAKE-02,3,1.6,195.1,103.5
боковая,эконом,ELECTRIC-02,6,4.3,125.8,102.8
задняя,комфорт,HOOD-01,22,2.7,80.8,332.2
передняя,эконом,SUSP-02,1,4.7,381.1,325.1
задняя,эконом,BUMPER-01,16,3.7,177.6,187.5
боковая,эконом,INTERIOR-03,23,3.3,69.9,99.6
передняя,эконом,ALTERNATOR-02,7,1.8,79.5,189.6
задняя,эконом,LIGHT-02,22,4.2,112.3,40.9
передняя,эконом,EXHAUST-01,14,5.9,399.7,159.4
передняя,бизнес,FRAME-02,14,5.1,107.2,600.0
задняя,комфорт,FENDER-13,7,1.3,131.5,119.8
задняя,комфорт,CABLE-02,15,2.9,263.7,129.3
задняя,эконом,BUMPER-02,18,5.6,117.6,165.0
боковая,премиум,ELECTRIC-02,10,3.5,86.3,388.4
боковая,эконом,TRANS-02,1,4.3,63.5,234.9
задняя,эконом,FENDER-03,22,5.6,125.1,186.0
передняя,комфорт,SUSP-03,23,5.4,42.4,346.2
боковая,эконом,TRANS-03,16,3.5,7.5,243.0
передняя,эконом,GLASS-01,25,3.2,321.9,100.8
задняя,комфорт,BRAKE-02,15,2.7,55.2,131.9
передняя,бизнес,LIGHT-01,24,4.6,310.4,245.4
передняя,комфорт,ENG-02,14,2.4,319.0,600.0
боковая,бизнес,INTERIOR-02,12,2.2,215.2,188.7
боковая,премиум,TRANS-02,14,2.8,123.9,600.0
задняя,эконом,CABLE-03,3,1.9,58.0,47.5
задняя,эконом,SUSP-01,15,4.5,294.7,237.2
передняя,эконом,GLASS-01,11,4.1,240.6,52.0
передняя,комфорт,FENDER-02,3,3.4,262.2,131.0
передняя,комфорт,MOTOR-01,2,3.0,3.5,600.0
задняя,премиум,ENG-01,21,5.5,371.0,600.0
боковая,бизнес,BUMPER-02,16,1.1,26.5,207.8
задняя,комфорт,INTERIOR-01,21,4.8,146.7,137.4
передняя,эконом,LIGHT-02,17,5.5,161.1,88.9
боковая,бизнес,EXHAUST-01,24,3.2,0.5,214.9
боковая,премиум,FENDER-11,17,3.8,198.8,178.8
задняя,бизнес,FRAME-01,22,5.7,301.1,600.0
задняя,эконом,AC-01,16,2.1,329.3,182.2
задняя,комфорт,ALTERNATOR-02,11,3.6,351.8,310.6
передняя,эконом,LIGHT-03,22,3.4,195.1,130.0
задняя,эконом,FENDER-11,20,2.3,252.3,65.0
боковая,эконом,SUSP-03,23,5.1,31.8,145.1
передняя,комфорт,ALTERNATOR-02,3,5.5,195.2,322.5
передняя,комфорт,GLASS-02,11,4.9,61.9,106.5
передняя,эконом,DOOR-03,25,2.0,147.9,200.5
передняя,эконом,ELECTRIC-02,22,1.4,131.7,256.9
боковая,комфорт,BUMPER-02,21,4.0,169.4,198.0
боковая,эконом,INTERIOR-03,20,1.3,228.7,82.1
задняя,эконом,ENG-03,19,4.4,361.2,514.2
передняя,комфорт,ENG-01,14,3.7,157.8,600.0
задняя,бизнес,CABLE-01,22,4.3,392.5,67.0
задняя,эконом,ALTERNATOR-01,15,4.0,303.6,188.0
передняя,эконом,AC-01,4,3.1,204.6,190.0
задняя,эконом,ENG-01,20,2.0,257.6,511.1
задняя,премиум,HOOD-01,14,2.5,40.9,504.5
задняя,комфорт,ENG-02,16,3.6,337.8,600.0
задняя,комфорт,SUSP-03,17,4.3,232.9,300.7
передняя,эконом,BUMPER-02,4,4.9,394.4,234.0
задняя,комфорт,TRANS-03,12,4.8,254.6,502.7
задняя,эконом,FENDER-02,18,5.9,333.6,148.9
задняя,комфорт,SUSP-03,12,2.4,319.9,280.5
боковая,премиум,AC-02,17,1.4,138.2,420.4
задняя,комфорт,RADIATOR-01,13,2.7,103.8,189.9
передняя,бизнес,EXHAUST-02,3,4.7,172.2,335.4
передняя,бизнес,ENG-03,3,3.2,186.9,600.0
задняя,эконом,CABLE-03,19,5.1,96.0,34.2
передняя,премиум,ELECTRIC-02,19,3.7,357.8,600.0
задняя,эконом,TRANS-02,18,5.6,217.0,488.3
боковая,комфорт,SUSP-01,12,5.7,391.4,320.9
задняя,эконом,INTERIOR-01,11,1.3,324.0,81.5
задняя,эконом,FENDER-12,6,3.3,222.3,87.0
задняя,комфорт,BUMPER-02,24,4.0,378.8,293.2
задняя,эконом,INTERIOR-02,11,2.3,201.9,101.3
задняя,комфорт,BUMPER-02,20,3.0,354.8,258.9
боковая,комфорт,FENDER-03,3,4.4,143.3,172.6
задняя,эконом,FRAME-01,1,2.1,151.5,254.9
боковая,эконом,TRANS-01,1,4.0,167.3,256.8
боковая,комфорт,RADIATOR-01,4,4.5,218.7,177.2
передняя,эконом,ALTERNATOR-02,22,1.5,221.4,215.8
передняя,бизнес,BUMPER-01,9,3.5,198.6,343.0
передняя,комфорт,PAINT-03,9,2.3,122.4,87.7
передняя,бизнес,SUSP-01,8,4.6,370.9,600.0
передняя,комфорт,INTERIOR-02,12,1.9,235.4,209.4
задняя,комфорт,WHEEL-02,6,5.5,163.1,122.1
передняя,комфорт,FENDER-13,4,3.2,260.5,191.0
передняя,эконом,FENDER-13,25,2.0,307.2,121.7
боковая,эконом,CABLE-03,9,3.2,384.3,72.4
передняя,бизнес,MOTOR-03,9,3.0,199.8,600.0
боковая,комфорт,LIGHT-01,5,3.1,44.8,67.3
передняя,бизнес,SUSP-02,18,3.9,176.3,600.0
передняя,бизнес,RADIATOR-02,20,3.6,191.6,483.5
задняя,бизнес,AC-01,7,1.7,358.8,300.5
задняя,премиум,ALTERNATOR-01,0,1.3,157.9,347.8
боковая,комфорт,INTERIOR-02,16,4.6,381.3,119.8
боковая,эконом,LIGHT-01,6,3.8,194.1,78.0
боковая,комфорт,WHEEL-02,13,2.8,389.5,92.8
передняя,эконом,BUMPER-01,20,5.0,3.3,188.7
передняя,комфорт,FENDER-02,20,2.9,359.5,191.1
боковая,бизнес,RADIATOR-02,16,5.0,372.4,350.0
боковая,комфорт,FENDER-02,8,2.5,384.4,122.6
боковая,эконом,WHEEL-01,16,1.4,5.2,19.2
задняя,эконом,GLASS-02,4,5.7,68.7,39.3
задняя,комфорт,AC-02,25,3.0,261.5,338.1
боковая,эконом,RADIATOR-01,24,5.0,10.2,126.3
передняя,бизнес,GLASS-02,19,2.4,25.4,149.2
боковая,эконом,LIGHT-02,7,4.2,88.4,58.4
боковая,эконом,WHEEL-02,5,5.4,205.0,61.3
задняя,эконом,FENDER-13,10,1.2,218.4,107.5
боковая,комфорт,SUSP-02,18,5.2,13.7,307.0
боковая,комфорт,FENDER-03,3,3.9,68.1,163.5
передняя,эконом,BUMPER-02,17,4.0,199.9,207.0
боковая,эконом,MOTOR-02,0,3.6,237.6,403.2
задняя,комфорт,BUMPER-01,12,5.4,59.4,144.5
боковая,эконом,AC-02,13,1.2,159.5,148.4
передняя,комфорт,FRAME-01,23,2.3,361.8,600.0
боковая,комфорт,RADIATOR-01,0,5.4,399.6,196.6
задняя,эконом,FENDER-12,10,4.8,394.9,123.0
передняя,эконом,DOOR-02,16,1.1,352.7,249.3
боковая,премиум,BRAKE-02,3,3.6,157.9,160.4
передняя,комфорт,MOTOR-01,25,3.6,274.6,600.0
передняя,комфорт,DOOR-01,11,3.0,166.6,267.6
боковая,эконом,FENDER-11,9,2.5,259.4,76.3
боковая,комфорт,GLASS-02,5,4.4,123.8,112.5
задняя,эконом,WHEEL-01,24,2.0,242.5,45.3
задняя,комфорт,SUSP-01,0,5.0,209.5,273.2
задняя,премиум,FENDER-11,6,5.0,9.8,203.1
передняя,эконом,PAINT-03,25,3.1,316.3,42.6
передняя,эконом,ELECTRIC-01,20,2.4,4.8,213.1
задняя,эконом,WHEEL-02,15,2.4,117.3,48.8
боковая,эконом,BUMPER-01,23,3.4,2.4,145.5
боковая,эконом,TRANS-03,13,4.6,150.5,284.2
боковая,эконом,INTERIOR-03,22,2.8,25.3,85.7
передняя,бизнес,RADIATOR-02,19,4.1,365.4,600.0
задняя,комфорт,PAINT-03,19,2.9,166.3,96.6
передняя,эконом,BATTERY-01,5,2.5,183.8,62.1
задняя,премиум,WHEEL-01,21,1.1,139.9,107.1
задняя,эконом,SUSP-02,24,1.0,251.0,229.7
боковая,премиум,ENG-01,4,2.1,313.8,600.0
задняя,эконом,ELECTRIC-02,23,3.0,259.3,190.9
передняя,бизнес,FRAME-02,20,5.3,299.3,600.0
передняя,комфорт,FENDER-02,17,5.0,362.4,200.4
боковая,бизнес,CABLE-02,14,2.3,345.4,83.9
задняя,премиум,RADIATOR-02,5,2.2,269.6,466.8
передняя,эконом,ALTERNATOR-02,24,2.1,85.9,249.1
передняя,премиум,AC-01,18,2.7,255.1,581.1
боковая,эконом,MOTOR-02,0,3.5,202.4,429.3
передняя,эконом,FENDER-01,0,3.2,286.9,128.0
боковая,эконом,FENDER-11,12,2.1,333.2,66.0
боковая,комфорт,FRAME-01,2,1.7,297.1,361.8
передняя,эконом,TRANS-01,9,1.1,338.6,479.1
передняя,комфорт,GLASS-01,20,1.8,25.5,30.8
боковая,комфорт,FENDER-12,2,4.5,12.6,74.2
задняя,бизнес,GLASS-02,8,2.2,103.4,148.7
задняя,бизнес,PAINT-03,7,3.3,360.3,106.5
боковая,комфорт,INTERIOR-03,2,4.0,329.5,147.1
боковая,эконом,FENDER-12,24,5.4,273.1,61.7
боковая,эконом,WHEEL-02,12,5.4,280.3,113.2
боковая,эконом,RADIATOR-01,5,4.7,290.7,113.6
задняя,эконом,ALTERNATOR-01,12,1.2,377.0,159.3
передняя,эконом,PAINT-02,22,3.9,332.9,78.0
боковая,эконом,INTERIOR-03,19,4.9,249.4,112.7
задняя,премиум,ALTERNATOR-01,19,1.1,266.3,455.3
задняя,комфорт,LIGHT-03,11,3.7,85.5,104.6
боковая,эконом,DOOR-03,12,5.3,262.9,157.4
передняя,комфорт,MOTOR-03,1,3.4,169.9,600.0
задняя,эконом,FENDER-13,20,1.0,61.2,67.9
передняя,комфорт,GLASS-01,23,1.1,322.6,106.6
задняя,комфорт,ALTERNATOR-02,22,3.1,204.1,348.6
передняя,комфорт,ALTERNATOR-02,15,1.8,391.0,351.2
передняя,комфорт,MOTOR-03,22,4.3,112.7,600.0
передняя,премиум,RADIATOR-02,5,4.5,192.3,590.3
задняя,бизнес,ALTERNATOR-02,18,1.9,179.2,352.6
боковая,комфорт,TRANS-01,20,5.4,48.3,525.1
задняя,комфорт,FENDER-11,12,3.2,170.4,134.1
боковая,комфорт,EXHAUST-01,16,1.7,115.0,98.9
задняя,эконом,BATTERY-01,22,4.8,64.1,15.0
передняя,эконом,FENDER-01,8,4.9,112.9,159.3
боковая,эконом,INTERIOR-03,16,4.2,93.3,72.3
передняя,комфорт,CABLE-01,1,5.3,293.6,94.7
боковая,комфорт,FENDER-11,18,4.7,12.3,88.7
передняя,эконом,SUSP-02,18,5.4,247.0,346.8
боковая,премиум,ALTERNATOR-02,23,3.2,304.3,467.7
передняя,премиум,FRAME-03,6,4.7,192.3,600.0
боковая,бизнес,LIGHT-02,21,6.0,372.6,185.3
задняя,комфорт,INTERIOR-02,9,4.6,283.2,197.2
боковая,бизнес,LIGHT-02,9,1.6,299.2,118.5
передняя,эконом,BATTERY-02,19,3.6,78.8,91.5
задняя,бизнес,SUSP-02,8,3.9,310.9,535.6
боковая,эконом,WHEEL-02,16,1.9,332.8,90.0
задняя,бизнес,AC-01,14,5.8,144.5,342.7
задняя,эконом,MOTOR-03,1,1.9,85.3,368.3
задняя,бизнес,GLASS-02,3,1.9,154.0,109.2
задняя,премиум,GLASS-01,18,5.6,295.8,169.1
задняя,эконом,ALTERNATOR-02,16,3.3,167.1,167.2
задняя,комфорт,SUSP-03,4,1.3,294.7,202.5
боковая,премиум,BUMPER-01,6,4.0,45.4,280.1
передняя,комфорт,EXHAUST-02,17,4.0,322.4,314.9
передняя,бизнес,PAINT-01,20,1.3,101.3,61.0
боковая,комфорт,DOOR-01,21,5.9,99.6,269.2
боковая,эконом,DOOR-01,6,3.7,236.2,182.6
задняя,эконом,ELECTRIC-02,16,3.8,28.0,197.4
задняя,эконом,BRAKE-01,6,3.6,10.5,48.6
передняя,бизнес,SUSP-02,3,4.1,104.4,511.3
передняя,эконом,HOOD-01,7,2.3,215.2,254.2
задняя,комфорт,ENG-03,12,2.4,363.0,600.0
задняя,комфорт,DOOR-03,3,3.6,338.6,269.7
задняя,комфорт,INTERIOR-03,5,5.0,196.2,240.7
передняя,бизнес,BRAKE-01,24,1.2,14.8,149.5
боковая,премиум,RADIATOR-02,4,4.0,214.1,369.6
боковая,комфорт,SUSP-03,11,5.0,281.9,211.1
задняя,бизнес,INTERIOR-02,3,1.8,135.7,166.4
задняя,бизнес,DOOR-02,23,1.1,44.4,384.5
передняя,комфорт,INTERIOR-03,8,2.6,111.4,224.0
боковая,премиум,MOTOR-02,3,3.9,308.6,600.0
задняя,эконом,GLASS-01,18,1.7,140.5,15.0
передняя,эконом,RADIATOR-01,23,3.1,324.8,220.1
боковая,бизнес,PAINT-03,13,3.8,127.8,84.6
боковая,комфорт,WHEEL-01,4,4.0,65.4,39.5
боковая,бизнес,CABLE-02,17,2.4,174.3,59.9
боковая,бизнес,AC-01,9,3.0,180.9,223.9
задняя,эконом,ALTERNATOR-01,24,4.9,6.4,138.5
задняя,бизнес,ALTERNATOR-02,18,5.7,46.8,399.9
боковая,комфорт,RADIATOR-02,11,5.3,74.0,224.7
боковая,комфорт,CABLE-01,17,3.8,45.4,15.0
передняя,комфорт,PAINT-03,16,3.1,136.6,68.7
передняя,премиум,LIGHT-02,23,2.7,385.8,326.4
задняя,эконом,GLASS-01,10,1.6,203.7,52.9
боковая,комфорт,WHEEL-01,2,1.5,251.0,50.1
боковая,комфорт,FENDER-01,22,4.4,142.6,177.2
передняя,бизнес,LIGHT-01,16,2.3,129.4,146.4
задняя,комфорт,HOOD-01,0,2.3,9.3,180.7
задняя,эконом,HOOD-02,14,6.0,200.1,279.2
боковая,эконом,BATTERY-01,8,1.9,193.4,19.3
боковая,эконом,FRAME-03,14,1.7,63.1,215.8
боковая,бизнес,FENDER-04,23,1.5,305.7,222.5
задняя,эконом,FENDER-04,2,3.9,197.1,64.1
задняя,эконом,MOTOR-03,21,4.1,135.6,502.7
передняя,премиум,FENDER-01,18,2.8,58.8,381.0
передняя,эконом,AC-02,12,3.7,220.9,275.4
боковая,премиум,BATTERY-02,11,4.9,301.1,127.1
боковая,комфорт,PAINT-03,19,5.1,112.8,59.0
боковая,бизнес,SUSP-01,0,5.8,87.5,331.8
боковая,эконом,RADIATOR-02,20,5.1,208.8,169.9
задняя,эконом,EXHAUST-02,16,3.8,62.1,124.7
боковая,бизнес,ENG-01,12,1.9,266.6,600.0
боковая,бизнес,INTERIOR-01,0,1.5,242.1,127.3
боковая,бизнес,ALTERNATOR-01,9,1.3,34.8,162.6
передняя,эконом,CABLE-03,14,4.3,14.6,21.3
задняя,бизнес,ELECTRIC-01,6,5.0,248.1,337.6
передняя,бизнес,TRANS-01,21,3.5,117.7,600.0
боковая,комфорт,HOOD-01,17,1.3,34.6,259.2
задняя,бизнес,TRANS-01,15,3.7,303.8,600.0
передняя,бизнес,WHEEL-02,13,5.7,125.6,192.9
задняя,комфорт,ALTERNATOR-02,17,4.0,183.8,337.1
задняя,эконом,GLASS-02,6,5.0,94.7,73.5
задняя,комфорт,TRANS-01,16,5.0,250.9,600.0
передняя,эконом,ENG-01,17,5.7,120.6,600.0
задняя,комфорт,FENDER-01,11,4.9,387.2,244.5
задняя,комфорт,BRAKE-01,7,4.7,281.2,149.0
боковая,эконом,BATTERY-02,21,2.2,54.7,30.0
задняя,эконом,FENDER-03,1,1.3,166.7,108.1
боковая,эконом,ELECTRIC-02,6,3.6,154.2,122.6
задняя,бизнес,FENDER-02,3,1.6,213.7,131.8
задняя,премиум,LIGHT-03,17,5.8,336.8,312.2
боковая,эконом,BUMPER-01,5,2.4,233.4,130.7
задняя,премиум,PAINT-01,8,5.3,24.6,72.7
передняя,комфорт,BATTERY-02,8,2.9,262.2,129.1
передняя,эконом,RADIATOR-02,13,2.6,3.3,163.0
боковая,эконом,CABLE-02,7,5.7,312.0,15.0
задняя,комфорт,WHEEL-02,18,2.8,266.7,148.6
боковая,бизнес,SUSP-01,2,3.0,123.5,325.4
передняя,бизнес,EXHAUST-01,17,1.5,117.0,238.2
передняя,эконом,DOOR-01,4,4.4,319.3,213.9
передняя,эконом,MOTOR-03,13,2.4,313.3,600.0
задняя,комфорт,HOOD-02,3,3.9,140.9,324.5
задняя,эконом,SUSP-02,6,4.0,119.6,229.6
задняя,эконом,CABLE-03,19,4.6,223.9,70.2
задняя,эконом,SUSP-03,24,4.7,3.3,190.8
боковая,бизнес,DOOR-03,11,3.6,33.1,254.1
передняя,премиум,ELECTRIC-02,1,2.7,50.5,532.9
задняя,комфорт,AC-01,10,5.2,74.2,260.6
боковая,премиум,CABLE-02,13,2.5,204.8,89.4
задняя,эконом,CABLE-02,21,3.5,396.9,71.9
задняя,комфорт,BRAKE-02,22,3.0,261.0,170.5
боковая,эконом,TRANS-01,15,5.3,24.5,291.5
боковая,комфорт,PAINT-02,19,3.2,210.2,150.7
передняя,премиум,HOOD-01,5,2.9,198.7,600.0
боковая,комфорт,FRAME-01,22,4.4,57.7,345.1
задняя,эконом,AC-02,3,4.0,368.1,218.3
передняя,комфорт,INTERIOR-03,14,1.5,176.3,192.0
задняя,эконом,GLASS-02,23,3.5,397.8,80.0
боковая,бизнес,AC-02,24,4.7,168.0,410.2
задняя,комфорт,FRAME-01,0,6.0,243.2,508.3
передняя,комфорт,FRAME-03,6,4.1,41.9,466.9
задняя,комфорт,TRANS-01,24,2.9,181.7,546.6
передняя,комфорт,BRAKE-01,11,2.1,95.5,146.4
передняя,эконом,BRAKE-01,9,5.4,334.2,118.3
передняя,комфорт,LIGHT-01,4,5.1,313.6,134.9
передняя,эконом,FENDER-11,11,2.2,329.7,107.1
передняя,бизнес,ENG-02,17,2.0,289.4,600.0
передняя,бизнес,INTERIOR-01,9,4.6,333.1,217.1
задняя,бизнес,FENDER-12,5,2.6,80.3,104.9
передняя,комфорт,BRAKE-01,11,2.5,180.8,123.3
передняя,комфорт,PAINT-01,6,1.8,276.7,73.1
боковая,эконом,HOOD-02,17,2.3,255.0,219.9
задняя,бизнес,GLASS-02,1,3.1,286.5,122.2
задняя,эконом,ALTERNATOR-01,9,4.7,89.7,164.6
передняя,комфорт,FENDER-01,14,2.7,39.4,168.8
передняя,эконом,ENG-01,11,2.6,366.7,600.0
передняя,эконом,CABLE-01,25,2.4,224.1,44.5
передняя,комфорт,GLASS-02,16,3.4,61.5,104.0
передняя,эконом,LIGHT-02,3,1.9,317.4,84.7
передняя,бизнес,GLASS-02,6,3.4,366.0,183.5
передняя,эконом,INTERIOR-02,8,4.5,67.8,123.9
передняя,эконом,TRANS-03,18,1.1,327.0,427.7
задняя,комфорт,TRANS-03,22,1.0,373.3,490.7
передняя,эконом,INTERIOR-01,6,1.4,375.3,76.7
задняя,эконом,FENDER-02,22,3.7,365.7,129.7
задняя,бизнес,LIGHT-03,1,5.3,218.6,204.0
задняя,эконом,LIGHT-01,5,1.0,142.5,70.3
передняя,бизнес,BUMPER-01,17,5.7,2.9,356.8
боковая,эконом,PAINT-02,5,1.5,24.4,37.3
задняя,эконом,HOOD-02,12,5.2,171.5,279.4
передняя,бизнес,BRAKE-02,25,3.4,159.7,245.3
боковая,эконом,PAINT-02,18,4.3,73.9,15.0
боковая,эконом,BRAKE-01,1,3.6,158.2,27.9
передняя,эконом,MOTOR-03,11,3.4,69.9,507.7
передняя,эконом,WHEEL-01,14,5.2,339.5,63.0
боковая,бизнес,EXHAUST-02,13,4.8,119.3,212.9
боковая,эконом,FENDER-04,5,3.4,239.4,78.9
передняя,бизнес,PAINT-02,17,1.6,201.1,163.7
передняя,бизнес,FENDER-12,4,1.6,20.8,110.6
задняя,комфорт,ALTERNATOR-02,17,5.0,376.9,362.4
задняя,премиум,BRAKE-01,2,3.6,210.9,207.5
задняя,эконом,SUSP-01,2,3.4,130.0,152.8
задняя,премиум,FRAME-01,21,4.4,63.3,600.0
задняя,эконом,FENDER-03,21,5.3,135.4,109.3
боковая,комфорт,ALTERNATOR-02,9,4.1,8.2,211.8
передняя,комфорт,BUMPER-03,18,4.8,145.4,267.3
передняя,эконом,FENDER-12,2,4.8,212.6,83.5
боковая,комфорт,MOTOR-01,11,2.8,348.7,600.0
боковая,бизнес,SUSP-03,15,2.4,274.9,311.8
задняя,эконом,EXHAUST-02,16,5.0,44.6,109.5
задняя,эконом,WHEEL-02,6,2.9,59.1,85.5
передняя,бизнес,ALTERNATOR-01,12,5.5,171.2,429.4
задняя,комфорт,DOOR-02,23,1.3,78.3,206.9
задняя,премиум,ENG-02,1,1.3,11.1,600.0
передняя,бизнес,RADIATOR-02,3,5.6,322.0,446.5
передняя,премиум,FRAME-01,9,4.2,7.8,600.0
задняя,бизнес,ALTERNATOR-01,6,2.9,332.3,315.9
передняя,эконом,INTERIOR-01,23,4.8,57.6,100.9
передняя,эконом,ALTERNATOR-02,16,4.4,389.9,288.6
передняя,бизнес,HOOD-02,19,3.7,241.5,600.0
передняя,комфорт,ENG-03,5,1.5,294.0,600.0
передняя,эконом,FENDER-01,18,5.1,44.2,150.5
боковая,эконом,WHEEL-02,4,5.3,344.8,119.4
задняя,премиум,HOOD-02,9,1.9,335.7,600.0
задняя,комфорт,INTERIOR-01,8,5.3,261.2,82.9
боковая,комфорт,PAINT-03,12,5.4,200.9,64.8
задняя,комфорт,PAINT-02,18,3.7,288.6,111.0
передняя,эконом,CABLE-01,20,4.3,2.4,33.5
задняя,эконом,EXHAUST-02,23,2.9,237.0,139.2
задняя,эконом,INTERIOR-01,5,2.4,339.0,116.9
боковая,эконом,CABLE-02,3,4.6,142.8,15.0
задняя,бизнес,BRAKE-02,23,5.3,43.3,134.5
передняя,комфорт,CABLE-01,2,4.3,168.4,95.2
передняя,бизнес,FENDER-11,2,3.6,290.8,178.2
задняя,бизнес,TRANS-01,3,1.8,42.9,533.8
задняя,эконом,CABLE-02,24,1.3,82.4,28.3
задняя,комфорт,HOOD-02,4,3.2,59.0,347.0
задняя,комфорт,TRANS-01,7,1.2,318.8,554.2
боковая,бизнес,BATTERY-01,15,3.8,25.2,35.9
задняя,эконом,ELECTRIC-01,21,2.9,274.6,232.1
передняя,комфорт,SUSP-03,2,4.8,146.6,362.4
передняя,комфорт,LIGHT-03,23,2.5,302.3,204.8
передняя,эконом,LIGHT-01,11,4.0,385.8,116.3
передняя,эконом,ENG-02,24,3.7,45.8,568.0
передняя,комфорт,INTERIOR-01,7,1.0,125.8,105.2
передняя,бизнес,TRANS-03,12,1.4,324.1,600.0
передняя,эконом,WHEEL-01,3,2.5,106.5,79.4
передняя,комфорт,GLASS-01,13,5.4,86.0,57.5
боковая,эконом,MOTOR-01,13,1.7,330.2,431.5
передняя,бизнес,MOTOR-03,12,4.6,394.8,600.0
задняя,эконом,BUMPER-03,5,5.9,222.8,156.3
задняя,бизнес,MOTOR-01,16,5.0,111.2,600.0
боковая,эконом,CABLE-02,3,2.2,159.4,35.5
передняя,эконом,DOOR-03,7,5.5,68.1,190.4
задняя,эконом,BRAKE-02,16,1.5,304.8,94.9
боковая,эконом,DOOR-01,2,3.3,309.4,156.5
боковая,комфорт,FRAME-01,16,5.4,350.0,465.0
боковая,эконом,SUSP-02,8,4.2,10.6,159.1
передняя,бизнес,EXHAUST-01,1,3.1,224.8,258.9
передняя,эконом,SUSP-02,24,2.5,85.7,282.0
задняя,эконом,RADIATOR-01,12,2.9,136.4,144.4
боковая,эконом,MOTOR-01,19,3.5,314.0,484.9
задняя,эконом,BATTERY-01,1,2.6,76.8,76.8
задняя,эконом,FENDER-03,19,5.8,255.3,193.8
передняя,комфорт,CABLE-01,10,5.7,261.8,33.7
боковая,комфорт,INTERIOR-02,25,5.4,381.6,173.7
передняя,комфорт,LIGHT-01,21,3.1,310.1,121.2
передняя,комфорт,EXHAUST-01,14,4.5,321.5,259.2
задняя,комфорт,TRANS-02,10,5.5,212.6,600.0
задняя,эконом,LIGHT-02,22,5.3,74.7,27.2
передняя,комфорт,TRANS-02,2,3.1,170.2,600.0
передняя,премиум,WHEEL-01,2,1.6,219.8,144.7
задняя,комфорт,ALTERNATOR-01,25,1.4,271.4,263.0
передняя,комфорт,EXHAUST-01,11,3.9,243.1,232.9
задняя,эконом,CABLE-02,23,4.2,157.6,30.4
передняя,бизнес,FENDER-04,4,5.2,106.1,313.5
задняя,бизнес,CABLE-02,19,2.5,67.3,44.5
задняя,комфорт,FRAME-01,6,1.8,277.5,422.8
передняя,премиум,CABLE-01,6,2.9,258.2,74.6
передняя,эконом,DOOR-02,12,2.8,274.9,324.5
передняя,эконом,FENDER-01,8,1.7,149.0,169.5
передняя,бизнес,SUSP-03,24,4.4,105.0,470.0
боковая,бизнес,CABLE-02,20,3.5,303.9,58.8
передняя,эконом,AC-01,12,4.6,309.5,222.7
боковая,эконом,ENG-03,11,2.8,182.2,301.3
передняя,эконом,BUMPER-01,12,2.6,244.8,146.0
задняя,эконом,FENDER-04,23,3.4,149.4,104.9
боковая,бизнес,SUSP-02,9,5.4,280.8,465.5
задняя,комфорт,SUSP-03,0,1.2,334.3,300.7
задняя,эконом,DOOR-02,24,5.0,275.3,222.3
задняя,эконом,ELECTRIC-02,7,2.8,205.0,158.3
передняя,эконом,TRANS-03,21,5.3,183.5,477.1
боковая,эконом,FENDER-12,15,5.0,256.9,28.8
боковая,комфорт,AC-01,12,2.7,271.9,215.5
боковая,премиум,PAINT-03,2,4.5,223.5,112.6
передняя,бизнес,FENDER-13,2,1.8,250.0,251.0
боковая,эконом,SUSP-03,23,5.5,38.6,171.1
боковая,бизнес,BUMPER-01,4,3.0,380.7,218.5
передняя,бизнес,ENG-03,25,3.3,316.3,600.0
передняя,бизнес,FENDER-02,10,4.5,149.6,204.7
боковая,комфорт,FENDER-02,6,5.1,225.1,130.4
задняя,эконом,MOTOR-01,20,2.2,18.9,488.0
боковая,эконом,CABLE-01,23,4.3,16.5,36.2
передняя,эконом,BUMPER-02,9,3.0,100.3,156.4
боковая,эконом,AC-01,9,2.8,275.9,161.9
передняя,эконом,TRANS-01,19,4.5,340.9,600.0
передняя,комфорт,RADIATOR-01,1,2.9,223.7,255.7
передняя,бизнес,BUMPER-03,2,2.7,212.9,273.4
боковая,комфорт,ENG-03,7,5.2,160.9,511.4
задняя,эконом,INTERIOR-02,10,1.5,64.6,34.7
задняя,премиум,FENDER-02,12,4.4,47.3,216.4
задняя,премиум,LIGHT-02,6,2.2,304.3,189.7
боковая,бизнес,DOOR-03,12,1.1,371.0,300.8
задняя,премиум,FENDER-13,1,1.8,183.3,247.2
боковая,комфорт,ENG-03,5,4.0,263.8,500.0
задняя,премиум,AC-02,8,4.5,365.8,600.0
задняя,эконом,FENDER-03,19,1.1,36.0,78.0
задняя,эконом,CABLE-03,24,1.2,308.2,39.3
передняя,эконом,DOOR-01,1,5.5,246.7,218.9
боковая,эконом,FENDER-13,17,1.4,239.5,56.8
задняя,эконом,ALTERNATOR-01,15,5.5,117.0,185.3
передняя,комфорт,MOTOR-03,24,2.1,273.6,600.0
боковая,бизнес,FENDER-01,11,4.7,317.9,221.9
задняя,комфорт,DOOR-02,6,2.5,45.1,207.5
задняя,эконом,FENDER-01,6,5.3,213.4,108.2
боковая,бизнес,PAINT-03,16,4.5,40.5,96.7
задняя,комфорт,ELECTRIC-01,12,3.0,349.0,304.1
передняя,эконом,FRAME-03,10,1.4,203.1,321.3
боковая,комфорт,LIGHT-01,5,4.7,323.2,84.9
задняя,эконом,LIGHT-03,22,4.1,147.2,48.3
передняя,эконом,BATTERY-01,13,1.0,50.0,15.0
передняя,премиум,PAINT-02,5,1.0,16.6,187.5
боковая,эконом,INTERIOR-01,5,5.0,112.6,67.9
задняя,комфорт,ENG-01,1,2.3,97.7,587.5
задняя,бизнес,FENDER-04,21,4.2,224.1,250.3
боковая,бизнес,WHEEL-02,19,3.3,8.7,76.8
боковая,эконом,DOOR-03,24,5.3,208.2,188.6
передняя,эконом,INTERIOR-03,14,5.6,156.7,127.5
передняя,эконом,FENDER-02,16,6.0,230.8,157.9
передняя,комфорт,MOTOR-02,7,1.8,281.0,600.0
боковая,комфорт,BATTERY-01,4,5.3,253.6,58.8
передняя,эконом,GLASS-01,16,2.3,393.9,43.2
задняя,премиум,BATTERY-02,19,4.0,55.3,113.6
боковая,комфорт,FENDER-12,0,3.5,171.9,87.8
боковая,эконом,GLASS-01,21,1.1,169.9,42.3
передняя,комфорт,HOOD-01,17,5.7,166.8,487.5
боковая,комфорт,CABLE-03,14,1.4,265.5,50.9
передняя,эконом,GLASS-02,4,4.4,195.9,34.4
боковая,эконом,INTERIOR-03,6,4.9,207.0,120.0
передняя,бизнес,AC-02,17,5.0,172.9,567.5
задняя,комфорт,DOOR-01,5,1.7,396.7,312.8
боковая,комфорт,FRAME-03,21,3.2,371.0,386.2
передняя,комфорт,PAINT-01,20,5.1,123.1,99.5
передняя,эконом,MOTOR-03,4,2.5,44.6,476.0
боковая,эконом,LIGHT-02,18,3.3,335.9,37.2
боковая,комфорт,WHEEL-02,9,2.4,398.9,94.7
задняя,эконом,TRANS-03,14,3.3,117.0,277.0
задняя,эконом,AC-01,9,5.4,143.1,188.7
задняя,бизнес,TRANS-02,15,3.3,376.7,600.0
передняя,премиум,WHEEL-02,11,3.8,284.5,344.0
передняя,бизнес,GLASS-01,17,3.0,118.3,131.5
передняя,бизнес,HOOD-02,22,3.3,232.4,600.0
боковая,эконом,FENDER-13,0,1.1,377.7,107.8
задняя,премиум,WHEEL-02,15,2.4,324.7,254.1
задняя,эконом,DOOR-01,21,3.2,296.7,206.6
задняя,премиум,SUSP-02,5,4.2,294.8,600.0
боковая,премиум,HOOD-02,2,3.3,71.2,456.3
передняя,бизнес,CABLE-02,1,2.7,329.9,122.4
задняя,премиум,CABLE-03,1,2.9,110.4,59.9
задняя,комфорт,MOTOR-03,12,2.2,372.1,600.0
задняя,эконом,SUSP-02,8,5.6,145.9,248.5
передняя,комфорт,RADIATOR-01,15,3.6,343.1,290.2
боковая,комфорт,MOTOR-02,4,1.1,106.5,555.9
боковая,эконом,SUSP-01,22,1.1,205.8,171.2
задняя,комфорт,EXHAUST-01,20,5.9,42.8,162.7
задняя,премиум,AC-01,6,2.1,264.0,420.1
боковая,эконом,FENDER-03,12,5.0,334.4,128.4
боковая,бизнес,FRAME-02,19,1.3,287.4,600.0
передняя,премиум,EXHAUST-01,23,5.6,209.3,464.9
задняя,премиум,BUMPER-02,25,5.4,18.0,388.4
задняя,премиум,SUSP-02,12,3.9,373.4,600.0
задняя,комфорт,EXHAUST-02,25,1.0,282.2,205.5
боковая,премиум,TRANS-01,6,2.3,298.3,600.0
боковая,бизнес,INTERIOR-03,9,3.0,317.9,218.3
боковая,эконом,MOTOR-03,14,3.3,299.1,406.5
задняя,комфорт,ELECTRIC-01,20,2.5,176.4,247.5
передняя,бизнес,AC-02,5,1.2,293.4,441.7
боковая,эконом,ENG-03,4,4.0,250.0,308.2
боковая,комфорт,GLASS-02,22,3.6,341.6,93.6
передняя,комфорт,FENDER-02,1,2.4,321.0,136.0
боковая,эконом,TRANS-03,20,1.2,16.5,238.8
боковая,комфорт,DOOR-03,14,6.0,151.6,227.7
задняя,бизнес,LIGHT-03,25,3.4,13.9,173.1
задняя,комфорт,AC-02,15,4.8,40.8,293.5
задняя,эконом,FRAME-01,18,3.3,240.6,345.3
передняя,эконом,BRAKE-01,8,1.2,349.5,126.1
передняя,эконом,INTERIOR-02,21,2.5,47.9,128.1
боковая,премиум,FENDER-13,25,2.6,180.4,232.4
передняя,эконом,TRANS-02,18,5.2,364.4,600.0
передняя,комфорт,GLASS-01,6,4.3,325.7,111.9
задняя,эконом,BUMPER-02,3,2.4,207.9,133.4
задняя,эконом,ALTERNATOR-02,2,5.8,308.6,226.4
боковая,бизнес,HOOD-02,23,2.6,209.1,484.4
передняя,бизнес,AC-01,19,6.0,63.2,450.7
передняя,эконом,HOOD-02,10,6.0,49.9,292.6
боковая,комфорт,ENG-02,0,2.0,75.3,415.1
задняя,эконом,FENDER-04,5,2.6,140.4,107.8
передняя,комфорт,MOTOR-01,25,3.4,372.2,600.0
задняя,комфорт,INTERIOR-02,10,4.3,319.9,166.7
передняя,эконом,BATTERY-02,0,3.6,173.1,50.3
передняя,эконом,AC-01,20,5.8,197.2,267.7
задняя,эконом,FENDER-12,6,4.6,106.2,79.1
задняя,премиум,AC-01,5,2.1,281.7,424.3
боковая,премиум,FENDER-13,13,1.5,321.1,232.1
задняя,эконом,BATTERY-02,1,4.4,95.6,15.0
задняя,бизнес,AC-01,3,1.8,16.7,210.7
задняя,эконом,MOTOR-03,10,4.9,249.6,505.0
передняя,эконом,MOTOR-01,14,2.6,225.0,600.0
задняя,бизнес,FENDER-11,17,2.6,160.9,176.2
передняя,премиум,BUMPER-01,0,1.1,257.6,431.7
боковая,премиум,ELECTRIC-02,2,4.5,220.2,419.2
передняя,комфорт,FRAME-01,2,1.6,100.2,457.4
задняя,эконом,ALTERNATOR-01,6,4.9,159.1,187.1
передняя,бизнес,GLASS-02,0,3.5,171.2,146.3
боковая,эконом,INTERIOR-03,24,4.9,352.1,99.3
задняя,комфорт,DOOR-01,10,3.9,384.4,332.2
задняя,эконом,ALTERNATOR-02,5,1.4,357.2,209.2
передняя,комфорт,INTERIOR-02,19,4.8,287.7,194.8
боковая,эконом,INTERIOR-01,2,1.3,234.0,65.4
передняя,эконом,LIGHT-03,18,3.4,275.7,130.8
боковая,премиум,FRAME-03,1,1.9,375.6,600.0
передняя,эконом,ENG-01,17,4.8,100.0,600.0
передняя,комфорт,RADIATOR-01,11,5.6,214.0,293.9
передняя,эконом,WHEEL-02,9,3.8,275.8,108.6
задняя,эконом,MOTOR-01,4,3.6,271.7,506.2
задняя,эконом,LIGHT-01,8,4.8,100.9,61.4
передняя,эконом,LIGHT-02,1,1.0,234.7,61.3
боковая,бизнес,MOTOR-02,1,5.6,318.4,600.0
задняя,эконом,ALTERNATOR-02,5,2.0,190.0,152.9
задняя,премиум,BUMPER-01,9,5.9,317.3,435.2
задняя,комфорт,HOOD-02,17,4.7,144.0,373.7
задняя,комфорт,FENDER-12,11,4.9,375.5,129.1
задняя,комфорт,MOTOR-01,3,4.3,213.6,600.0
передняя,комфорт,SUSP-02,21,3.4,238.4,497.8
передняя,бизнес,SUSP-02,20,3.9,12.5,544.5
боковая,эконом,CABLE-03,16,1.2,68.1,29.7
боковая,эконом,CABLE-02,14,4.1,253.2,33.3
задняя,бизнес,EXHAUST-02,5,4.1,167.9,271.4
передняя,премиум,BUMPER-01,15,5.5,203.3,523.8
задняя,бизнес,SUSP-02,16,3.5,25.2,385.8
задняя,комфорт,CABLE-02,2,1.4,333.7,33.6
передняя,бизнес,RADIATOR-02,9,2.5,313.8,455.8
передняя,комфорт,BATTERY-01,4,4.3,74.1,75.9
боковая,комфорт,PAINT-02,13,2.2,253.7,48.3
задняя,эконом,GLASS-02,25,2.4,327.3,112.3
передняя,комфорт,ELECTRIC-02,20,5.1,256.3,474.6
передняя,эконом,ELECTRIC-01,12,3.9,124.2,173.7
передняя,эконом,ELECTRIC-02,25,3.5,262.4,304.6
задняя,бизнес,FRAME-02,5,2.6,84.2,593.2
передняя,эконом,DOOR-03,11,4.7,127.3,238.8
передняя,эконом,PAINT-03,25,2.4,96.0,18.8
боковая,эконом,FENDER-13,7,4.7,222.8,138.8
передняя,премиум,LIGHT-02,4,1.4,43.3,174.0
задняя,комфорт,CABLE-03,14,5.3,373.3,78.1
передняя,комфорт,ALTERNATOR-02,15,3.5,133.4,332.2
передняя,бизнес,LIGHT-01,0,3.2,87.6,117.8
передняя,бизнес,DOOR-03,15,4.1,198.6,404.2
боковая,эконом,SUSP-02,4,4.1,110.8,202.8
боковая,комфорт,AC-02,2,1.7,214.0,210.9
боковая,бизнес,ELECTRIC-02,19,4.8,139.4,340.0
задняя,комфорт,CABLE-03,14,2.4,52.8,104.4
задняя,эконом,INTERIOR-02,12,5.5,106.4,117.8
передняя,бизнес,INTERIOR-03,23,5.1,175.4,318.6
передняя,комфорт,FENDER-02,15,2.7,12.1,134.5
боковая,эконом,INTERIOR-01,22,5.0,308.3,81.9
передняя,комфорт,MOTOR-01,10,2.8,248.7,600.0
передняя,эконом,MOTOR-01,20,1.5,240.5,600.0
передняя,эконом,LIGHT-01,1,5.8,218.4,39.8
передняя,бизнес,BUMPER-03,21,4.3,236.1,354.0
передняя,эконом,GLASS-02,5,3.3,373.9,114.0
задняя,комфорт,FRAME-02,25,3.0,3.4,480.0
задняя,комфорт,BUMPER-03,25,2.6,19.1,147.8
боковая,эконом,GLASS-01,5,5.9,76.6,15.0
боковая,премиум,FRAME-03,13,1.7,66.9,514.9
передняя,эконом,ENG-01,24,2.6,72.5,600.0
передняя,эконом,TRANS-03,10,3.4,268.8,465.1
задняя,эконом,LIGHT-02,7,3.4,183.8,115.5
задняя,эконом,RADIATOR-01,7,3.4,396.7,135.8
передняя,эконом,LIGHT-02,0,1.9,90.8,111.7
задняя,бизнес,WHEEL-02,20,1.7,124.3,105.8
задняя,премиум,WHEEL-02,6,2.3,393.7,217.3
задняя,эконом,LIGHT-02,5,5.6,332.7,81.1
задняя,комфорт,EXHAUST-01,20,1.6,187.9,173.9
передняя,бизнес,BRAKE-01,7,4.8,221.8,234.2
боковая,бизнес,FENDER-13,18,4.8,337.3,220.5
боковая,комфорт,WHEEL-02,21,5.0,192.4,112.3
передняя,эконом,HOOD-02,20,5.4,82.4,370.4
боковая,эконом,LIGHT-02,23,2.3,331.4,91.2
задняя,бизнес,DOOR-02,19,2.1,215.1,414.6
боковая,бизнес,EXHAUST-02,7,3.3,61.2,206.8
боковая,эконом,BUMPER-03,25,2.3,202.2,151.2
задняя,эконом,MOTOR-03,13,4.7,165.3,466.2
передняя,премиум,FRAME-01,17,4.2,350.7,600.0
передняя,бизнес,LIGHT-02,24,5.4,50.4,193.8
задняя,премиум,SUSP-01,15,1.4,350.1,600.0
задняя,бизнес,INTERIOR-02,8,5.6,204.9,184.2
передняя,эконом,INTERIOR-01,14,2.5,161.7,106.7
передняя,комфорт,HOOD-02,25,3.5,64.8,497.1
боковая,комфорт,LIGHT-03,9,3.2,280.3,73.4
боковая,эконом,RADIATOR-01,21,4.8,370.7,203.4
задняя,комфорт,AC-01,15,3.1,150.2,219.6
передняя,бизнес,FRAME-02,3,5.7,96.6,600.0
передняя,эконом,RADIATOR-01,19,5.5,221.9,202.0
передняя,бизнес,WHEEL-01,12,5.4,318.5,252.3
боковая,комфорт,FENDER-01,21,1.4,1.5,94.7
передняя,премиум,BATTERY-02,4,5.3,252.6,207.5
задняя,эконом,AC-02,21,4.9,238.6,218.2
передняя,эконом,BUMPER-02,6,1.5,127.3,138.1
задняя,комфорт,SUSP-01,22,1.5,180.6,266.6
задняя,эконом,TRANS-03,8,1.5,98.8,268.9
боковая,бизнес,SUSP-01,7,1.1,316.0,316.9
передняя,бизнес,FENDER-03,15,3.7,253.8,373.6
передняя,эконом,ALTERNATOR-01,5,5.9,213.1,229.7
передняя,комфорт,INTERIOR-02,15,3.2,157.0,199.5
боковая,комфорт,MOTOR-03,5,3.7,116.6,516.6
боковая,эконом,BRAKE-02,13,5.8,329.1,128.7
задняя,премиум,BUMPER-03,20,2.3,180.6,297.1
задняя,бизнес,GLASS-02,0,5.3,200.6,138.4
задняя,комфорт,FRAME-02,24,3.7,208.3,600.0
передняя,бизнес,AC-02,8,3.8,179.3,471.6
боковая,комфорт,INTERIOR-02,24,2.7,102.4,118.6
задняя,премиум,FENDER-13,23,3.8,48.1,274.0
задняя,комфорт,BATTERY-01,12,1.4,39.4,54.7
задняя,бизнес,LIGHT-02,25,4.8,303.0,209.3
передняя,бизнес,BUMPER-02,18,2.4,89.4,398.1
передняя,эконом,PAINT-02,16,5.4,22.3,64.5
боковая,бизнес,ALTERNATOR-02,10,2.8,319.0,297.6
передняя,эконом,ALTERNATOR-01,7,1.7,61.6,149.1
задняя,эконом,SUSP-02,22,4.5,250.1,280.2
передняя,эконом,HOOD-01,4,1.8,135.5,262.5
задняя,премиум,SUSP-02,9,4.8,50.6,577.5
передняя,бизнес,FRAME-03,6,5.8,165.8,600.0
задняя,бизнес,ENG-02,9,4.9,5.9,600.0
боковая,бизнес,GLASS-01,3,1.1,336.4,94.5
передняя,комфорт,CABLE-01,8,4.0,205.4,61.7
задняя,премиум,BATTERY-02,25,4.5,55.7,180.2
задняя,комфорт,FRAME-03,13,5.1,94.8,458.3
задняя,эконом,TRANS-03,1,1.3,179.2,250.1
боковая,эконом,FENDER-11,24,3.4,75.5,44.9
боковая,бизнес,MOTOR-03,8,3.7,107.4,600.0
передняя,бизнес,PAINT-03,20,1.8,213.8,133.4
передняя,эконом,TRANS-03,0,2.6,333.0,389.6
передняя,эконом,INTERIOR-02,22,3.2,160.7,99.5
задняя,бизнес,FENDER-11,9,5.2,286.8,190.7
передняя,эконом,DOOR-01,9,5.6,350.7,234.1
задняя,бизнес,ENG-02,19,4.1,86.5,600.0
задняя,премиум,FRAME-02,24,3.0,322.9,600.0
передняя,комфорт,ENG-03,21,2.3,303.0,600.0
боковая,эконом,MOTOR-01,2,5.9,142.8,313.6
передняя,бизнес,ALTERNATOR-01,5,5.9,395.8,473.5
передняя,бизнес,ELECTRIC-02,25,5.6,105.0,579.3
боковая,комфорт,EXHAUST-02,5,4.9,101.9,122.3
задняя,премиум,LIGHT-03,20,2.6,308.9,271.8
задняя,эконом,BUMPER-01,1,5.1,173.9,157.9
задняя,комфорт,HOOD-02,25,3.0,132.3,390.7
передняя,бизнес,BATTERY-01,25,2.6,71.5,154.4
боковая,бизнес,RADIATOR-02,17,4.7,306.1,328.0
боковая,эконом,LIGHT-03,22,1.4,314.5,118.6
задняя,бизнес,INTERIOR-02,1,1.2,226.6,156.8
передняя,комфорт,ELECTRIC-02,11,3.2,382.9,404.3
задняя,эконом,ENG-01,21,3.2,127.3,536.6
задняя,эконом,PAINT-01,4,5.5,87.8,15.0
передняя,бизнес,GLASS-01,19,1.6,271.0,117.3
боковая,эконом,INTERIOR-02,6,1.6,303.4,84.8
передняя,эконом,BATTERY-01,23,1.7,90.0,57.0
боковая,эконом,CABLE-03,15,1.1,30.6,30.5
задняя,бизнес,WHEEL-02,19,1.4,324.2,168.8
передняя,комфорт,ELECTRIC-01,0,4.3,390.6,331.9
задняя,бизнес,GLASS-01,0,3.2,257.9,80.0
боковая,эконом,DOOR-03,16,4.8,111.1,171.1
боковая,комфорт,ELECTRIC-01,0,6.0,398.7,217.0
боковая,комфорт,SUSP-03,20,4.3,357.3,329.6
задняя,бизнес,BUMPER-01,19,1.3,205.4,270.0
задняя,премиум,LIGHT-02,12,1.5,330.1,196.5
боковая,эконом,BUMPER-01,8,5.4,326.3,77.7
передняя,комфорт,GLASS-01,14,3.6,373.9,69.7
задняя,эконом,DOOR-03,2,5.1,336.4,171.8
передняя,комфорт,ALTERNATOR-02,13,5.3,257.5,395.8
боковая,эконом,RADIATOR-01,22,5.6,243.7,149.8
боковая,эконом,FENDER-03,10,5.7,186.9,169.8
передняя,эконом,ENG-01,23,3.8,250.6,600.0
боковая,комфорт,WHEEL-01,21,2.7,318.1,84.8
боковая,эконом,BUMPER-01,11,5.8,387.6,169.9
передняя,бизнес,EXHAUST-02,12,3.7,186.9,347.8
задняя,комфорт,ELECTRIC-01,25,1.3,229.5,315.5
боковая,эконом,DOOR-03,12,4.2,177.9,121.1
передняя,бизнес,INTERIOR-01,0,3.9,267.4,149.4
задняя,эконом,FRAME-02,23,5.5,252.0,403.5
передняя,комфорт,MOTOR-01,9,4.3,7.1,600.0
боковая,комфорт,HOOD-02,2,2.7,216.5,254.3
боковая,эконом,ELECTRIC-01,23,5.8,35.4,119.6
боковая,эконом,GLASS-01,3,5.0,10.6,61.0
задняя,эконом,INTERIOR-02,15,4.2,316.5,65.8
боковая,премиум,TRANS-03,7,2.5,103.5,595.6
боковая,комфорт,BUMPER-03,15,2.9,136.3,131.2
передняя,комфорт,CABLE-01,16,4.3,25.6,56.9
боковая,комфорт,TRANS-03,18,1.4,71.8,374.4
передняя,эконом,EXHAUST-01,21,2.3,306.2,142.2
задняя,комфорт,FRAME-03,14,4.6,197.4,500.0
передняя,бизнес,AC-02,15,3.4,352.3,567.4
передняя,эконом,WHEEL-02,14,3.0,158.9,118.4
передняя,эконом,FRAME-01,24,1.8,107.5,414.1
задняя,эконом,BRAKE-02,1,3.2,139.0,15.0
передняя,комфорт,WHEEL-01,10,4.9,285.1,132.2
боковая,премиум,FENDER-04,0,2.3,222.0,212.9
передняя,эконом,BRAKE-01,14,1.0,361.7,118.2
передняя,комфорт,MOTOR-03,25,4.3,240.9,600.0
задняя,эконом,RADIATOR-02,18,5.9,197.2,186.2
боковая,премиум,HOOD-02,3,4.0,314.3,555.2
передняя,эконом,CABLE-03,10,1.6,379.0,50.1
задняя,комфорт,LIGHT-03,4,2.6,142.3,147.7
боковая,бизнес,RADIATOR-02,2,5.3,100.0,274.6
задняя,бизнес,FENDER-03,12,2.2,246.5,287.2
передняя,комфорт,BRAKE-02,9,4.0,199.5,182.1
передняя,эконом,DOOR-02,10,3.0,395.7,246.4
боковая,эконом,TRANS-01,17,2.0,184.9,302.9
передняя,эконом,FRAME-02,1,5.1,29.7,401.4
боковая,эконом,FENDER-03,6,4.7,390.9,120.3
задняя,комфорт,INTERIOR-02,8,4.3,337.4,144.7
боковая,эконом,FENDER-03,9,2.2,71.3,71.8
боковая,эконом,GLASS-02,17,1.5,361.8,81.8
боковая,комфорт,TRANS-01,22,3.9,136.3,460.5
задняя,премиум,HOOD-01,6,3.8,150.8,558.3
боковая,комфорт,DOOR-03,6,1.9,362.6,220.7
задняя,эконом,DOOR-02,2,1.3,212.0,182.0
задняя,эконом,ELECTRIC-02,11,1.4,55.1,171.2
задняя,премиум,MOTOR-03,6,6.0,147.6,600.0
боковая,эконом,RADIATOR-02,16,4.9,288.8,175.8
боковая,эконом,TRANS-02,25,5.6,69.7,355.9
боковая,комфорт,MOTOR-01,0,2.0,236.1,562.0
задняя,комфорт,TRANS-02,4,5.8,278.1,600.0
задняя,комфорт,BUMPER-02,15,1.7,137.5,180.2
боковая,эконом,DOOR-02,14,3.5,277.6,169.9
передняя,эконом,HOOD-02,1,5.1,353.7,355.3
передняя,премиум,AC-01,8,2.7,188.8,533.6
задняя,эконом,ENG-02,6,3.1,153.2,431.3
передняя,комфорт,SUSP-03,3,1.6,100.5,257.3
передняя,бизнес,FENDER-13,19,1.6,241.7,290.1
передняя,комфорт,TRANS-01,17,4.1,351.9,600.0
передняя,эконом,WHEEL-01,20,4.4,129.9,117.6
передняя,эконом,INTERIOR-02,3,4.9,158.5,160.1
боковая,комфорт,FENDER-04,12,3.8,162.7,94.4
задняя,бизнес,BRAKE-02,0,4.2,224.3,177.6
задняя,премиум,FRAME-03,23,1.1,91.4,600.0
задняя,эконом,FENDER-02,2,1.8,328.9,45.5
передняя,эконом,ENG-03,15,5.9,118.2,504.9
боковая,премиум,AC-02,21,1.4,282.1,493.7
боковая,бизнес,INTERIOR-03,3,4.4,205.3,190.9
передняя,бизнес,FENDER-03,24,1.9,234.4,414.2
задняя,эконом,BRAKE-01,22,4.6,71.8,105.4
боковая,комфорт,ALTERNATOR-01,24,4.5,294.0,250.9
боковая,бизнес,FENDER-11,15,2.2,75.4,121.4
задняя,комфорт,ELECTRIC-02,25,2.3,45.4,270.8
задняя,комфорт,PAINT-02,18,4.3,218.7,120.6
передняя,эконом,WHEEL-01,0,3.0,283.7,74.7
боковая,комфорт,FENDER-13,4,2.0,20.0,107.6
передняя,эконом,PAINT-01,18,4.7,27.8,15.0
боковая,комфорт,MOTOR-02,21,1.8,321.1,600.0
задняя,премиум,FENDER-13,23,5.3,323.6,387.0
задняя,эконом,FENDER-12,10,3.6,98.1,49.1
задняя,бизнес,PAINT-02,12,1.5,246.1,74.0
передняя,эконом,FENDER-04,19,4.5,177.3,174.6
передняя,комфорт,CABLE-03,4,3.6,253.1,67.9
передняя,премиум,MOTOR-02,20,2.5,345.2,600.0
передняя,эконом,FENDER-03,3,3.1,31.9,182.1
боковая,эконом,RADIATOR-02,3,2.5,311.2,172.9
задняя,комфорт,FENDER-01,3,2.3,197.2,158.6
передняя,эконом,ENG-02,3,1.8,225.7,503.5
боковая,бизнес,ALTERNATOR-02,19,2.8,261.6,276.7
боковая,премиум,MOTOR-02,20,2.3,369.0,600.0
боковая,комфорт,CABLE-03,17,4.4,22.7,15.0
боковая,эконом,LIGHT-02,17,4.4,11.8,22.2
передняя,комфорт,FRAME-01,15,3.5,71.3,502.6
задняя,бизнес,FRAME-02,8,4.9,394.6,600.0
боковая,эконом,FRAME-01,17,5.2,286.0,334.1
задняя,комфорт,BUMPER-03,21,3.9,245.9,212.0
передняя,комфорт,LIGHT-02,1,4.1,18.8,98.0
боковая,комфорт,SUSP-03,20,2.4,351.6,286.2
передняя,эконом,DOOR-01,3,5.5,325.1,248.2
передняя,бизнес,GLASS-02,11,1.1,265.9,170.0
задняя,эконом,RADIATOR-01,6,2.7,135.7,114.2
задняя,эконом,TRANS-02,14,4.6,28.2,358.6
задняя,бизнес,MOTOR-01,6,1.4,232.0,600.0
передняя,бизнес,BRAKE-02,21,1.9,287.9,253.3
боковая,эконом,GLASS-01,25,3.9,37.7,55.5
передняя,эконом,BRAKE-02,20,3.8,253.5,160.5
передняя,эконом,BATTERY-02,16,4.7,114.5,63.4
боковая,эконом,BUMPER-02,15,5.1,305.7,114.5
боковая,эконом,INTERIOR-01,18,1.6,215.8,120.3
боковая,эконом,MOTOR-01,8,1.1,51.6,324.4
боковая,комфорт,HOOD-01,13,4.4,210.6,305.2
задняя,бизнес,INTERIOR-02,16,2.5,158.3,148.0
задняя,комфорт,ENG-02,4,4.1,72.1,589.0
передняя,комфорт,GLASS-01,1,1.8,336.6,126.9
задняя,эконом,FENDER-13,19,3.3,4.4,49.2
задняя,премиум,CABLE-01,15,3.5,124.9,77.7
передняя,бизнес,FRAME-01,13,3.9,5.0,600.0
боковая,бизнес,SUSP-02,13,3.6,38.4,403.6
задняя,бизнес,WHEEL-01,0,3.5,118.8,140.2
передняя,премиум,MOTOR-01,2,2.7,21.7,600.0
передняя,комфорт,TRANS-03,25,1.4,238.7,600.0
задняя,эконом,ENG-03,6,1.4,34.7,279.7
передняя,комфорт,CABLE-01,25,3.2,280.7,79.5
боковая,бизнес,ELECTRIC-02,14,2.8,21.1,311.6
задняя,бизнес,HOOD-02,18,3.6,23.7,473.1
задняя,комфорт,FENDER-11,19,2.5,122.1,131.5
задняя,эконом,ALTERNATOR-02,1,4.4,358.6,182.3
боковая,эконом,BUMPER-02,18,5.3,256.6,164.3
передняя,премиум,TRANS-02,8,2.5,308.1,600.0
задняя,комфорт,BUMPER-01,18,2.0,56.6,135.5
задняя,комфорт,LIGHT-01,4,1.6,333.7,99.8
передняя,эконом,CABLE-02,17,4.1,3.3,47.3
боковая,эконом,CABLE-03,15,3.2,85.2,15.0
боковая,бизнес,BUMPER-01,3,1.9,246.4,238.5
задняя,комфорт,AC-01,11,4.3,150.1,226.5
боковая,бизнес,DOOR-03,6,1.7,393.7,292.2
боковая,комфорт,LIGHT-03,13,3.8,12.1,90.2
боковая,комфорт,FRAME-03,22,3.6,399.4,495.5
боковая,эконом,TRANS-01,11,4.7,249.5,317.8
задняя,бизнес,DOOR-02,2,1.3,223.5,309.0
задняя,комфорт,GLASS-01,4,5.4,23.8,87.2
задняя,комфорт,INTERIOR-01,16,4.5,109.3,147.7
боковая,комфорт,MOTOR-01,25,2.1,369.9,600.0
передняя,премиум,ELECTRIC-02,9,1.9,141.7,596.9
боковая,эконом,MOTOR-01,9,3.2,264.7,435.0
боковая,бизнес,DOOR-01,10,5.1,399.8,366.1
передняя,эконом,BATTERY-01,16,5.2,105.2,82.1
боковая,комфорт,BUMPER-01,4,3.6,230.4,139.0
передняя,эконом,PAINT-03,12,5.3,278.6,69.3
передняя,эконом,PAINT-01,9,1.0,65.9,47.4
боковая,комфорт,FENDER-01,8,1.2,59.5,123.4
передняя,эконом,BRAKE-01,16,5.6,182.5,106.0
боковая,комфорт,BUMPER-01,0,4.9,154.3,202.8
боковая,премиум,BATTERY-01,3,3.3,285.7,131.5
задняя,эконом,GLASS-01,3,4.8,27.8,68.1
передняя,бизнес,DOOR-03,17,5.8,388.9,599.3
передняя,комфорт,AC-01,8,4.9,5.7,274.3
задняя,комфорт,ALTERNATOR-02,24,5.2,240.5,336.1
боковая,эконом,FRAME-02,17,4.8,225.1,308.7
задняя,эконом,RADIATOR-01,13,1.8,53.9,102.4
передняя,эконом,FENDER-02,24,5.2,60.4,99.9
задняя,эконом,HOOD-02,14,2.0,317.1,259.3
задняя,эконом,SUSP-02,5,5.5,355.0,282.3
боковая,комфорт,DOOR-03,23,3.3,113.2,229.6
передняя,бизнес,RADIATOR-02,9,4.4,175.2,468.5
боковая,бизнес,BUMPER-01,14,3.5,142.0,185.5
задняя,комфорт,WHEEL-01,3,1.5,29.0,84.9
боковая,эконом,HOOD-01,17,2.5,269.3,227.1
передняя,эконом,INTERIOR-02,17,5.9,330.1,146.0
задняя,эконом,FENDER-13,24,5.8,122.0,148.4
боковая,эконом,FENDER-01,16,2.6,396.1,140.5
передняя,комфорт,SUSP-01,11,6.0,30.3,343.0
боковая,комфорт,FENDER-04,6,5.2,264.7,205.3
задняя,эконом,ELECTRIC-01,15,4.1,179.3,165.5
передняя,эконом,PAINT-01,10,1.2,178.6,70.1
передняя,бизнес,GLASS-01,13,5.5,183.1,166.2
боковая,бизнес,TRANS-03,2,3.8,103.5,417.8
передняя,эконом,LIGHT-03,18,5.3,286.2,149.6
задняя,премиум,HOOD-02,17,5.2,288.6,600.0
передняя,премиум,LIGHT-02,9,5.2,113.0,225.9
задняя,эконом,TRANS-03,5,4.5,334.1,353.6
передняя,эконом,SUSP-03,12,2.5,126.7,239.5
боковая,комфорт,GLASS-01,9,2.7,290.0,91.1
боковая,премиум,MOTOR-01,17,2.5,48.4,600.0
боковая,бизнес,HOOD-01,25,1.1,67.5,373.1
боковая,эконом,INTERIOR-03,19,3.9,126.3,127.8
передняя,эконом,LIGHT-03,25,4.5,237.5,149.3
боковая,комфорт,FENDER-11,15,5.3,258.2,102.1
передняя,комфорт,GLASS-02,24,1.7,158.5,98.5
передняя,эконом,RADIATOR-01,24,3.7,31.1,187.6
передняя,бизнес,ELECTRIC-01,5,1.0,149.5,398.6
задняя,комфорт,SUSP-02,12,1.5,275.5,346.0
боковая,бизнес,ENG-03,3,1.3,268.4,564.6
задняя,бизнес,FENDER-11,22,4.6,64.1,189.2
задняя,бизнес,PAINT-03,13,1.4,3.1,76.4
передняя,комфорт,DOOR-01,0,4.6,301.2,375.9
боковая,комфорт,RADIATOR-01,19,2.2,42.5,143.0
задняя,эконом,GLASS-02,4,5.4,32.9,49.3
задняя,комфорт,AC-02,7,5.1,1.1,252.9
передняя,эконом,BUMPER-03,11,5.8,173.0,167.7
боковая,комфорт,ALTERNATOR-02,1,5.4,201.3,216.2
задняя,эконом,MOTOR-02,11,5.7,255.1,600.0
передняя,эконом,FRAME-01,4,5.3,118.4,355.3
передняя,эконом,BRAKE-01,21,4.5,284.2,148.3
задняя,эконом,CABLE-02,4,1.9,67.7,49.7
задняя,бизнес,FENDER-02,12,2.4,332.8,206.9
передняя,бизнес,RADIATOR-01,8,2.1,228.7,367.8
боковая,комфорт,BUMPER-02,9,4.0,233.6,184.0
передняя,эконом,AC-02,0,3.5,83.9,231.3
задняя,эконом,EXHAUST-01,2,5.3,29.6,102.3
боковая,эконом,LIGHT-01,17,5.8,185.9,37.7
задняя,эконом,CABLE-02,11,3.0,246.2,15.0
задняя,бизнес,FENDER-01,2,3.5,38.0,154.7
задняя,эконом,FENDER-03,25,5.9,380.2,151.2
передняя,эконом,INTERIOR-02,24,2.4,392.2,156.8
боковая,эконом,ENG-01,8,5.0,218.2,418.2
задняя,эконом,SUSP-03,25,2.1,380.0,228.6
боковая,комфорт,FENDER-02,1,4.4,71.8,91.8
передняя,комфорт,MOTOR-02,2,2.3,10.2,600.0
передняя,эконом,ALTERNATOR-02,13,5.4,15.8,235.7
передняя,эконом,TRANS-01,3,3.8,235.0,446.1
задняя,эконом,ELECTRIC-02,24,1.9,24.7,177.1
задняя,эконом,CABLE-02,18,2.1,383.4,51.2
боковая,эконом,ENG-03,12,3.5,56.8,327.7
задняя,премиум,ALTERNATOR-02,6,5.8,121.9,435.9
боковая,комфорт,INTERIOR-02,11,4.8,329.0,116.6
передняя,комфорт,FRAME-02,2,3.4,87.5,594.0
боковая,комфорт,FENDER-01,22,2.7,97.2,175.4
боковая,комфорт,SUSP-01,22,3.7,256.9,305.1
боковая,комфорт,ENG-01,8,4.7,110.4,571.2
боковая,комфорт,SUSP-01,1,4.9,87.0,268.0
боковая,бизнес,DOOR-03,21,2.6,101.7,264.7
задняя,эконом,PAINT-03,8,4.6,196.3,48.0
передняя,комфорт,FENDER-01,11,4.3,386.4,316.0
передняя,комфорт,INTERIOR-01,11,5.8,332.9,180.2
боковая,бизнес,LIGHT-02,14,5.7,113.8,155.7
задняя,комфорт,FRAME-03,1,4.9,145.3,425.6
боковая,комфорт,CABLE-02,17,4.6,185.8,46.0
задняя,эконом,FENDER-11,12,2.4,391.6,136.4
передняя,комфорт,WHEEL-01,13,5.2,69.0,53.5
передняя,эконом,ALTERNATOR-01,4,3.1,143.0,123.5
задняя,эконом,EXHAUST-02,25,2.4,291.8,138.2
задняя,эконом,BATTERY-02,9,2.9,385.6,52.2
передняя,комфорт,PAINT-01,11,5.2,62.3,83.9
задняя,эконом,PAINT-02,9,1.7,91.0,29.6
передняя,эконом,FRAME-03,23,3.3,90.3,367.2
задняя,бизнес,CABLE-02,10,3.5,8.4,63.7
передняя,эконом,HOOD-01,24,1.2,241.6,351.7
боковая,комфорт,ELECTRIC-02,1,2.0,268.3,196.7
передняя,комфорт,AC-02,4,5.1,241.0,366.1
задняя,эконом,TRANS-02,6,5.2,28.5,372.5
передняя,бизнес,AC-02,5,2.5,27.7,390.0
передняя,эконом,EXHAUST-01,21,5.4,84.2,151.7
задняя,комфорт,ENG-03,22,4.9,116.1,600.0
задняя,комфорт,RADIATOR-02,2,3.1,314.6,279.1
задняя,комфорт,AC-01,12,4.7,63.8,198.7
передняя,комфорт,ELECTRIC-02,2,5.8,17.6,250.6
задняя,эконом,RADIATOR-02,25,3.3,157.6,221.5
боковая,эконом,DOOR-01,24,2.2,166.6,162.3
боковая,бизнес,AC-02,23,5.7,180.4,429.8
передняя,комфорт,BRAKE-02,20,4.0,330.8,260.9
задняя,бизнес,BRAKE-02,5,1.5,39.2,124.2
передняя,бизнес,HOOD-01,10,3.9,281.6,600.0
передняя,бизнес,CABLE-03,25,3.5,135.2,110.7
боковая,комфорт,LIGHT-03,16,5.3,124.0,117.5
передняя,эконом,RADIATOR-02,9,3.7,373.0,245.4
задняя,бизнес,LIGHT-02,11,2.3,99.4,129.4
задняя,комфорт,HOOD-02,16,4.4,257.0,467.4
боковая,эконом,BATTERY-02,3,3.7,110.1,33.8
задняя,бизнес,ALTERNATOR-02,1,2.2,202.9,335.4
передняя,бизнес,DOOR-01,10,3.9,314.5,531.2
передняя,комфорт,BATTERY-02,6,5.1,352.7,100.6
задняя,эконом,DOOR-02,1,1.1,335.5,195.4
передняя,эконом,DOOR-02,25,4.2,232.9,274.8
задняя,бизнес,TRANS-03,17,2.7,99.5,600.0
передняя,премиум,SUSP-01,20,2.5,264.5,600.0
передняя,эконом,DOOR-02,3,3.0,284.0,283.5
задняя,эконом,BATTERY-02,7,2.7,4.3,20.5
передняя,бизнес,PAINT-01,19,5.2,175.7,105.1
задняя,эконом,MOTOR-01,13,2.4,337.3,565.6
задняя,комфорт,FENDER-02,11,4.7,195.8,134.2
боковая,премиум,DOOR-02,21,1.5,124.6,373.1
передняя,эконом,ENG-03,20,5.8,348.7,600.0
передняя,комфорт,AC-01,17,4.1,62.4,309.0
передняя,эконом,FENDER-13,10,4.5,82.6,149.2
задняя,эконом,FRAME-03,7,2.5,274.9,325.8
боковая,бизнес,ELECTRIC-01,1,3.1,141.0,247.5
передняя,комфорт,LIGHT-03,24,2.1,285.2,213.9
боковая,премиум,FRAME-02,14,5.7,63.1,600.0
передняя,комфорт,EXHAUST-01,8,3.4,100.9,141.5
задняя,эконом,EXHAUST-01,18,4.2,62.7,84.7
боковая,эконом,BRAKE-01,19,4.7,381.2,95.7
боковая,эконом,RADIATOR-02,7,2.9,162.2,169.6
боковая,эконом,BATTERY-01,24,4.6,134.9,57.8
боковая,эконом,FENDER-13,18,4.4,5.7,86.4
передняя,эконом,ENG-01,4,4.5,61.4,539.5
боковая,комфорт,ELECTRIC-01,10,3.4,168.5,217.8
передняя,бизнес,DOOR-02,14,2.9,27.4,435.7
боковая,комфорт,INTERIOR-01,7,2.1,204.3,61.2
задняя,бизнес,DOOR-01,18,5.1,182.0,398.6
боковая,эконом,MOTOR-03,22,4.0,306.9,498.4
задняя,эконом,SUSP-03,7,3.2,263.9,165.4
задняя,комфорт,ELECTRIC-01,25,5.7,178.4,308.6
задняя,комфорт,HOOD-02,18,1.2,89.9,349.2
боковая,эконом,ALTERNATOR-02,17,5.3,290.7,163.7
передняя,бизнес,FENDER-01,9,6.0,283.1,372.2
передняя,бизнес,SUSP-03,6,5.4,61.3,437.7
передняя,комфорт,MOTOR-01,8,5.1,365.9,600.0
передняя,эконом,BRAKE-02,0,2.9,25.8,87.3
боковая,бизнес,GLASS-01,18,2.2,22.0,48.7
передняя,комфорт,PAINT-03,4,4.7,74.9,112.8
боковая,бизнес,DOOR-01,18,2.5,363.8,358.4
передняя,бизнес,FENDER-02,0,1.9,208.0,173.8
передняя,бизнес,SUSP-01,14,4.9,315.2,600.0
боковая,комфорт,ALTERNATOR-02,15,2.6,91.1,211.0
задняя,эконом,ENG-02,22,5.6,196.1,461.7
задняя,комфорт,HOOD-01,6,5.2,143.3,366.1
задняя,комфорт,PAINT-02,25,5.2,331.1,89.4
боковая,бизнес,DOOR-01,11,4.9,9.0,323.3
передняя,эконом,GLASS-01,7,5.4,97.5,82.5
боковая,эконом,MOTOR-02,4,5.0,61.0,381.5
боковая,бизнес,BRAKE-01,9,4.0,343.7,153.5
задняя,бизнес,SUSP-03,20,2.5,187.0,403.8
передняя,премиум,BUMPER-02,4,5.4,161.7,509.6
задняя,бизнес,BUMPER-03,16,5.2,179.8,279.8
передняя,комфорт,ALTERNATOR-01,25,3.4,388.8,374.5
передняя,комфорт,LIGHT-01,4,1.2,340.1,109.7
передняя,бизнес,ELECTRIC-02,21,4.2,282.5,600.0
задняя,комфорт,PAINT-02,14,1.3,116.2,88.9
боковая,комфорт,DOOR-03,12,5.6,66.1,174.9
боковая,эконом,BATTERY-02,0,5.8,368.6,63.3
боковая,комфорт,CABLE-01,10,1.9,169.2,38.4
задняя,бизнес,BATTERY-01,22,4.4,111.5,75.5
передняя,эконом,WHEEL-02,0,1.5,188.4,51.1
задняя,эконом,HOOD-01,10,4.6,367.1,220.3
боковая,эконом,DOOR-03,17,2.7,154.8,125.1
передняя,эконом,CABLE-01,17,4.4,225.1,42.7
боковая,эконом,MOTOR-01,20,2.9,321.2,502.8
задняя,комфорт,ENG-02,25,1.7,170.9,600.0
задняя,премиум,TRANS-01,15,3.0,93.4,600.0
боковая,комфорт,BUMPER-03,12,1.6,397.8,148.6
задняя,эконом,FRAME-01,6,3.9,382.6,327.8
боковая,эконом,ELECTRIC-01,0,1.2,337.4,132.3
боковая,комфорт,BRAKE-01,25,3.6,275.3,153.7
задняя,эконом,TRANS-03,15,5.4,117.9,336.6
передняя,бизнес,HOOD-01,0,5.2,365.4,600.0
задняя,комфорт,FRAME-01,16,5.4,110.2,509.6
боковая,бизнес,GLASS-01,5,5.6,320.3,132.3
передняя,эконом,TRANS-02,1,1.5,367.3,477.1
задняя,комфорт,TRANS-02,16,1.6,241.2,571.7
задняя,эконом,BUMPER-02,5,3.8,321.2,179.0
боковая,премиум,DOOR-03,13,5.5,316.7,427.8
передняя,комфорт,RADIATOR-01,17,5.9,77.3,302.7
боковая,эконом,FRAME-03,5,1.2,267.2,196.7
боковая,эконом,PAINT-02,9,2.8,37.4,17.6
передняя,эконом,FRAME-02,23,2.1,203.1,511.2
передняя,комфорт,FENDER-03,17,4.8,64.9,247.2
боковая,эконом,TRANS-02,8,4.2,166.5,338.4
передняя,комфорт,WHEEL-01,7,1.6,333.2,131.1
боковая,эконом,MOTOR-03,9,3.4,394.9,434.6
задняя,комфорт,ENG-02,16,4.4,127.2,600.0
передняя,бизнес,FENDER-03,22,4.9,212.8,470.4
боковая,бизнес,WHEEL-02,25,1.1,204.5,113.9
задняя,бизнес,PAINT-01,5,5.5,381.8,121.5
задняя,эконом,LIGHT-01,13,3.8,191.4,46.2
задняя,эконом,LIGHT-01,21,5.1,279.6,57.7
задняя,комфорт,LIGHT-01,21,5.0,368.7,139.7
передняя,эконом,ELECTRIC-01,5,1.9,149.4,202.2
задняя,комфорт,MOTOR-01,25,1.6,360.8,600.0
боковая,эконом,SUSP-03,6,4.6,367.0,209.2
передняя,эконом,PAINT-03,11,1.8,372.3,57.6
задняя,эконом,CABLE-02,2,5.2,108.2,39.3
передняя,бизнес,INTERIOR-03,13,4.6,160.1,290.5
боковая,эконом,EXHAUST-02,21,5.2,348.2,116.7
передняя,комфорт,HOOD-02,18,2.5,143.7,496.6
боковая,эконом,FENDER-01,22,2.6,240.1,118.0
задняя,комфорт,ENG-01,15,4.4,47.2,600.0
передняя,эконом,EXHAUST-02,6,1.2,22.5,149.1
передняя,бизнес,ENG-01,7,4.6,164.8,600.0
передняя,бизнес,LIGHT-03,17,5.2,231.6,276.4
задняя,эконом,TRANS-01,24,3.1,157.1,427.2
передняя,премиум,TRANS-01,12,4.8,231.1,600.0
боковая,премиум,HOOD-02,20,1.9,206.0,530.0
задняя,бизнес,SUSP-01,8,2.6,274.3,375.7
передняя,бизнес,WHEEL-02,9,5.9,259.8,248.1
задняя,эконом,CABLE-02,20,5.9,169.7,39.0
боковая,комфорт,EXHAUST-01,22,3.6,170.0,143.1
передняя,эконом,EXHAUST-02,8,5.7,56.3,136.5
передняя,эконом,SUSP-02,14,3.6,205.3,354.9
передняя,премиум,WHEEL-01,19,2.5,234.9,272.2
боковая,эконом,FRAME-03,1,2.3,190.6,225.2
задняя,бизнес,MOTOR-01,24,5.6,130.3,600.0
задняя,бизнес,PAINT-01,12,1.9,288.7,71.3
боковая,бизнес,CABLE-03,1,3.9,29.9,67.7
боковая,премиум,TRANS-03,18,3.8,365.8,600.0
задняя,эконом,DOOR-03,25,4.7,8.3,186.9
боковая,эконом,ELECTRIC-01,1,3.5,384.9,182.1
передняя,комфорт,LIGHT-02,2,2.4,184.9,175.6
передняя,эконом,BATTERY-02,5,1.8,165.1,45.2
передняя,эконом,WHEEL-01,2,4.1,102.6,70.3
передняя,эконом,LIGHT-03,9,4.6,4.0,90.7
задняя,бизнес,MOTOR-02,23,3.8,109.9,600.0
боковая,комфорт,BATTERY-01,5,4.7,43.8,66.9
передняя,эконом,FENDER-13,22,1.7,263.9,154.6
передняя,комфорт,MOTOR-02,15,5.4,127.6,600.0
задняя,эконом,HOOD-02,16,3.9,306.9,259.0
боковая,эконом,ALTERNATOR-02,18,1.6,82.8,124.5
передняя,бизнес,FENDER-13,2,3.3,360.1,289.8
задняя,комфорт,BATTERY-01,17,5.2,209.2,112.8
передняя,бизнес,PAINT-02,6,5.5,45.8,112.8
передняя,эконом,WHEEL-02,8,2.3,160.3,121.6
боковая,бизнес,FRAME-01,19,4.6,82.7,529.0
боковая,комфорт,WHEEL-01,11,1.5,79.9,73.0
передняя,комфорт,HOOD-01,4,1.2,202.5,335.1
боковая,комфорт,DOOR-02,2,3.8,268.8,218.2
задняя,бизнес,HOOD-02,10,4.5,364.6,586.0
боковая,комфорт,LIGHT-02,24,5.0,200.9,104.9
задняя,комфорт,ALTERNATOR-02,3,2.7,386.3,333.8
задняя,премиум,RADIATOR-01,4,1.0,376.7,353.9
задняя,бизнес,BRAKE-01,0,3.4,346.0,196.0
задняя,комфорт,CABLE-01,17,1.1,200.0,32.4
передняя,бизнес,ELECTRIC-01,11,1.5,56.4,371.8
передняя,эконом,CABLE-01,12,2.6,87.2,33.1
передняя,эконом,TRANS-01,8,3.2,259.1,468.2
боковая,комфорт,ENG-03,1,2.4,168.7,426.9
передняя,премиум,FENDER-01,4,3.9,58.7,347.4
задняя,премиум,MOTOR-02,12,1.3,191.6,600.0
боковая,эконом,HOOD-02,15,1.7,7.0,200.5
передняя,комфорт,WHEEL-01,15,4.5,293.6,118.9
задняя,эконом,FENDER-01,23,1.7,29.4,138.5
задняя,премиум,FRAME-02,2,4.2,251.6,600.0
боковая,премиум,TRANS-03,21,1.3,317.2,600.0
передняя,комфорт,LIGHT-01,3,3.0,53.1,111.8
задняя,бизнес,CABLE-01,10,1.9,207.5,49.1
боковая,бизнес,ENG-01,22,1.5,311.6,600.0
боковая,комфорт,TRANS-01,25,3.8,104.3,471.3
задняя,эконом,INTERIOR-03,13,5.6,65.2,59.8
задняя,комфорт,BATTERY-01,2,1.3,134.7,65.4
задняя,комфорт,RADIATOR-02,15,3.1,221.9,237.1
боковая,комфорт,BATTERY-02,21,4.5,230.1,47.1
задняя,эконом,WHEEL-02,14,3.3,52.4,83.0
передняя,премиум,SUSP-03,9,5.0,183.0,600.0
боковая,эконом,BUMPER-03,8,1.9,107.3,107.9
задняя,комфорт,GLASS-02,10,5.8,336.8,94.8
задняя,комфорт,DOOR-01,15,2.9,125.4,245.5
передняя,комфорт,FENDER-03,9,2.7,335.5,303.1
задняя,комфорт,CABLE-02,16,5.4,171.4,98.9
задняя,эконом,AC-01,18,3.8,290.6,196.2
задняя,эконом,FENDER-12,1,3.6,204.0,44.3
передняя,комфорт,WHEEL-01,23,4.6,248.8,180.5
задняя,комфорт,RADIATOR-01,22,3.9,158.1,227.5
боковая,эконом,MOTOR-02,1,1.8,307.3,421.7
передняя,бизнес,RADIATOR-01,5,4.4,170.1,316.6
боковая,комфорт,TRANS-03,18,1.7,183.0,398.4
задняя,комфорт,BUMPER-02,7,5.0,207.1,261.1
боковая,бизнес,LIGHT-03,25,5.9,332.7,192.0
боковая,эконом,SUSP-01,2,2.9,263.8,203.2
задняя,эконом,PAINT-03,25,3.2,139.7,34.4
боковая,бизнес,FENDER-02,13,1.2,268.1,163.3
боковая,комфорт,ENG-01,24,1.1,257.0,600.0
задняя,комфорт,ALTERNATOR-02,15,5.6,372.4,309.4
передняя,бизнес,BATTERY-01,0,1.6,336.6,122.7
задняя,бизнес,BATTERY-01,20,3.2,259.0,115.5
боковая,премиум,LIGHT-03,2,5.1,136.6,144.4
боковая,комфорт,AC-01,21,5.4,311.8,299.4
боковая,комфорт,FENDER-01,25,3.6,230.1,187.8
задняя,комфорт,BUMPER-01,17,3.8,394.1,280.8
боковая,эконом,LIGHT-01,8,4.3,99.0,15.0
передняя,комфорт,MOTOR-03,5,5.8,31.9,600.0
задняя,эконом,MOTOR-01,22,4.0,28.0,526.2
передняя,премиум,CABLE-03,20,3.8,256.0,101.4
передняя,комфорт,ELECTRIC-02,24,1.1,375.7,421.3
задняя,комфорт,BRAKE-01,0,1.4,0.8,100.3
задняя,эконом,SUSP-03,20,3.9,290.3,172.4
задняя,эконом,LIGHT-01,9,5.7,262.8,37.0
задняя,эконом,FENDER-11,5,5.3,292.9,125.2
задняя,комфорт,BUMPER-02,22,5.9,142.2,269.5
передняя,эконом,SUSP-03,11,3.6,328.2,292.5
задняя,комфорт,RADIATOR-01,3,4.9,17.9,185.5
передняя,бизнес,FRAME-03,12,5.2,302.2,600.0
передняя,бизнес,WHEEL-01,16,4.2,106.8,167.6
задняя,комфорт,ELECTRIC-01,7,2.7,190.7,275.1
задняя,эконом,ENG-01,25,3.3,329.1,600.0
задняя,бизнес,BRAKE-02,19,5.3,108.5,214.5
задняя,бизнес,BRAKE-01,2,2.5,74.1,154.3
задняя,эконом,AC-02,11,5.6,272.5,258.8
боковая,бизнес,HOOD-02,6,2.1,213.4,382.8
задняя,эконом,MOTOR-01,11,4.7,205.8,545.5
задняя,бизнес,CABLE-01,1,4.2,102.7,65.9
передняя,премиум,HOOD-01,23,4.7,14.0,600.0
передняя,эконом,PAINT-03,13,3.2,164.1,32.1
задняя,бизнес,DOOR-01,21,5.7,42.6,390.8
задняя,комфорт,LIGHT-02,22,4.2,362.4,157.3
задняя,премиум,GLASS-01,4,2.4,16.5,79.8
задняя,комфорт,DOOR-02,8,4.2,172.7,326.1
задняя,бизнес,INTERIOR-03,20,2.4,20.9,209.5
боковая,эконом,MOTOR-02,10,2.5,38.2,439.8
боковая,эконом,LIGHT-01,4,3.0,263.5,48.3
боковая,эконом,ENG-03,2,5.3,258.8,370.5
боковая,премиум,MOTOR-02,16,3.5,13.2,600.0
передняя,бизнес,MOTOR-01,1,4.4,0.5,600.0
передняя,бизнес,BUMPER-01,23,3.0,31.5,294.4
передняя,премиум,MOTOR-03,0,2.3,305.2,600.0
задняя,эконом,INTERIOR-01,6,5.8,233.8,54.6
боковая,эконом,ELECTRIC-01,13,4.0,15.2,124.4
передняя,эконом,ELECTRIC-02,4,5.7,195.2,226.8
боковая,эконом,BATTERY-02,18,2.0,284.8,15.0
передняя,эконом,ENG-01,10,1.7,347.6,595.2
боковая,комфорт,RADIATOR-02,22,5.3,373.6,237.0
задняя,эконом,BUMPER-03,24,4.4,131.0,140.6
передняя,эконом,SUSP-03,1,1.9,54.3,164.9
задняя,эконом,TRANS-03,7,2.3,94.8,236.4
передняя,эконом,PAINT-02,8,5.0,310.5,65.3
передняя,премиум,ENG-01,2,3.3,388.6,600.0
передняя,бизнес,RADIATOR-01,1,4.4,186.6,319.8
боковая,премиум,ENG-01,6,2.6,122.1,600.0
задняя,комфорт,SUSP-01,4,2.9,171.7,311.7
передняя,эконом,BUMPER-03,20,6.0,121.9,201.4
задняя,бизнес,ALTERNATOR-01,25,2.2,102.6,307.4
боковая,эконом,DOOR-03,4,3.5,237.5,137.7
передняя,эконом,INTERIOR-01,19,5.2,6.3,72.4
задняя,эконом,CABLE-02,12,2.2,103.8,15.1
передняя,эконом,ALTERNATOR-02,20,3.1,264.6,265.6
передняя,эконом,FRAME-02,19,4.1,12.8,443.3
задняя,эконом,GLASS-02,5,3.4,33.3,84.4
передняя,комфорт,DOOR-03,19,3.3,117.4,298.7
задняя,эконом,SUSP-02,17,2.8,351.1,242.2
боковая,эконом,ENG-01,24,3.9,306.0,520.0
передняя,бизнес,PAINT-01,1,4.1,8.9,37.1
задняя,эконом,FENDER-04,24,4.3,200.7,130.4
передняя,эконом,WHEEL-02,25,1.4,109.9,102.0
боковая,бизнес,HOOD-01,5,4.2,259.5,370.7
задняя,эконом,MOTOR-03,8,5.8,288.6,494.6
боковая,эконом,CABLE-02,24,3.7,345.1,33.6
задняя,комфорт,LIGHT-02,2,4.6,190.2,151.9
передняя,эконом,FENDER-01,0,3.8,397.8,182.5
задняя,комфорт,INTERIOR-01,0,5.3,392.0,151.1
боковая,бизнес,ALTERNATOR-01,18,5.6,352.9,300.6
задняя,эконом,FENDER-01,4,1.9,229.9,117.3
боковая,комфорт,INTERIOR-01,12,3.2,159.2,87.6
боковая,комфорт,DOOR-02,18,3.0,145.8,254.6
передняя,эконом,ELECTRIC-01,11,3.0,4.8,197.1
передняя,комфорт,INTERIOR-03,15,1.6,99.7,193.0
задняя,эконом,INTERIOR-02,24,5.1,287.5,89.3
задняя,комфорт,TRANS-01,24,1.2,241.5,580.8
боковая,эконом,DOOR-01,18,3.6,366.6,206.0
боковая,комфорт,DOOR-01,2,4.3,20.0,217.3
задняя,эконом,DOOR-03,11,2.0,62.1,171.0
передняя,бизнес,FENDER-01,4,5.5,315.7,363.6
боковая,эконом,EXHAUST-01,1,5.2,143.4,57.9
передняя,комфорт,BUMPER-01,21,3.4,47.3,204.6
боковая,комфорт,ENG-02,6,3.1,398.6,576.8
задняя,бизнес,FENDER-04,12,2.2,314.9,260.3
задняя,комфорт,BATTERY-02,24,4.6,163.5,118.0
передняя,комфорт,HOOD-01,14,1.7,329.3,462.6
задняя,бизнес,PAINT-02,21,4.4,272.2,135.4
задняя,бизнес,FENDER-12,2,5.2,316.0,203.9
задняя,эконом,TRANS-03,20,2.1,326.1,374.1
передняя,комфорт,LIGHT-01,19,5.3,33.9,115.5
боковая,бизнес,EXHAUST-01,4,1.2,249.2,147.5
боковая,премиум,FRAME-03,23,5.6,2.7,600.0
передняя,бизнес,BUMPER-02,7,1.6,17.4,268.6
передняя,эконом,ENG-01,21,4.2,361.6,600.0
передняя,эконом,ALTERNATOR-02,0,2.3,211.0,211.2
задняя,комфорт,AC-01,7,5.2,294.4,276.0
задняя,бизнес,ALTERNATOR-01,23,3.6,335.4,375.6
задняя,комфорт,CABLE-01,17,1.7,379.8,70.4
передняя,комфорт,TRANS-03,19,3.9,347.7,600.0
задняя,бизнес,BUMPER-01,15,3.0,193.3,250.2
задняя,эконом,HOOD-02,17,4.3,134.4,249.2
задняя,бизнес,TRANS-03,19,5.4,61.8,600.0
боковая,комфорт,INTERIOR-02,11,3.0,160.1,107.3
передняя,эконом,EXHAUST-02,12,2.4,146.6,153.9
задняя,комфорт,LIGHT-02,12,1.1,223.8,129.7
задняя,бизнес,LIGHT-02,9,3.9,266.2,161.1
задняя,эконом,GLASS-02,6,3.0,391.3,58.1
боковая,эконом,FENDER-13,24,2.9,291.4,103.8
задняя,премиум,FENDER-01,13,1.9,257.5,342.5
боковая,эконом,DOOR-02,23,3.2,134.0,134.3
передняя,комфорт,INTERIOR-01,15,5.9,13.8,158.3
передняя,комфорт,SUSP-01,14,2.5,115.3,393.1
боковая,комфорт,GLASS-02,11,4.0,307.4,105.4
задняя,комфорт,EXHAUST-02,8,4.9,82.1,163.9
передняя,эконом,DOOR-02,7,4.7,284.9,277.1
передняя,комфорт,PAINT-01,17,2.6,231.9,111.7
передняя,эконом,INTERIOR-02,22,4.1,68.7,94.3
боковая,комфорт,MOTOR-01,17,5.4,104.6,600.0
передняя,эконом,SUSP-01,12,1.1,198.5,236.6
передняя,комфорт,MOTOR-03,17,3.2,167.3,600.0
передняя,эконом,TRANS-02,14,2.1,311.4,506.4
задняя,эконом,ENG-02,3,2.9,293.8,431.2
передняя,эконом,MOTOR-01,16,3.1,229.8,600.0
задняя,эконом,CABLE-01,4,4.7,328.9,15.0
передняя,бизнес,EXHAUST-02,21,1.5,225.1,347.9
боковая,эконом,DOOR-03,15,3.6,385.8,177.8
передняя,премиум,LIGHT-02,8,3.8,86.9,225.0
задняя,премиум,PAINT-03,9,3.5,285.7,69.2
боковая,комфорт,MOTOR-01,23,4.7,148.0,600.0
задняя,эконом,DOOR-03,17,2.9,111.6,193.9
задняя,эконом,DOOR-01,16,5.7,72.2,181.3
передняя,бизнес,SUSP-03,17,3.4,221.0,541.2
передняя,эконом,GLASS-02,6,3.9,86.2,54.8
задняя,эконом,ELECTRIC-02,3,5.1,80.1,146.1
боковая,комфорт,DOOR-02,25,2.4,396.2,316.5
задняя,бизнес,ENG-03,4,1.4,320.7,600.0
задняя,бизнес,LIGHT-02,22,4.5,299.3,200.5
боковая,эконом,SUSP-03,15,3.4,317.6,163.0
задняя,комфорт,ELECTRIC-01,2,5.5,387.6,340.6
передняя,эконом,EXHAUST-02,25,5.9,229.3,206.3
задняя,эконом,FRAME-03,17,3.0,88.1,272.8
боковая,бизнес,FRAME-03,22,3.1,344.9,588.0
передняя,эконом,LIGHT-02,20,3.0,297.1,136.7
задняя,эконом,FENDER-01,13,2.6,165.7,154.9
передняя,эконом,ENG-03,14,4.9,189.4,547.2
задняя,бизнес,CABLE-01,16,4.8,164.5,56.3
передняя,бизнес,EXHAUST-01,0,3.4,372.0,248.8
задняя,комфорт,BRAKE-02,24,1.2,137.4,191.6
боковая,бизнес,HOOD-02,20,2.5,385.4,514.0
передняя,эконом,WHEEL-02,16,2.5,364.1,138.4
задняя,комфорт,FENDER-01,22,5.1,252.2,241.7
боковая,эконом,FRAME-03,24,1.4,231.9,248.4
боковая,эконом,ENG-01,10,5.0,148.0,417.9
передняя,комфорт,DOOR-01,16,4.3,7.3,308.0
задняя,премиум,RADIATOR-02,25,4.7,51.0,477.9
передняя,эконом,EXHAUST-01,13,3.2,301.7,133.9
боковая,эконом,TRANS-03,19,4.4,188.6,327.8
боковая,эконом,FRAME-01,18,4.0,59.9,257.2
задняя,эконом,FENDER-04,20,4.8,105.6,168.8
боковая,премиум,FENDER-01,6,3.2,379.1,350.4
задняя,комфорт,GLASS-02,23,3.4,146.9,71.1
задняя,комфорт,ELECTRIC-01,12,4.2,363.1,335.5
передняя,бизнес,BRAKE-01,17,1.5,121.9,167.6
боковая,эконом,PAINT-01,22,3.2,217.3,41.6
передняя,комфорт,BUMPER-03,13,5.9,8.2,212.4
боковая,комфорт,CABLE-03,0,1.2,208.8,15.0
боковая,комфорт,HOOD-01,6,2.6,254.8,249.4
боковая,премиум,EXHAUST-02,7,2.6,93.7,256.6
передняя,бизнес,FENDER-04,17,4.2,231.6,326.6
передняя,эконом,RADIATOR-01,8,1.5,258.9,146.4
передняя,бизнес,AC-01,0,4.1,274.8,395.5
задняя,эконом,WHEEL-01,21,1.5,310.6,30.2
передняя,эконом,RADIATOR-01,16,1.5,124.5,134.8
боковая,эконом,FENDER-12,18,4.6,227.1,58.0
задняя,эконом,MOTOR-02,5,2.6,392.6,600.0
передняя,комфорт,DOOR-03,2,5.9,359.3,389.8
задняя,комфорт,FRAME-03,23,1.2,381.1,545.0
задняя,премиум,EXHAUST-01,4,3.2,154.5,280.3
задняя,комфорт,DOOR-02,1,1.6,314.8,288.7
задняя,комфорт,SUSP-01,19,2.8,248.0,347.6
боковая,эконом,SUSP-02,24,6.0,33.1,219.0
задняя,эконом,HOOD-01,3,5.4,329.6,212.1
боковая,комфорт,INTERIOR-03,9,1.2,270.8,178.0
боковая,комфорт,CABLE-02,9,3.8,79.6,15.0
передняя,бизнес,BATTERY-02,23,4.2,31.9,170.6
боковая,эконом,CABLE-01,20,2.0,334.8,30.0
передняя,эконом,ENG-02,10,1.7,31.6,407.1
боковая,комфорт,PAINT-01,15,5.5,36.5,62.5
задняя,эконом,BATTERY-02,25,5.8,171.0,65.6
боковая,эконом,FENDER-01,16,6.0,53.9,85.9
боковая,бизнес,FENDER-13,15,4.9,365.5,176.6
боковая,эконом,DOOR-02,6,4.3,188.1,128.6
боковая,комфорт,GLASS-01,15,2.7,227.7,49.6
передняя,эконом,LIGHT-02,2,1.9,371.2,86.8
передняя,эконом,CABLE-03,25,1.4,212.1,17.4
задняя,эконом,LIGHT-01,15,4.5,141.4,64.6
передняя,бизнес,GLASS-02,7,4.9,318.9,165.2
задняя,эконом,EXHAUST-02,11,5.1,177.1,149.7
передняя,бизнес,FENDER-11,2,5.6,127.4,228.6
боковая,эконом,FENDER-04,16,5.4,289.3,120.1
задняя,бизнес,GLASS-01,20,6.0,320.6,133.6
боковая,эконом,PAINT-02,17,2.2,316.7,37.4
передняя,комфорт,AC-02,10,4.8,391.1,514.3
боковая,комфорт,WHEEL-02,3,3.9,314.7,100.0
боковая,премиум,ALTERNATOR-01,15,2.3,308.0,424.5
задняя,эконом,PAINT-03,16,5.9,343.0,30.3
задняя,эконом,FRAME-03,8,5.5,0.1,261.7
боковая,эконом,INTERIOR-02,5,1.6,145.0,98.4
передняя,бизнес,LIGHT-03,23,1.1,295.0,236.8
задняя,комфорт,FRAME-02,19,4.4,239.9,600.0
задняя,бизнес,INTERIOR-03,24,4.0,71.0,247.1
передняя,эконом,MOTOR-02,1,5.7,121.5,600.0
задняя,эконом,EXHAUST-02,8,2.2,134.7,130.7
передняя,эконом,HOOD-01,20,1.4,227.1,320.2
передняя,премиум,LIGHT-03,5,2.3,332.6,305.9
передняя,комфорт,PAINT-02,2,1.1,373.0,138.3
боковая,премиум,MOTOR-03,19,1.2,300.0,600.0
задняя,эконом,ENG-02,5,5.6,337.2,525.1
боковая,комфорт,EXHAUST-01,6,2.8,188.0,156.6
задняя,комфорт,MOTOR-03,0,3.1,155.9,575.4
передняя,эконом,CABLE-03,22,1.1,157.1,15.0
задняя,бизнес,LIGHT-03,0,2.4,246.4,160.0
задняя,премиум,FENDER-03,4,5.0,49.7,346.3
передняя,бизнес,TRANS-01,5,4.1,231.8,600.0
задняя,бизнес,HOOD-01,12,4.8,266.1,523.2
передняя,эконом,HOOD-01,1,3.2,175.6,303.0
задняя,эконом,ALTERNATOR-01,14,2.5,381.3,141.3
задняя,премиум,BATTERY-02,14,3.4,243.3,111.7
передняя,эконом,AC-02,12,2.6,88.0,229.6
передняя,бизнес,BRAKE-01,25,5.2,191.7,251.0
боковая,бизнес,FRAME-02,24,2.5,270.2,600.0
задняя,комфорт,CABLE-01,13,4.3,129.5,77.7
передняя,премиум,FENDER-11,25,1.7,31.9,247.8
боковая,эконом,BUMPER-03,21,4.4,233.4,107.4
передняя,эконом,BUMPER-03,6,5.6,379.1,162.0
задняя,эконом,HOOD-02,13,4.0,194.0,266.2
боковая,комфорт,MOTOR-01,25,3.8,362.4,600.0
передняя,эконом,SUSP-03,23,5.8,334.0,389.7
передняя,эконом,LIGHT-03,9,4.1,59.0,112.1
передняя,бизнес,FENDER-04,16,2.3,283.3,335.8
передняя,премиум,INTERIOR-02,13,2.5,174.2,305.6
передняя,эконом,HOOD-01,7,4.5,100.1,215.8
задняя,эконом,HOOD-02,3,4.7,274.8,253.4
передняя,премиум,WHEEL-01,25,2.5,297.1,252.1
задняя,эконом,AC-02,15,2.7,72.0,202.8
боковая,эконом,BUMPER-02,23,6.0,365.8,182.2
боковая,эконом,PAINT-02,12,1.5,300.5,69.5
задняя,комфорт,INTERIOR-02,21,3.0,373.4,133.8
передняя,эконом,HOOD-02,24,1.3,126.8,313.7
задняя,премиум,HOOD-01,19,5.1,375.7,600.0
задняя,комфорт,FENDER-03,17,1.5,147.4,175.7
задняя,комфорт,DOOR-01,13,4.4,21.6,279.0
передняя,эконом,BATTERY-01,17,1.3,305.2,88.2
боковая,комфорт,SUSP-03,4,4.4,281.4,206.1
задняя,комфорт,BRAKE-02,25,5.2,239.2,192.0
передняя,бизнес,TRANS-01,8,3.0,196.0,600.0
задняя,бизнес,HOOD-02,2,3.6,12.9,397.9
задняя,комфорт,CABLE-02,7,3.0,249.8,22.7
боковая,премиум,BUMPER-02,19,2.5,166.7,330.8
боковая,бизнес,MOTOR-02,21,5.0,224.1,600.0
боковая,бизнес,MOTOR-02,9,2.4,171.7,600.0
передняя,эконом,AC-01,21,4.6,386.4,244.7
задняя,эконом,WHEEL-02,18,2.0,241.6,61.9
задняя,эконом,INTERIOR-01,20,2.2,299.7,53.8
передняя,комфорт,FENDER-03,2,2.7,374.5,288.9
передняя,комфорт,FENDER-13,10,3.9,236.6,227.6
боковая,комфорт,DOOR-02,10,3.3,4.8,200.8
передняя,бизнес,SUSP-01,16,4.7,13.7,507.1
задняя,бизнес,DOOR-02,15,2.1,280.9,453.5
передняя,премиум,SUSP-02,6,1.1,111.6,600.0
передняя,эконом,PAINT-02,3,4.9,231.8,83.2
передняя,комфорт,MOTOR-01,22,5.1,80.9,600.0
боковая,эконом,BUMPER-01,18,1.3,108.1,69.7
боковая,эконом,GLASS-02,11,4.1,201.9,37.8
боковая,эконом,RADIATOR-02,14,2.9,390.2,174.7
задняя,эконом,GLASS-02,10,5.0,246.5,70.5
передняя,комфорт,GLASS-01,4,5.4,374.5,132.8
задняя,бизнес,GLASS-02,4,5.3,383.8,109.0
задняя,эконом,GLASS-02,14,4.9,83.2,24.8
боковая,бизнес,INTERIOR-03,17,2.3,124.5,136.1
передняя,комфорт,SUSP-02,10,5.1,308.0,527.5
задняя,эконом,BATTERY-01,25,3.7,346.7,24.8
передняя,комфорт,HOOD-02,11,1.3,207.7,457.7
передняя,эконом,EXHAUST-01,1,3.3,397.3,170.7
боковая,комфорт,ALTERNATOR-01,19,5.7,4.6,224.6
задняя,комфорт,ENG-03,14,5.4,119.8,600.0
задняя,эконом,ENG-02,19,1.5,249.3,425.6
задняя,эконом,EXHAUST-02,3,4.7,187.7,87.9
задняя,комфорт,WHEEL-01,21,5.0,46.6,78.2
боковая,премиум,BUMPER-01,17,2.4,147.1,305.8
боковая,эконом,HOOD-01,5,3.4,10.2,137.7
боковая,бизнес,INTERIOR-01,22,4.6,257.1,142.0
боковая,комфорт,EXHAUST-02,25,3.2,357.1,193.3
передняя,премиум,FENDER-12,18,1.6,353.9,310.1
задняя,бизнес,BATTERY-01,10,4.5,279.8,77.1
задняя,комфорт,MOTOR-02,23,5.6,186.3,600.0
передняя,комфорт,ENG-03,1,4.3,204.8,600.0
боковая,бизнес,WHEEL-02,7,4.9,54.8,167.4
передняя,эконом,BATTERY-01,10,2.8,136.4,36.5
боковая,эконом,MOTOR-01,4,1.9,75.1,354.6
задняя,эконом,GLASS-02,17,4.2,328.5,64.9
задняя,бизнес,ELECTRIC-02,22,2.6,365.9,506.7
задняя,бизнес,FENDER-02,17,5.3,214.8,256.8
боковая,эконом,RADIATOR-02,13,1.6,291.1,122.4
задняя,комфорт,PAINT-01,21,3.2,48.6,74.6
задняя,комфорт,ALTERNATOR-01,9,3.0,243.4,259.3
передняя,эконом,ALTERNATOR-02,2,5.7,281.1,246.5
задняя,премиум,FENDER-01,8,1.8,181.1,307.3
передняя,эконом,INTERIOR-03,2,1.0,97.3,123.6
боковая,эконом,INTERIOR-03,10,2.2,350.9,148.2
задняя,комфорт,PAINT-01,11,5.1,297.2,22.3
задняя,бизнес,DOOR-03,11,2.0,359.9,349.3
передняя,эконом,LIGHT-03,2,2.2,327.4,82.4
передняя,комфорт,ALTERNATOR-02,20,1.6,396.1,410.7
боковая,комфорт,ENG-01,6,4.6,76.9,526.3
передняя,эконом,BATTERY-01,13,1.3,34.7,40.7
передняя,эконом,GLASS-01,23,2.7,134.8,44.7
передняя,комфорт,FENDER-04,10,2.4,51.6,183.5
боковая,эконом,ALTERNATOR-02,6,3.8,209.3,175.1
боковая,премиум,DOOR-03,24,4.7,253.2,432.9
задняя,бизнес,DOOR-03,20,3.7,231.3,405.6
передняя,премиум,CABLE-01,9,5.7,103.7,130.0
передняя,эконом,FENDER-02,10,5.8,363.5,197.1
боковая,премиум,SUSP-03,14,2.8,8.5,350.0
задняя,комфорт,FRAME-01,18,4.9,139.2,495.5
передняя,эконом,SUSP-02,15,4.7,287.6,313.7
передняя,эконом,TRANS-03,21,5.5,306.8,505.4
передняя,эконом,DOOR-03,20,3.2,166.4,213.0
задняя,комфорт,BUMPER-02,19,3.7,6.8,208.6
боковая,комфорт,DOOR-03,11,3.1,247.2,265.9
передняя,эконом,FENDER-01,17,5.3,25.2,147.8
передняя,комфорт,FRAME-03,22,2.1,43.1,451.9
передняя,эконом,DOOR-01,12,2.2,260.1,253.5
боковая,комфорт,WHEEL-02,4,2.9,125.0,102.0
передняя,эконом,GLASS-02,3,2.2,139.2,59.6
боковая,бизнес,GLASS-02,13,3.8,194.7,166.0
задняя,бизнес,DOOR-01,7,1.7,391.4,336.4
задняя,комфорт,FENDER-01,8,2.6,386.2,232.2
передняя,эконом,EXHAUST-02,24,5.6,166.5,194.9
передняя,эконом,GLASS-02,18,3.0,106.2,58.2
задняя,бизнес,MOTOR-03,2,4.7,121.0,600.0
боковая,эконом,INTERIOR-02,4,1.6,107.5,78.9
задняя,эконом,BUMPER-02,20,2.2,212.9,152.5
задняя,эконом,ENG-03,25,5.0,242.7,491.8
передняя,комфорт,RADIATOR-02,17,4.8,195.5,378.4
боковая,комфорт,TRANS-01,0,2.9,163.2,366.0
боковая,бизнес,GLASS-02,7,5.8,84.5,137.6
передняя,эконом,FENDER-11,18,5.6,193.0,123.3
боковая,эконом,ENG-02,16,5.8,136.4,411.1
задняя,бизнес,DOOR-01,16,3.1,216.6,392.5
задняя,бизнес,INTERIOR-01,10,2.0,270.1,163.7
боковая,эконом,BRAKE-01,1,4.1,253.3,103.7
боковая,комфорт,BATTERY-01,5,4.4,185.0,97.4
задняя,эконом,FENDER-12,21,1.6,222.4,86.1
передняя,премиум,GLASS-02,13,4.9,113.9,206.5
передняя,эконом,INTERIOR-01,2,1.1,9.7,59.6
боковая,премиум,EXHAUST-02,11,3.4,250.0,303.2
передняя,комфорт,FENDER-13,3,2.7,101.0,147.8
задняя,комфорт,DOOR-01,11,4.7,267.6,291.2
задняя,эконом,LIGHT-03,12,2.6,298.8,102.0
задняя,комфорт,ELECTRIC-01,1,5.1,366.4,266.9
задняя,комфорт,INTERIOR-01,1,4.0,383.2,86.7
боковая,эконом,GLASS-02,14,5.0,4.2,15.0
передняя,комфорт,BUMPER-03,22,5.9,396.1,317.7
передняя,премиум,SUSP-02,16,4.4,273.2,600.0
передняя,комфорт,AC-02,6,5.9,257.4,426.8
боковая,бизнес,PAINT-01,13,1.1,6.1,76.7
задняя,эконом,FRAME-02,11,2.7,344.5,366.3
передняя,комфорт,ENG-02,16,1.5,58.2,600.0
боковая,эконом,WHEEL-01,13,2.3,334.9,55.8
боковая,комфорт,FENDER-03,5,5.2,6.2,132.4
боковая,премиум,LIGHT-02,18,1.2,258.4,157.7
боковая,комфорт,DOOR-02,23,3.6,173.9,261.8
передняя,эконом,FENDER-13,5,3.8,80.3,119.7
боковая,эконом,LIGHT-02,17,3.8,43.0,73.6
задняя,комфорт,HOOD-01,23,3.4,176.1,358.0
боковая,комфорт,AC-02,4,5.0,49.3,203.2
боковая,бизнес,CABLE-03,23,1.7,194.6,63.7
боковая,бизнес,ENG-02,23,2.6,250.1,600.0
задняя,комфорт,BUMPER-02,5,4.1,331.0,250.9
передняя,эконом,BUMPER-02,1,4.5,271.5,237.3
задняя,эконом,CABLE-02,7,3.0,26.1,15.7
боковая,эконом,INTERIOR-03,14,5.4,123.0,92.2
боковая,эконом,ENG-03,14,3.1,115.2,334.9
передняя,комфорт,MOTOR-01,10,3.0,366.0,600.0
передняя,комфорт,FENDER-12,21,1.2,347.1,153.9
передняя,комфорт,FRAME-02,21,3.8,148.1,600.0
боковая,эконом,ENG-02,23,4.5,28.5,320.6
боковая,эконом,PAINT-01,0,1.6,357.6,43.9
передняя,эконом,DOOR-01,17,2.5,355.3,236.1
задняя,эконом,DOOR-03,11,4.9,341.9,144.2
боковая,бизнес,BUMPER-01,11,2.8,338.0,262.9
боковая,эконом,ELECTRIC-01,24,2.2,192.1,160.3
задняя,комфорт,INTERIOR-01,10,4.4,71.0,121.6
задняя,эконом,INTERIOR-03,7,2.0,191.0,83.4
задняя,бизнес,TRANS-03,6,5.5,197.8,600.0
передняя,комфорт,FENDER-13,22,1.5,196.0,186.7
задняя,эконом,PAINT-01,20,4.5,215.5,39.0
задняя,комфорт,LIGHT-01,1,3.5,103.1,102.1
боковая,бизнес,HOOD-02,10,5.3,146.5,427.0
задняя,премиум,FENDER-12,21,1.6,173.7,171.6
боковая,эконом,RADIATOR-02,9,4.4,52.4,94.3
передняя,бизнес,CABLE-02,2,3.9,182.1,105.8
задняя,премиум,ALTERNATOR-02,19,3.4,324.2,600.0
передняя,премиум,BRAKE-01,9,3.5,331.2,305.0
передняя,комфорт,ALTERNATOR-01,17,4.6,164.6,334.0
боковая,комфорт,RADIATOR-01,13,5.7,207.5,175.3
боковая,комфорт,FRAME-02,17,1.5,13.5,380.1
передняя,бизнес,FENDER-01,23,1.1,269.8,333.0
задняя,комфорт,EXHAUST-01,7,5.0,161.8,175.9
боковая,комфорт,AC-02,9,1.5,178.2,206.2
передняя,комфорт,BUMPER-01,21,5.9,349.5,355.3
задняя,бизнес,TRANS-03,12,4.1,184.7,600.0
боковая,бизнес,BUMPER-02,20,4.3,8.5,227.9
задняя,эконом,SUSP-01,7,2.0,91.0,131.6
передняя,бизнес,ALTERNATOR-01,3,2.2,190.2,323.6
задняя,комфорт,WHEEL-02,3,4.3,169.8,102.8
боковая,бизнес,PAINT-02,4,5.5,344.1,113.7
задняя,комфорт,AC-02,0,5.9,216.9,326.9
передняя,эконом,FENDER-01,16,2.0,275.9,148.9
боковая,премиум,CABLE-02,1,1.7,187.7,70.9
передняя,эконом,TRANS-02,7,1.3,175.9,469.9
боковая,бизнес,FENDER-11,6,5.3,178.5,139.8
передняя,комфорт,DOOR-02,14,2.5,164.4,362.9
боковая,комфорт,ENG-03,25,1.0,215.4,461.9
задняя,эконом,CABLE-01,24,2.1,100.2,15.0
передняя,комфорт,TRANS-02,4,2.7,356.4,600.0
передняя,эконом,LIGHT-02,1,6.0,133.2,143.2
передняя,эконом,ALTERNATOR-01,6,3.6,59.0,145.7
боковая,эконом,PAINT-02,7,2.0,38.6,37.6
боковая,эконом,FENDER-03,6,2.7,5.4,100.7
задняя,премиум,DOOR-02,6,2.7,169.1,522.8
задняя,премиум,ENG-03,13,1.1,75.0,600.0
боковая,эконом,SUSP-03,20,1.7,8.7,114.9
боковая,бизнес,TRANS-03,17,4.5,208.0,565.2
задняя,эконом,HOOD-01,5,1.6,272.0,218.4
задняя,комфорт,GLASS-02,3,2.2,34.3,59.0
задняя,бизнес,BUMPER-03,9,2.8,184.4,186.1
задняя,премиум,FENDER-02,17,4.8,297.5,285.4
передняя,комфорт,BUMPER-03,11,3.9,394.3,223.2
задняя,бизнес,MOTOR-03,15,4.4,266.9,600.0
задняя,эконом,FENDER-11,24,3.8,97.9,100.5
боковая,премиум,PAINT-03,6,4.4,286.6,148.3
передняя,эконом,FENDER-02,5,1.0,239.2,115.4
задняя,комфорт,WHEEL-01,4,5.7,84.7,124.2
задняя,комфорт,LIGHT-03,2,1.6,340.4,140.8
задняя,комфорт,ELECTRIC-02,11,3.0,171.0,299.3
передняя,эконом,MOTOR-01,14,4.9,384.8,600.0
задняя,премиум,DOOR-01,9,3.2,289.2,493.5
задняя,эконом,MOTOR-01,25,5.7,257.8,600.0
задняя,комфорт,DOOR-01,19,3.3,291.3,320.5
задняя,эконом,FENDER-04,18,5.4,191.2,127.7
задняя,эконом,FENDER-12,15,5.1,202.1,91.5
боковая,комфорт,PAINT-03,10,5.9,340.5,82.0
передняя,комфорт,INTERIOR-01,7,5.6,272.4,175.3
боковая,эконом,MOTOR-01,2,5.5,358.9,493.9
задняя,эконом,INTERIOR-03,22,4.7,356.3,178.5
передняя,комфорт,ELECTRIC-01,6,2.8,390.6,390.2
передняя,бизнес,FRAME-03,22,1.5,280.1,600.0
передняя,бизнес,FENDER-04,6,4.4,200.9,339.0
боковая,эконом,CABLE-01,13,5.9,66.5,59.3
боковая,эконом,HOOD-01,1,4.6,282.2,169.1
боковая,эконом,HOOD-01,9,5.6,116.6,194.9
задняя,эконом,ENG-03,18,5.0,113.2,376.6
задняя,комфорт,BRAKE-02,25,1.8,95.3,98.5
передняя,комфорт,RADIATOR-01,8,2.2,350.0,273.0
передняя,эконом,ENG-01,15,2.7,347.2,600.0
задняя,эконом,FENDER-12,18,1.8,252.4,62.1
передняя,эконом,FRAME-01,17,3.9,189.2,427.2
передняя,бизнес,TRANS-01,8,5.9,268.8,600.0
задняя,премиум,WHEEL-01,15,4.8,242.9,216.5
боковая,эконом,FENDER-13,12,3.1,166.3,91.8
боковая,эконом,ELECTRIC-01,9,1.0,151.9,93.8
боковая,бизнес,WHEEL-01,24,2.6,153.1,90.8
задняя,премиум,BUMPER-03,19,3.6,235.7,351.9
задняя,комфорт,LIGHT-01,13,2.6,259.1,74.8
задняя,эконом,MOTOR-03,11,1.6,180.7,388.7
боковая,эконом,TRANS-01,24,3.2,387.5,389.5
передняя,комфорт,HOOD-02,18,2.3,33.5,427.1
задняя,эконом,TRANS-02,6,5.5,138.8,380.7
боковая,эконом,BUMPER-01,22,1.5,167.6,135.2
задняя,комфорт,ENG-02,14,1.2,6.8,533.1
задняя,эконом,FENDER-12,15,1.0,146.0,108.5
задняя,бизнес,HOOD-01,7,2.6,109.5,373.3
передняя,эконом,FENDER-04,9,4.3,202.4,157.9
задняя,эконом,ELECTRIC-01,3,4.7,134.6,162.4
передняя,комфорт,TRANS-03,18,3.3,290.5,600.0
передняя,эконом,FENDER-02,18,4.4,204.0,102.7
передняя,премиум,RADIATOR-01,20,2.8,51.9,416.2
боковая,комфорт,FENDER-11,14,4.3,300.0,115.7
передняя,эконом,MOTOR-03,13,1.2,39.7,449.7
задняя,бизнес,FENDER-12,0,3.0,335.6,165.4
передняя,эконом,FENDER-03,15,5.0,372.6,194.5
боковая,премиум,ENG-02,9,5.0,129.0,600.0
передняя,эконом,FENDER-02,18,4.6,370.5,140.0
задняя,комфорт,CABLE-01,21,2.0,317.2,15.0
боковая,эконом,FENDER-11,2,2.2,369.0,108.9
боковая,комфорт,CABLE-03,4,6.0,266.5,44.0
передняя,бизнес,ALTERNATOR-01,8,1.5,94.3,305.1
боковая,бизнес,PAINT-01,17,1.9,357.8,86.8
задняя,эконом,FENDER-04,10,1.7,73.7,115.1
задняя,эконом,BUMPER-03,15,2.6,85.2,107.6
передняя,бизнес,BUMPER-02,1,2.1,108.4,310.0
передняя,премиум,AC-02,11,3.5,121.7,600.0
боковая,эконом,FENDER-02,21,3.4,205.8,98.7
задняя,комфорт,PAINT-01,5,5.5,285.4,103.6
задняя,эконом,SUSP-03,10,1.2,370.5,184.3
боковая,бизнес,WHEEL-01,7,2.6,35.4,59.9
боковая,эконом,FENDER-12,11,4.0,381.7,74.1
передняя,эконом,DOOR-01,1,4.0,368.5,250.8
задняя,бизнес,AC-02,8,3.4,21.6,310.4
передняя,эконом,ALTERNATOR-02,14,5.1,144.1,234.9
боковая,комфорт,BATTERY-02,1,1.3,325.3,108.2
задняя,комфорт,BUMPER-03,0,5.1,244.6,136.4
боковая,эконом,LIGHT-01,9,3.5,311.6,37.2
передняя,эконом,BUMPER-03,1,1.7,287.6,106.7
передняя,комфорт,INTERIOR-01,11,5.4,198.7,127.5
передняя,эконом,BATTERY-02,22,4.2,16.5,58.2
