location_tier,trainer_level,club_name,members_count,avg_monthly_fee,service_years,high_profit
Спальный район,средний,Ритм-фитнес Кунцево,1919,1843,8.6,1
Окраина/промзона,средний,FlexForge Mini,873,6204,20.2,1
Окраина/промзона,новички,Железная тяга,1470,6323,8.5,1
Спальный район,средний,Тонус-клуб Коломенская,2790,11968,1.5,1
ТЦ/бизнес-центр,средний,FlexForge Metro,1787,6420,13.9,1
ТЦ/бизнес-центр,средний,Олимпийские надежды,1811,4701,14.7,1
ТЦ/бизнес-центр,профи,Фитнес-планета,1096,6971,23.4,1
Окраина/промзона,средний,Тренерский центр,1662,2388,18.2,1
Спальный район,профи,Качалка у Палыча,477,11735,23.0,1
Окраина/промзона,профи,FlexForge Ultra,751,11033,22.7,1
ТЦ/бизнес-центр,профи,IronFlex Pro,1836,8627,15.2,1
Окраина/промзона,профи,Тренерский центр,2358,5220,13.2,1
Окраина/промзона,элита,Ритм-фитнес Кунцево,2632,4383,14.0,1
ТЦ/бизнес-центр,новички,Ритм-фитнес Кунцево,960,5712,24.5,1
ТЦ/бизнес-центр,средний,FlexForge Ultra,2941,8461,19.4,1
ТЦ/бизнес-центр,новички,Волна здоровья,1649,3915,2.7,1
Спальный район,профи,IronFlex Pro,604,10809,19.5,1
Спальный район,элита,Тонус-клуб Коломенская,1558,4501,4.3,1
Спальный район,средний,FlexForge Gym,1432,3238,11.2,1
Спальный район,элита,FlexForge Premium ВДНХ,221,2864,5.3,1
Спальный район,новички,Лёгкая атлетика +,877,4208,17.3,1
ТЦ/бизнес-центр,элита,Качалка на районе,2858,2424,21.9,1
Спальный район,средний,Домашний фитнес,2228,1651,7.3,1
Спальный район,новички,Спартанец,1431,10277,2.1,1
Спальный район,средний,Элит-фитнес Рублёвка,2255,9544,7.5,1
Окраина/промзона,средний,Железная тяга,2949,2412,16.8,1
ТЦ/бизнес-центр,средний,Тяжёлый вес,2008,3821,8.3,1
Спальный район,средний,Качалка на районе,728,1995,7.0,1
Спальный район,профи,Лёгкая атлетика +,2237,3648,4.7,1
ТЦ/бизнес-центр,средний,SportFlex Крылатское,2849,2056,12.5,1
Спальный район,средний,FlexForge Premium ВДНХ,1876,3052,7.0,1
ТЦ/бизнес-центр,профи,Железная тяга,856,3620,18.3,1
ТЦ/бизнес-центр,профи,FlexForge Mini,365,4585,2.0,1
Окраина/промзона,средний,FlexForge Gym,1048,5004,16.6,1
Окраина/промзона,средний,Олимпийские надежды,695,1656,6.0,0
Окраина/промзона,новички,Железная тяга,789,10426,12.3,0
Спальный район,средний,FlexForge Studio,628,9005,7.2,1
ТЦ/бизнес-центр,профи,Фитнес-планета,362,8662,18.1,1
Спальный район,средний,Тяжёлый вес,2613,7023,23.6,1
Спальный район,средний,FlexForge Premium ВДНХ,1462,9043,22.9,1
ТЦ/бизнес-центр,профи,Домашний фитнес,271,9555,14.6,1
Спальный район,новички,FlexForge Ultra,854,6154,11.6,1
ТЦ/бизнес-центр,профи,IronFlex Pro,468,7750,20.5,1
Окраина/промзона,средний,Заводной фитнес,1976,8746,17.1,1
Спальный район,элита,Ритм-фитнес Кунцево,2662,1654,4.7,1
Спальный район,средний,FlexForge Studio,1468,9450,20.5,1
Спальный район,профи,Железная тяга,1215,2496,10.8,1
Спальный район,профи,Тяжёлый вес,2922,11986,4.8,1
Спальный район,новички,FlexExpress Химки,1283,6126,7.1,1
ТЦ/бизнес-центр,профи,Домашний фитнес,205,4405,6.8,1
Окраина/промзона,элита,Фитнес-хаус,1181,10869,13.0,1
Окраина/промзона,профи,FlexForge Metro,2817,1653,5.9,1
Окраина/промзона,профи,FlexForge Lux Патрики,606,9353,3.2,1
Окраина/промзона,элита,FlexForge Premium ВДНХ,2153,7981,3.2,1
Спальный район,средний,FlexForge Light,2273,7099,14.6,1
Окраина/промзона,средний,Волна здоровья,1185,3216,18.4,1
ТЦ/бизнес-центр,профи,FlexForge Studio,589,2286,8.1,1
ТЦ/бизнес-центр,средний,FlexForge Metro,909,5868,1.0,1
ТЦ/бизнес-центр,профи,Фитнес-хаус,2818,9596,3.3,1
Спальный район,элита,Тренерский центр,1671,5772,22.9,1
Спальный район,средний,Олимпийские надежды,953,5267,12.4,1
Спальный район,средний,Тренерский центр,2393,10334,11.4,1
Окраина/промзона,профи,Ритм-фитнес Кунцево,1611,7494,1.0,1
Спальный район,средний,FlexForge Studio,1472,8716,18.2,1
Спальный район,профи,Адапт-фитнес,725,10357,13.2,1
Спальный район,средний,Фитнес-планета,1685,4926,5.1,1
ТЦ/бизнес-центр,профи,Волна здоровья,2260,5283,2.8,1
Окраина/промзона,новички,Адапт-фитнес,2631,6927,9.6,1
ТЦ/бизнес-центр,профи,Фитнес-планета,755,8511,20.9,1
Окраина/промзона,средний,FlexForge Ultra,218,9552,21.6,0
Окраина/промзона,профи,FlexForge Basic Выхино,774,5201,15.1,1
ТЦ/бизнес-центр,средний,Заводной фитнес,2998,10761,18.2,1
ТЦ/бизнес-центр,профи,FlexForge Mini,1203,3849,3.0,1
Окраина/промзона,элита,Тонус-клуб Коломенская,2666,8511,14.7,1
Окраина/промзона,средний,Здоровая спина,2666,8555,16.7,1
Окраина/промзона,новички,Домашний фитнес,2138,2712,5.1,1
Окраина/промзона,новички,Адапт-фитнес,2139,8465,22.0,1
ТЦ/бизнес-центр,профи,FlexForge Basic Выхино,1835,10844,5.0,1
Спальный район,профи,Лёгкая атлетика +,1898,8204,7.9,1
ТЦ/бизнес-центр,средний,FlexExpress Химки,2369,8933,15.6,1
Окраина/промзона,средний,SportFlex Крылатское,631,4011,16.0,1
Спальный район,средний,Здоровая спина,2291,1643,17.5,1
Спальный район,профи,Железная тяга,2095,8867,2.9,1
ТЦ/бизнес-центр,средний,FlexForge Gym,2143,4728,21.3,1
Спальный район,элита,Домашний фитнес,1540,6082,13.4,1
Спальный район,новички,Заводной фитнес,2628,7531,11.8,1
Окраина/промзона,профи,Железная тяга,344,5743,24.5,1
Спальный район,средний,FlexForge Ultra,2610,11049,18.5,1
Окраина/промзона,средний,Здоровая спина,1273,4213,3.0,0
Спальный район,профи,Волна здоровья,1288,5685,18.9,1
ТЦ/бизнес-центр,профи,Заводной фитнес,2602,11049,2.5,1
Окраина/промзона,элита,Лёгкая атлетика +,999,8828,0.8,1
Окраина/промзона,новички,Тяжёлый вес,1351,6133,10.2,1
Спальный район,новички,Лёгкая атлетика +,2645,4692,24.8,1
Окраина/промзона,профи,Качалка на районе,2156,1800,4.5,1
Спальный район,профи,FlexForge Metro,662,2223,16.8,1
Спальный район,средний,Тяжёлый вес,1974,7194,4.4,1
Спальный район,новички,Качалка у Палыча,2245,4510,18.1,1
ТЦ/бизнес-центр,новички,FlexForge Basic Выхино,1007,7055,12.7,1
ТЦ/бизнес-центр,элита,FlexExpress Химки,386,1567,17.0,1
ТЦ/бизнес-центр,средний,FlexForge Mini,1943,4006,5.2,1
Спальный район,средний,Качалка у Палыча,931,3037,18.7,1
Спальный район,средний,IronFlex Pro,2135,1897,24.9,1
Спальный район,средний,FlexExpress Химки,1413,7180,16.7,1
Окраина/промзона,новички,FlexForge Gym,1611,10855,12.4,1
ТЦ/бизнес-центр,средний,Фитнес-планета,628,6325,23.1,1
Спальный район,новички,FlexForge Basic Выхино,1507,10247,0.5,1
Окраина/промзона,профи,SportFlex Крылатское,2484,7548,18.3,1
ТЦ/бизнес-центр,средний,FlexForge Studio,1417,5161,22.2,1
ТЦ/бизнес-центр,средний,Здоровая спина,1510,11443,1.6,1
Спальный район,элита,Элит-фитнес Рублёвка,970,4441,11.3,1
ТЦ/бизнес-центр,профи,Тренерский центр,957,8567,5.2,1
Окраина/промзона,средний,FlexForge Metro,335,6591,14.2,1
Окраина/промзона,средний,Тяжёлый вес,991,11651,16.3,1
Спальный район,средний,Адапт-фитнес,370,3101,7.6,0
Окраина/промзона,профи,Фитнес-хаус,2406,2980,11.6,1
Окраина/промзона,элита,SportFlex Крылатское,2448,7730,7.1,1
ТЦ/бизнес-центр,профи,Волна здоровья,1780,10794,9.3,1
Окраина/промзона,профи,Тяжёлый вес,1161,4776,4.1,1
Спальный район,профи,Заводной фитнес,2830,7947,22.2,1
Окраина/промзона,средний,FlexForge Studio,1075,6999,0.3,1
Окраина/промзона,новички,Волна здоровья,2618,7773,22.1,1
Спальный район,профи,Качалка на районе,302,2799,14.3,0
ТЦ/бизнес-центр,элита,Ритм-фитнес Кунцево,1201,7318,8.4,1
ТЦ/бизнес-центр,средний,Волна здоровья,1348,8201,18.1,1
Спальный район,профи,Качалка у Палыча,1681,6494,12.7,1
Окраина/промзона,средний,Фитнес-хаус,857,8989,12.5,1
Окраина/промзона,средний,FlexExpress Химки,1420,11227,2.8,0
ТЦ/бизнес-центр,новички,Домашний фитнес,2980,9769,9.8,1
Спальный район,средний,Спартанец,622,4331,6.1,1
Спальный район,профи,FlexExpress Химки,2819,4221,0.5,1
ТЦ/бизнес-центр,средний,FlexForge Studio,370,3032,9.1,1
ТЦ/бизнес-центр,профи,Качалка у Палыча,2420,9929,2.3,1
Спальный район,профи,SportFlex Крылатское,2910,6753,6.5,1
Окраина/промзона,элита,Фитнес-хаус,652,3496,2.4,0
Спальный район,средний,Тяжёлый вес,2597,6811,2.6,1
Спальный район,средний,FlexForge Basic Выхино,2175,1777,5.1,1
Окраина/промзона,средний,Заводной фитнес,1857,4589,25.0,0
Спальный район,элита,FlexForge Premium ВДНХ,2741,2023,0.2,1
Окраина/промзона,элита,IronFlex Pro,2867,5775,16.0,1
Окраина/промзона,средний,SportFlex Крылатское,2253,6865,3.6,1
Спальный район,профи,Заводной фитнес,487,4622,23.0,1
Спальный район,средний,Тяжёлый вес,1841,9667,2.4,1
Спальный район,профи,FlexForge Lux Патрики,1647,6690,23.9,1
Спальный район,новички,Тяжёлый вес,2113,6075,15.3,1
ТЦ/бизнес-центр,профи,FlexForge Gym,807,9227,0.1,1
Спальный район,новички,FlexExpress Химки,656,3297,22.4,1
Спальный район,профи,Адапт-фитнес,1964,3631,13.1,1
ТЦ/бизнес-центр,профи,FlexForge Lux Патрики,1425,8822,6.6,1
Спальный район,профи,FlexForge Premium ВДНХ,1435,8000,19.2,1
Окраина/промзона,новички,Ритм-фитнес Кунцево,1229,2315,23.2,1
ТЦ/бизнес-центр,средний,Здоровая спина,2871,10134,12.1,1
ТЦ/бизнес-центр,средний,FlexForge Mini,2623,8166,8.0,1
Спальный район,средний,FlexForge Basic Выхино,646,1642,19.7,1
Окраина/промзона,новички,Спартанец,1034,2910,17.1,1
ТЦ/бизнес-центр,элита,Фитнес-хаус,1010,2034,22.2,1
Спальный район,профи,Тяжёлый вес,1624,11408,17.3,1
Окраина/промзона,средний,FlexForge Studio,1611,4864,6.2,1
ТЦ/бизнес-центр,средний,Ритм-фитнес Кунцево,1158,2532,23.3,1
Окраина/промзона,средний,IronFlex Pro,1675,4842,2.7,1
Спальный район,профи,Спартанец,1008,11102,6.8,1
Спальный район,средний,Тяжёлый вес,1178,7585,13.1,1
Спальный район,элита,Фитнес-планета,2663,6000,14.2,1
Спальный район,средний,FlexForge Studio,925,2672,0.5,1
ТЦ/бизнес-центр,элита,FlexForge Lux Патрики,2701,10580,19.5,1
Окраина/промзона,элита,FlexExpress Химки,1416,6017,9.1,1
Спальный район,средний,Домашний фитнес,2397,9507,10.2,1
ТЦ/бизнес-центр,элита,FlexForge Mini,2103,3141,20.3,1
ТЦ/бизнес-центр,новички,FlexForge Light,978,1971,9.5,1
Спальный район,профи,FlexForge Gym,1172,4440,1.3,1
Спальный район,средний,FlexForge Premium ВДНХ,1738,10238,4.5,1
ТЦ/бизнес-центр,элита,Лёгкая атлетика +,1616,6226,23.9,1
Спальный район,элита,FlexForge Light,2323,9170,1.9,1
ТЦ/бизнес-центр,профи,FlexForge Lux Патрики,798,5223,8.9,1
Спальный район,профи,FlexForge Metro,424,1863,12.6,1
ТЦ/бизнес-центр,средний,Лёгкая атлетика +,1753,11858,12.4,1
Спальный район,новички,Заводной фитнес,2360,4809,0.2,1
Спальный район,средний,FlexForge Lux Патрики,2498,2045,12.6,1
Окраина/промзона,средний,Ритм-фитнес Кунцево,1040,4740,9.7,1
ТЦ/бизнес-центр,профи,FlexForge Premium ВДНХ,2014,8165,24.3,1
Спальный район,средний,FlexForge Basic Выхино,913,3436,4.1,1
ТЦ/бизнес-центр,элита,FlexForge Lux Патрики,1306,10654,8.9,1
Окраина/промзона,профи,Заводной фитнес,324,2382,10.5,1
Окраина/промзона,профи,FlexForge Light,1292,5340,9.8,1
Спальный район,новички,Олимпийские надежды,1479,8423,16.7,1
Спальный район,элита,FlexForge Basic Выхино,1950,10562,5.5,1
Окраина/промзона,элита,SportFlex Крылатское,229,6111,5.6,1
Спальный район,средний,IronFlex Pro,2528,10557,18.3,1
Спальный район,профи,SportFlex Крылатское,2217,6704,12.6,1
ТЦ/бизнес-центр,профи,Лёгкая атлетика +,2615,8788,10.4,1
ТЦ/бизнес-центр,средний,FlexForge Basic Выхино,694,4703,4.3,1
Окраина/промзона,средний,FlexForge Ultra,1809,3744,4.8,1
Окраина/промзона,средний,Тяжёлый вес,917,1518,0.4,1
Спальный район,новички,FlexForge Studio,1216,2141,2.4,0
Спальный район,средний,FlexForge Ultra,1537,4583,14.0,1
Спальный район,новички,Качалка у Палыча,805,6700,22.3,1
Окраина/промзона,новички,Волна здоровья,574,10021,7.3,0
Окраина/промзона,новички,Тяжёлый вес,2886,2365,8.3,1
Окраина/промзона,элита,Спартанец,2160,2273,3.0,1
Окраина/промзона,средний,FlexForge Mini,1248,6232,9.8,1
Спальный район,элита,FlexForge Gym,1557,5018,1.0,1
ТЦ/бизнес-центр,средний,Фитнес-хаус,315,8295,22.9,1
ТЦ/бизнес-центр,средний,Фитнес-хаус,2295,8484,16.9,1
Окраина/промзона,средний,FlexForge Lux Патрики,2001,4067,24.8,1
Спальный район,средний,Адапт-фитнес,2346,3174,22.1,0
ТЦ/бизнес-центр,новички,Тяжёлый вес,1682,2239,11.9,1
ТЦ/бизнес-центр,профи,Заводной фитнес,1746,3045,13.0,1
Спальный район,средний,Тяжёлый вес,1820,11951,4.8,1
ТЦ/бизнес-центр,профи,Здоровая спина,2652,10827,11.6,1
ТЦ/бизнес-центр,профи,Ритм-фитнес Кунцево,884,6627,22.6,1
Спальный район,средний,Фитнес-планета,2750,8447,1.4,1
Спальный район,новички,FlexForge Gym,1671,8120,21.6,1
Спальный район,профи,Лёгкая атлетика +,1799,10565,8.6,1
ТЦ/бизнес-центр,средний,Элит-фитнес Рублёвка,2505,6055,22.5,1
Окраина/промзона,новички,FlexForge Mini,2368,11992,23.5,1
ТЦ/бизнес-центр,элита,Заводной фитнес,1009,7145,16.8,1
Спальный район,новички,FlexForge Basic Выхино,1177,10443,16.6,0
Окраина/промзона,профи,FlexForge Ultra,2301,8624,11.4,1
Спальный район,элита,Волна здоровья,1554,10545,20.9,1
Окраина/промзона,средний,FlexForge Light,983,5232,24.0,1
Спальный район,новички,Тонус-клуб Коломенская,440,3783,19.4,1
Спальный район,новички,FlexForge Metro,1978,11021,15.6,1
ТЦ/бизнес-центр,средний,Лёгкая атлетика +,1753,10169,15.2,1
Спальный район,новички,Спартанец,682,8498,21.3,1
Спальный район,профи,Тренерский центр,1212,6913,13.6,1
ТЦ/бизнес-центр,новички,Фитнес-хаус,386,2769,20.1,1
Окраина/промзона,средний,Волна здоровья,2081,9368,12.8,1
Спальный район,элита,Фитнес-хаус,2903,4103,1.7,1
Окраина/промзона,профи,FlexForge Premium ВДНХ,2509,7461,9.7,1
Спальный район,профи,FlexForge Mini,1152,11161,11.2,1
Окраина/промзона,средний,Олимпийские надежды,1587,10069,3.6,1
Спальный район,профи,Железная тяга,690,9057,2.7,1
Спальный район,средний,Элит-фитнес Рублёвка,630,3180,13.4,1
Спальный район,средний,IronFlex Pro,438,9933,2.2,1
ТЦ/бизнес-центр,новички,FlexExpress Химки,2551,10611,7.6,1
Окраина/промзона,элита,Тонус-клуб Коломенская,2545,7182,18.6,1
Спальный район,средний,Элит-фитнес Рублёвка,275,9584,24.1,1
ТЦ/бизнес-центр,средний,Адапт-фитнес,1556,6867,18.0,1
Спальный район,средний,FlexForge Ultra,2123,1569,24.8,1
ТЦ/бизнес-центр,средний,Качалка у Палыча,1981,5424,17.5,1
Окраина/промзона,профи,Домашний фитнес,2889,7700,7.4,1
Окраина/промзона,профи,Здоровая спина,1026,11778,16.8,1
Окраина/промзона,профи,FlexForge Premium ВДНХ,2530,3507,17.6,1
Спальный район,новички,Элит-фитнес Рублёвка,790,10492,9.4,1
ТЦ/бизнес-центр,средний,IronFlex Pro,2319,9619,0.5,1
Окраина/промзона,средний,FlexForge Ultra,2950,4279,17.6,1
Спальный район,новички,Домашний фитнес,2102,6420,0.6,1
Окраина/промзона,средний,IronFlex Pro,2110,2255,15.8,1
Окраина/промзона,профи,Тренерский центр,774,7995,4.2,1
Окраина/промзона,новички,FlexForge Basic Выхино,1091,11687,14.2,1
Спальный район,средний,FlexForge Ultra,2259,7435,12.6,1
Спальный район,средний,SportFlex Крылатское,340,11013,0.4,1
Окраина/промзона,новички,Ритм-фитнес Кунцево,1989,3830,9.1,0
Спальный район,средний,FlexForge Lux Патрики,216,7205,15.1,1
ТЦ/бизнес-центр,элита,Тяжёлый вес,1286,9801,21.2,1
Спальный район,профи,FlexForge Light,452,2516,22.2,1
Окраина/промзона,элита,Фитнес-планета,664,8847,12.1,1
Спальный район,средний,Олимпийские надежды,575,9716,18.2,1
Спальный район,новички,Качалка у Палыча,2027,6438,8.0,1
ТЦ/бизнес-центр,средний,FlexForge Basic Выхино,719,4338,8.6,1
Спальный район,средний,SportFlex Крылатское,2060,2237,4.9,1
Окраина/промзона,профи,FlexForge Premium ВДНХ,289,7700,14.1,1
ТЦ/бизнес-центр,новички,Тренерский центр,919,9871,7.9,1
Спальный район,средний,Фитнес-планета,829,1731,2.2,0
Окраина/промзона,средний,Тяжёлый вес,2084,3417,17.2,1
Окраина/промзона,средний,Олимпийские надежды,275,10034,17.7,1
Спальный район,профи,Тонус-клуб Коломенская,1125,7418,9.1,1
Окраина/промзона,средний,Ритм-фитнес Кунцево,2647,4123,2.0,1
Спальный район,средний,Олимпийские надежды,2005,10146,10.7,1
Спальный район,средний,FlexForge Basic Выхино,1169,7901,11.1,1
Окраина/промзона,средний,Лёгкая атлетика +,1294,8572,16.7,1
Окраина/промзона,профи,Заводной фитнес,2228,3776,8.0,1
Окраина/промзона,элита,Адапт-фитнес,1604,8893,17.1,1
Окраина/промзона,элита,SportFlex Крылатское,394,10287,21.8,1
Спальный район,профи,Элит-фитнес Рублёвка,427,5374,6.0,1
Спальный район,средний,FlexForge Mini,1659,6030,24.5,1
Окраина/промзона,профи,FlexForge Metro,660,8664,9.7,0
Спальный район,средний,Лёгкая атлетика +,817,5997,6.8,1
Окраина/промзона,средний,FlexForge Gym,263,9433,10.6,0
Окраина/промзона,профи,FlexForge Gym,2412,3635,2.5,1
Окраина/промзона,новички,FlexForge Premium ВДНХ,2274,8227,3.2,1
Спальный район,элита,FlexForge Studio,484,3065,10.4,1
Спальный район,средний,Железная тяга,1883,1808,19.1,1
ТЦ/бизнес-центр,профи,Заводной фитнес,2528,10034,22.5,1
Спальный район,профи,FlexForge Ultra,1037,10127,16.7,1
ТЦ/бизнес-центр,элита,Фитнес-планета,1030,9868,2.7,1
Спальный район,профи,Тяжёлый вес,1387,1638,16.8,1
Спальный район,профи,Спартанец,423,1693,15.9,1
Спальный район,новички,FlexExpress Химки,983,4757,20.2,1
Спальный район,средний,Адапт-фитнес,1149,4735,20.6,1
ТЦ/бизнес-центр,средний,Здоровая спина,244,2442,21.7,1
ТЦ/бизнес-центр,профи,Элит-фитнес Рублёвка,2010,6120,10.4,1
Окраина/промзона,средний,Тяжёлый вес,670,7220,17.5,1
Спальный район,профи,FlexForge Gym,2281,7853,6.8,1
ТЦ/бизнес-центр,новички,SportFlex Крылатское,2900,6457,25.0,1
Спальный район,новички,Здоровая спина,1029,10645,4.5,1
Окраина/промзона,профи,Тонус-клуб Коломенская,2109,10994,0.4,1
ТЦ/бизнес-центр,новички,FlexForge Lux Патрики,2468,4881,3.8,1
Спальный район,новички,FlexForge Ultra,2091,7339,19.4,1
ТЦ/бизнес-центр,новички,FlexForge Gym,2781,4380,11.2,1
ТЦ/бизнес-центр,элита,Элит-фитнес Рублёвка,891,11879,11.2,1
Спальный район,профи,Железная тяга,1590,6387,23.9,1
Спальный район,средний,Фитнес-хаус,1131,2045,23.0,1
Спальный район,средний,FlexForge Gym,1040,3427,7.8,1
Окраина/промзона,средний,FlexForge Ultra,2138,5652,5.3,1
Окраина/промзона,профи,FlexExpress Химки,1773,1504,21.2,1
Спальный район,профи,FlexForge Studio,2829,7033,22.7,1
Спальный район,средний,Элит-фитнес Рублёвка,2486,11054,13.6,1
Окраина/промзона,средний,Здоровая спина,2688,11512,15.8,1
Спальный район,новички,FlexForge Mini,347,6878,6.5,0
Спальный район,профи,FlexForge Light,1232,7733,20.0,1
ТЦ/бизнес-центр,профи,FlexForge Lux Патрики,1511,4163,15.8,1
ТЦ/бизнес-центр,средний,FlexForge Studio,587,10965,12.6,1
Окраина/промзона,новички,FlexForge Metro,2073,4826,1.6,1
Окраина/промзона,новички,Адапт-фитнес,1115,5159,22.9,1
Спальный район,элита,Элит-фитнес Рублёвка,2078,2631,15.4,1
Спальный район,средний,FlexForge Studio,2885,6263,4.9,1
ТЦ/бизнес-центр,профи,Фитнес-планета,477,8237,15.2,1
ТЦ/бизнес-центр,профи,FlexForge Lux Патрики,2177,6592,17.0,1
Спальный район,средний,FlexForge Gym,2059,7522,13.2,1
Спальный район,средний,Фитнес-хаус,2025,4659,18.0,1
Окраина/промзона,новички,FlexForge Premium ВДНХ,2836,7659,14.6,1
Спальный район,профи,Тренерский центр,2033,8818,23.7,1
Спальный район,профи,Качалка у Палыча,2896,9945,1.4,1
Окраина/промзона,профи,Олимпийские надежды,817,6807,2.7,1
Окраина/промзона,средний,SportFlex Крылатское,1830,10020,4.4,1
Спальный район,новички,FlexForge Ultra,2382,4544,17.3,1
Спальный район,элита,FlexForge Mini,779,11112,16.2,1
Спальный район,профи,FlexForge Premium ВДНХ,1370,7136,22.3,1
ТЦ/бизнес-центр,средний,SportFlex Крылатское,689,4392,18.3,1
Спальный район,элита,SportFlex Крылатское,2725,6788,12.8,1
Окраина/промзона,профи,Спартанец,1382,7312,24.8,1
ТЦ/бизнес-центр,профи,IronFlex Pro,583,2154,6.7,0
ТЦ/бизнес-центр,профи,Адапт-фитнес,362,6981,20.8,1
ТЦ/бизнес-центр,профи,Железная тяга,2688,2259,10.7,1
ТЦ/бизнес-центр,профи,Лёгкая атлетика +,2076,8282,16.3,1
Окраина/промзона,новички,FlexForge Basic Выхино,1412,3298,18.2,1
Окраина/промзона,средний,FlexForge Gym,2662,6659,15.9,1
Спальный район,элита,Спартанец,1562,9946,3.6,1
ТЦ/бизнес-центр,средний,FlexForge Ultra,1830,6762,11.1,1
Спальный район,средний,FlexForge Metro,1404,5323,14.1,1
Спальный район,средний,Качалка у Палыча,487,3376,21.2,1
ТЦ/бизнес-центр,средний,FlexForge Light,2057,7654,11.1,1
Спальный район,профи,Фитнес-хаус,386,9287,23.0,1
Спальный район,элита,Волна здоровья,2107,6016,11.1,1
Спальный район,средний,Ритм-фитнес Кунцево,1361,5234,13.8,1
Спальный район,новички,Качалка у Палыча,329,10936,19.9,1
ТЦ/бизнес-центр,средний,FlexForge Lux Патрики,2441,7472,14.6,1
Спальный район,элита,Железная тяга,2563,8139,24.0,0
Спальный район,профи,FlexForge Premium ВДНХ,2087,6856,16.5,1
Спальный район,средний,FlexForge Lux Патрики,343,7880,13.1,1
Окраина/промзона,профи,Качалка на районе,215,2508,0.7,1
Спальный район,элита,FlexForge Gym,2670,5814,10.4,1
ТЦ/бизнес-центр,профи,Тяжёлый вес,444,11202,7.6,1
ТЦ/бизнес-центр,элита,Фитнес-планета,1126,11651,18.7,1
Спальный район,средний,FlexForge Basic Выхино,2376,4008,5.3,1
ТЦ/бизнес-центр,профи,Тренерский центр,1106,6258,5.2,1
Спальный район,средний,FlexForge Mini,1086,4182,4.8,1
Окраина/промзона,профи,Спартанец,540,8811,3.2,1
Спальный район,профи,Адапт-фитнес,2251,2489,7.8,1
Спальный район,профи,Здоровая спина,1633,9946,22.2,1
Спальный район,профи,Волна здоровья,505,6211,19.4,1
Спальный район,средний,Фитнес-планета,1107,7979,18.4,1
Спальный район,средний,FlexForge Mini,2854,8464,20.0,1
Окраина/промзона,элита,FlexForge Light,1571,9575,6.8,1
Спальный район,элита,Тренерский центр,520,5952,22.2,1
Окраина/промзона,новички,Олимпийские надежды,758,9947,3.5,1
Окраина/промзона,средний,Тренерский центр,1404,2507,8.5,1
ТЦ/бизнес-центр,новички,Железная тяга,2865,7996,14.7,1
ТЦ/бизнес-центр,профи,FlexForge Lux Патрики,2958,11447,2.7,1
ТЦ/бизнес-центр,профи,Олимпийские надежды,1609,9188,18.3,1
ТЦ/бизнес-центр,средний,FlexForge Basic Выхино,1841,5408,9.7,1
ТЦ/бизнес-центр,средний,Лёгкая атлетика +,1331,4303,19.6,1
Спальный район,профи,FlexForge Basic Выхино,2778,5879,12.4,1
ТЦ/бизнес-центр,профи,Здоровая спина,2657,1598,4.6,1
Спальный район,средний,FlexForge Metro,1017,9888,18.4,1
Окраина/промзона,профи,IronFlex Pro,1394,2377,6.4,1
ТЦ/бизнес-центр,средний,FlexForge Premium ВДНХ,2740,3368,12.3,1
Окраина/промзона,средний,Лёгкая атлетика +,211,4165,2.0,0
Спальный район,профи,Спартанец,394,2888,15.5,1
ТЦ/бизнес-центр,профи,Адапт-фитнес,2737,3915,16.7,1
Спальный район,элита,Заводной фитнес,2429,10261,9.5,1
Спальный район,профи,SportFlex Крылатское,855,4137,23.9,1
Окраина/промзона,профи,Ритм-фитнес Кунцево,2121,8742,21.9,1
Окраина/промзона,средний,FlexForge Light,2941,10757,17.7,1
Окраина/промзона,средний,Качалка у Палыча,2277,10113,17.9,1
Спальный район,новички,FlexForge Metro,1819,4383,6.4,1
ТЦ/бизнес-центр,средний,FlexForge Studio,1319,2704,16.5,1
Окраина/промзона,профи,Заводной фитнес,977,2044,5.0,1
Окраина/промзона,элита,FlexForge Studio,643,2723,3.7,0
Окраина/промзона,новички,Железная тяга,497,4672,25.0,0
Спальный район,средний,FlexForge Basic Выхино,1007,10459,15.6,1
Спальный район,профи,Тренерский центр,1960,7950,10.8,1
Окраина/промзона,средний,Лёгкая атлетика +,1044,8020,7.3,1
Спальный район,профи,Качалка на районе,1215,2154,15.1,1
Окраина/промзона,профи,Тренерский центр,1584,8321,1.3,1
Окраина/промзона,профи,IronFlex Pro,1597,3946,2.5,1
Спальный район,средний,Качалка у Палыча,753,7392,0.9,1
Окраина/промзона,средний,Домашний фитнес,2550,9912,12.5,1
Окраина/промзона,профи,FlexForge Mini,620,5166,15.1,1
ТЦ/бизнес-центр,профи,FlexForge Studio,1469,5777,1.7,0
Окраина/промзона,новички,Заводной фитнес,1460,5902,18.1,0
Спальный район,профи,Адапт-фитнес,384,4069,5.8,1
Окраина/промзона,новички,Фитнес-хаус,667,7015,17.2,0
Спальный район,профи,Железная тяга,2610,10705,24.5,1
Окраина/промзона,средний,Тренерский центр,1506,11743,17.3,1
Спальный район,элита,FlexForge Light,1776,5485,22.1,1
ТЦ/бизнес-центр,средний,Олимпийские надежды,535,9667,23.7,1
Окраина/промзона,средний,Волна здоровья,2409,8948,12.2,1
ТЦ/бизнес-центр,новички,Фитнес-хаус,1697,5810,17.6,1
Спальный район,средний,IronFlex Pro,2259,4519,21.3,1
Окраина/промзона,элита,Тренерский центр,1647,5181,9.0,1
Окраина/промзона,элита,FlexForge Light,787,11135,6.6,1
Спальный район,средний,Лёгкая атлетика +,2081,5696,23.7,1
Спальный район,средний,Тренерский центр,400,2072,18.2,0
Спальный район,профи,Тонус-клуб Коломенская,721,11024,5.6,1
Спальный район,элита,Спартанец,2087,6253,11.3,1
Спальный район,профи,FlexExpress Химки,2752,8582,19.9,1
Спальный район,средний,Железная тяга,1911,5502,13.7,1
Окраина/промзона,средний,SportFlex Крылатское,987,7129,16.3,1
Окраина/промзона,профи,Качалка на районе,259,9917,18.9,0
Окраина/промзона,новички,FlexForge Ultra,777,5700,15.6,1
ТЦ/бизнес-центр,профи,Домашний фитнес,520,3497,13.5,1
Спальный район,средний,FlexForge Studio,1658,10463,18.8,1
ТЦ/бизнес-центр,профи,FlexForge Studio,2237,8922,18.2,1
Спальный район,новички,FlexForge Premium ВДНХ,1122,6024,15.8,1
Спальный район,профи,Домашний фитнес,1609,10125,9.1,1
Окраина/промзона,средний,Лёгкая атлетика +,1894,4907,10.2,0
Спальный район,профи,Домашний фитнес,768,8231,24.3,1
ТЦ/бизнес-центр,новички,Элит-фитнес Рублёвка,1301,9295,2.9,1
ТЦ/бизнес-центр,профи,FlexForge Basic Выхино,726,10557,6.8,1
Окраина/промзона,профи,Ритм-фитнес Кунцево,2771,4293,12.4,1
Спальный район,профи,Олимпийские надежды,2860,8834,20.9,1
ТЦ/бизнес-центр,профи,Здоровая спина,2372,4411,4.2,1
ТЦ/бизнес-центр,профи,FlexForge Basic Выхино,1070,9452,7.0,1
Окраина/промзона,профи,Фитнес-хаус,479,3915,1.7,1
ТЦ/бизнес-центр,средний,FlexForge Gym,2869,1750,17.7,1
Окраина/промзона,профи,Ритм-фитнес Кунцево,2092,6451,6.0,1
Окраина/промзона,средний,FlexForge Lux Патрики,1951,9598,9.8,1
ТЦ/бизнес-центр,новички,FlexExpress Химки,873,6789,11.1,1
ТЦ/бизнес-центр,новички,Заводной фитнес,1351,9602,22.3,1
Окраина/промзона,средний,FlexForge Basic Выхино,2561,8757,10.3,0
Спальный район,профи,FlexForge Gym,531,7065,3.7,1
Спальный район,профи,Элит-фитнес Рублёвка,1373,7937,13.2,1
Окраина/промзона,профи,Олимпийские надежды,2239,10610,24.1,1
Окраина/промзона,средний,FlexForge Metro,1677,2673,15.2,1
Окраина/промзона,средний,Тренерский центр,235,10124,24.6,0
Окраина/промзона,новички,Фитнес-хаус,1908,2335,21.0,1
Спальный район,средний,FlexForge Studio,1643,11938,1.0,1
ТЦ/бизнес-центр,средний,Ритм-фитнес Кунцево,2453,3762,16.5,1
Окраина/промзона,новички,FlexForge Studio,2886,10589,7.2,1
Спальный район,средний,Фитнес-хаус,1579,6067,14.0,1
Спальный район,профи,Домашний фитнес,639,5315,7.1,1
Окраина/промзона,профи,FlexForge Gym,2976,1746,8.8,1
ТЦ/бизнес-центр,элита,Фитнес-планета,1319,3929,23.1,1
Спальный район,элита,Тонус-клуб Коломенская,363,10682,5.2,1
ТЦ/бизнес-центр,профи,Элит-фитнес Рублёвка,347,10618,21.9,1
Спальный район,средний,Адапт-фитнес,2541,6787,0.9,1
ТЦ/бизнес-центр,профи,Заводной фитнес,394,4107,2.4,1
ТЦ/бизнес-центр,профи,Фитнес-хаус,862,10766,21.4,1
ТЦ/бизнес-центр,новички,FlexForge Premium ВДНХ,679,7430,15.8,1
Спальный район,средний,Домашний фитнес,322,5522,18.7,1
Окраина/промзона,профи,FlexForge Premium ВДНХ,1623,6284,5.3,1
Спальный район,средний,Ритм-фитнес Кунцево,2946,8117,13.5,1
Окраина/промзона,профи,Качалка у Палыча,1164,4651,18.5,1
Спальный район,профи,FlexForge Basic Выхино,2908,7080,15.7,1
Спальный район,средний,Тонус-клуб Коломенская,1978,8554,11.8,1
Окраина/промзона,средний,Фитнес-хаус,1685,9206,24.0,1
ТЦ/бизнес-центр,средний,FlexForge Basic Выхино,2214,9119,16.9,1
Окраина/промзона,новички,FlexForge Premium ВДНХ,909,6073,22.7,1
ТЦ/бизнес-центр,новички,Адапт-фитнес,2643,4991,18.3,1
Окраина/промзона,профи,FlexForge Ultra,1111,2206,18.4,1
ТЦ/бизнес-центр,средний,FlexExpress Химки,1560,8497,2.1,1
Окраина/промзона,средний,Ритм-фитнес Кунцево,2564,6733,9.1,1
Спальный район,средний,FlexForge Light,1934,10445,21.5,1
Окраина/промзона,элита,FlexForge Studio,2023,7255,5.9,1
ТЦ/бизнес-центр,средний,FlexForge Premium ВДНХ,1779,8460,3.0,1
Спальный район,средний,FlexExpress Химки,880,10279,8.2,1
Окраина/промзона,элита,Адапт-фитнес,1533,2834,5.6,1
Спальный район,профи,IronFlex Pro,2742,7088,23.1,1
Спальный район,средний,Фитнес-хаус,755,3347,21.7,1
Спальный район,профи,FlexForge Light,809,8351,12.5,1
Спальный район,средний,IronFlex Pro,2356,8711,1.6,1
Спальный район,средний,Лёгкая атлетика +,571,9365,17.9,0
Спальный район,новички,Спартанец,815,4817,15.6,1
Окраина/промзона,новички,Адапт-фитнес,2114,11890,24.3,1
ТЦ/бизнес-центр,профи,Адапт-фитнес,2453,8311,14.0,1
Спальный район,средний,FlexForge Metro,1046,1664,8.5,1
Окраина/промзона,средний,Фитнес-планета,242,8560,13.0,1
Окраина/промзона,профи,Здоровая спина,1064,11690,24.5,1
Спальный район,профи,Лёгкая атлетика +,1468,4557,17.4,1
Спальный район,средний,FlexForge Metro,1578,11776,16.8,1
Спальный район,профи,FlexForge Light,984,5928,6.1,1
ТЦ/бизнес-центр,новички,Железная тяга,675,1902,18.6,1
Спальный район,профи,Здоровая спина,282,10105,18.8,1
Спальный район,профи,Лёгкая атлетика +,1333,9736,8.0,1
Спальный район,элита,Качалка у Палыча,2437,7849,12.1,1
ТЦ/бизнес-центр,новички,FlexForge Metro,999,5657,7.4,1
Окраина/промзона,новички,Здоровая спина,1135,2367,6.5,0
Окраина/промзона,средний,Лёгкая атлетика +,2498,9710,0.7,1
Спальный район,средний,FlexForge Metro,2538,1864,7.2,1
Спальный район,средний,Спартанец,1868,8967,13.9,1
Спальный район,элита,FlexForge Premium ВДНХ,525,8071,0.1,1
Окраина/промзона,средний,Лёгкая атлетика +,1734,2079,7.2,0
Спальный район,средний,Домашний фитнес,2185,9174,22.0,1
ТЦ/бизнес-центр,профи,Лёгкая атлетика +,2164,10237,14.9,1
Окраина/промзона,средний,Элит-фитнес Рублёвка,1036,7968,15.2,1
Окраина/промзона,профи,FlexForge Mini,707,5650,10.1,1
Окраина/промзона,новички,Тяжёлый вес,2978,4539,16.9,1
Окраина/промзона,средний,Адапт-фитнес,2319,5637,4.8,1
Спальный район,новички,Качалка у Палыча,1470,1952,20.5,1
Спальный район,новички,Фитнес-хаус,840,8037,3.0,0
Окраина/промзона,элита,Адапт-фитнес,2078,2881,16.4,1
Окраина/промзона,новички,Спартанец,807,9654,8.6,0
ТЦ/бизнес-центр,средний,Элит-фитнес Рублёвка,2158,2967,18.7,1
ТЦ/бизнес-центр,средний,Здоровая спина,765,4238,13.8,1
Спальный район,средний,FlexForge Gym,1567,9072,11.4,1
Окраина/промзона,элита,IronFlex Pro,2301,10908,4.3,1
Окраина/промзона,новички,FlexForge Mini,1953,8247,16.0,1
ТЦ/бизнес-центр,профи,FlexForge Studio,2775,2380,24.4,1
Спальный район,элита,FlexForge Gym,2858,4649,20.7,1
Спальный район,профи,Заводной фитнес,1781,9776,1.6,1
Окраина/промзона,элита,Фитнес-планета,2186,9392,9.5,1
Окраина/промзона,новички,Фитнес-планета,2440,5644,23.1,1
Окраина/промзона,средний,FlexForge Premium ВДНХ,2305,2668,12.6,1
Спальный район,средний,Адапт-фитнес,328,4629,16.6,1
Спальный район,профи,FlexForge Mini,2072,5145,22.8,1
Спальный район,элита,FlexForge Studio,905,4026,21.9,1
ТЦ/бизнес-центр,средний,IronFlex Pro,1051,5016,12.6,1
Окраина/промзона,профи,Заводной фитнес,207,4867,11.0,1
Окраина/промзона,средний,Ритм-фитнес Кунцево,2276,8838,8.6,1
Окраина/промзона,профи,Качалка на районе,1335,11886,18.0,1
Окраина/промзона,средний,Ритм-фитнес Кунцево,2378,5055,7.2,1
Спальный район,элита,FlexForge Studio,2435,6611,6.3,1
Окраина/промзона,профи,Заводной фитнес,1898,8252,9.0,1
Окраина/промзона,средний,FlexForge Metro,2956,1945,4.5,1
Окраина/промзона,новички,Олимпийские надежды,1698,7864,17.4,1
ТЦ/бизнес-центр,средний,Адапт-фитнес,2459,5126,15.4,1
Спальный район,средний,Ритм-фитнес Кунцево,1844,5516,12.1,1
ТЦ/бизнес-центр,средний,Ритм-фитнес Кунцево,475,5375,9.8,1
Окраина/промзона,элита,FlexExpress Химки,1902,6997,22.7,1
Спальный район,профи,Заводной фитнес,1995,7738,0.8,1
ТЦ/бизнес-центр,средний,FlexForge Light,442,1761,19.3,0
Спальный район,новички,Фитнес-хаус,2932,11540,22.6,1
Спальный район,элита,Качалка у Палыча,370,6492,11.2,1
Спальный район,профи,Элит-фитнес Рублёвка,852,5525,13.8,1
ТЦ/бизнес-центр,новички,Спартанец,2132,11958,23.6,1
Спальный район,профи,Олимпийские надежды,2435,9783,5.4,1
Спальный район,средний,Домашний фитнес,1309,5722,13.1,1
Окраина/промзона,новички,FlexForge Mini,1699,5675,11.9,0
Спальный район,средний,Тонус-клуб Коломенская,2299,10674,6.5,1
Окраина/промзона,средний,FlexForge Ultra,2358,4943,20.5,1
Спальный район,средний,Ритм-фитнес Кунцево,2172,6511,22.5,1
Спальный район,элита,IronFlex Pro,1266,2193,19.6,1
Окраина/промзона,профи,FlexExpress Химки,2458,9847,5.0,1
Спальный район,профи,Тонус-клуб Коломенская,2235,3312,2.3,1
ТЦ/бизнес-центр,средний,FlexForge Studio,1057,7224,15.2,1
ТЦ/бизнес-центр,средний,SportFlex Крылатское,2874,2907,1.5,1
Окраина/промзона,профи,Качалка на районе,1249,9532,16.9,1
Спальный район,средний,Фитнес-хаус,498,10908,13.3,1
Окраина/промзона,новички,FlexForge Mini,1123,2910,16.6,0
ТЦ/бизнес-центр,средний,Тонус-клуб Коломенская,336,4997,14.8,1
ТЦ/бизнес-центр,профи,FlexForge Lux Патрики,1243,5872,10.6,1
ТЦ/бизнес-центр,средний,Фитнес-хаус,2687,8894,5.1,1
Спальный район,новички,FlexForge Gym,410,2051,7.7,1
Спальный район,профи,Волна здоровья,2999,10868,13.2,1
Спальный район,средний,FlexForge Mini,1774,5832,16.3,1
Спальный район,средний,Лёгкая атлетика +,2682,2497,19.5,1
Окраина/промзона,средний,FlexForge Light,979,5576,19.2,1
Спальный район,средний,FlexForge Ultra,1430,7599,24.3,1
Спальный район,профи,FlexExpress Химки,2686,7055,7.2,1
Окраина/промзона,средний,FlexForge Light,2002,5552,1.9,1
Спальный район,средний,FlexForge Light,2913,6803,8.7,1
Спальный район,элита,FlexForge Studio,1265,9618,18.6,1
Окраина/промзона,элита,Фитнес-хаус,610,7602,11.0,1
Окраина/промзона,элита,Волна здоровья,2857,6990,20.5,1
ТЦ/бизнес-центр,средний,Адапт-фитнес,626,10064,13.8,1
Окраина/промзона,средний,Тяжёлый вес,1671,7116,23.3,1
Спальный район,элита,FlexForge Basic Выхино,1141,3748,23.7,1
Спальный район,профи,Адапт-фитнес,2107,2348,1.8,0
Спальный район,новички,Качалка у Палыча,941,7854,11.5,1
Окраина/промзона,новички,Ритм-фитнес Кунцево,1592,10195,15.3,1
Спальный район,средний,Качалка у Палыча,1443,9570,6.5,1
Спальный район,элита,FlexForge Studio,1800,10394,10.2,1
Спальный район,средний,Олимпийские надежды,1455,5125,17.0,1
ТЦ/бизнес-центр,средний,Тонус-клуб Коломенская,527,1814,5.7,1
ТЦ/бизнес-центр,новички,Тяжёлый вес,1666,3876,15.1,1
ТЦ/бизнес-центр,профи,Тренерский центр,2299,10732,17.5,1
ТЦ/бизнес-центр,профи,Домашний фитнес,2166,5878,2.4,1
ТЦ/бизнес-центр,средний,FlexForge Lux Патрики,575,9949,12.5,1
ТЦ/бизнес-центр,профи,Тяжёлый вес,462,2074,6.7,1
Спальный район,элита,FlexForge Gym,466,11244,18.1,1
ТЦ/бизнес-центр,средний,Волна здоровья,2606,7085,4.8,1
Спальный район,средний,Элит-фитнес Рублёвка,2144,6992,22.3,1
Окраина/промзона,средний,Здоровая спина,2093,10449,10.8,1
Спальный район,профи,Элит-фитнес Рублёвка,2101,4310,5.0,1
Спальный район,профи,Тяжёлый вес,2899,9634,11.0,1
ТЦ/бизнес-центр,профи,Домашний фитнес,1852,10796,10.3,1
ТЦ/бизнес-центр,профи,Элит-фитнес Рублёвка,1644,7170,10.8,1
ТЦ/бизнес-центр,средний,FlexExpress Химки,245,9215,14.7,1
ТЦ/бизнес-центр,элита,Домашний фитнес,799,8067,13.1,1
Спальный район,средний,Лёгкая атлетика +,919,4959,3.8,1
ТЦ/бизнес-центр,средний,Заводной фитнес,2112,7617,1.7,1
ТЦ/бизнес-центр,профи,FlexForge Gym,1492,5492,18.3,1
ТЦ/бизнес-центр,профи,FlexForge Gym,800,9337,14.0,1
Спальный район,средний,FlexExpress Химки,580,1703,9.0,1
ТЦ/бизнес-центр,элита,Адапт-фитнес,317,4275,20.2,1
Спальный район,элита,Фитнес-планета,2363,3492,9.8,1
Спальный район,средний,Фитнес-хаус,459,3743,19.9,1
Спальный район,элита,IronFlex Pro,1298,9998,7.7,1
ТЦ/бизнес-центр,новички,FlexForge Mini,1703,3187,1.9,1
Окраина/промзона,средний,FlexForge Lux Патрики,2552,5609,23.3,1
Спальный район,средний,Тонус-клуб Коломенская,2254,3360,9.9,1
ТЦ/бизнес-центр,элита,Заводной фитнес,565,11653,19.8,1
Окраина/промзона,профи,Здоровая спина,1857,6676,7.1,1
Окраина/промзона,средний,Здоровая спина,2770,2222,16.2,1
ТЦ/бизнес-центр,средний,Железная тяга,1661,10471,21.8,1
Спальный район,профи,IronFlex Pro,2224,10220,1.1,1
Окраина/промзона,новички,FlexForge Light,2676,6393,20.8,1
Окраина/промзона,элита,Домашний фитнес,990,1843,14.3,1
ТЦ/бизнес-центр,профи,FlexForge Metro,946,6898,15.2,1
ТЦ/бизнес-центр,средний,Здоровая спина,2614,9900,13.1,1
Спальный район,элита,Волна здоровья,512,6236,21.9,1
Спальный район,средний,Лёгкая атлетика +,737,4906,1.2,1
Спальный район,элита,Качалка у Палыча,1120,11003,6.6,1
Спальный район,профи,Железная тяга,1277,11991,21.9,1
Спальный район,профи,Ритм-фитнес Кунцево,1690,11639,18.8,1
Окраина/промзона,средний,Качалка на районе,2581,2419,0.5,0
ТЦ/бизнес-центр,элита,Адапт-фитнес,997,7319,13.0,1
Спальный район,средний,Тяжёлый вес,547,3544,13.3,0
Окраина/промзона,средний,FlexForge Metro,472,1918,10.1,0
Окраина/промзона,новички,FlexForge Gym,919,3249,7.5,0
Спальный район,профи,Заводной фитнес,1973,8878,17.1,1
Спальный район,средний,FlexForge Gym,2747,2599,5.3,1
ТЦ/бизнес-центр,профи,SportFlex Крылатское,884,4892,20.0,1
Спальный район,элита,Адапт-фитнес,2326,4272,20.1,1
Спальный район,новички,Здоровая спина,821,8284,10.4,1
ТЦ/бизнес-центр,профи,Лёгкая атлетика +,2239,3045,7.2,1
Спальный район,средний,IronFlex Pro,1146,2570,7.2,1
Спальный район,элита,Тренерский центр,2605,8022,12.1,1
ТЦ/бизнес-центр,профи,Качалка у Палыча,2865,3350,18.0,1
Спальный район,средний,Спартанец,706,6553,9.0,1
ТЦ/бизнес-центр,профи,Здоровая спина,1782,4439,15.3,1
Спальный район,средний,FlexForge Lux Патрики,2823,11595,9.6,1
ТЦ/бизнес-центр,средний,FlexForge Basic Выхино,443,8694,7.7,1
Окраина/промзона,профи,Железная тяга,705,7351,0.7,1
Спальный район,средний,Спартанец,621,8173,0.2,1
Спальный район,средний,FlexForge Studio,2464,2178,5.8,1
Окраина/промзона,средний,Домашний фитнес,2072,2488,10.2,1
Спальный район,профи,FlexForge Basic Выхино,1392,11299,21.3,1
ТЦ/бизнес-центр,средний,Качалка на районе,529,3002,20.0,1
Спальный район,средний,FlexForge Basic Выхино,849,3289,6.8,1
Спальный район,профи,Адапт-фитнес,1664,6781,6.2,1
Окраина/промзона,профи,FlexForge Light,590,6527,5.8,1
Спальный район,новички,Элит-фитнес Рублёвка,1719,2925,8.5,1
ТЦ/бизнес-центр,средний,FlexForge Studio,580,8154,12.5,1
Спальный район,новички,IronFlex Pro,941,3940,11.0,0
Спальный район,средний,Тонус-клуб Коломенская,2210,11734,5.5,1
Спальный район,средний,Тонус-клуб Коломенская,1019,8356,3.3,1
Спальный район,профи,Тяжёлый вес,872,8867,0.4,1
Спальный район,профи,FlexForge Mini,2760,10970,3.9,1
Окраина/промзона,профи,Тонус-клуб Коломенская,1971,4094,17.7,1
Спальный район,средний,FlexForge Light,1411,6189,6.2,1
ТЦ/бизнес-центр,профи,Тяжёлый вес,1129,3936,11.8,1
ТЦ/бизнес-центр,средний,FlexExpress Химки,1739,7017,14.8,1
ТЦ/бизнес-центр,элита,Домашний фитнес,1112,11897,22.2,1
ТЦ/бизнес-центр,профи,Домашний фитнес,843,10719,22.2,1
ТЦ/бизнес-центр,новички,Качалка на районе,626,7810,18.7,1
ТЦ/бизнес-центр,профи,FlexForge Basic Выхино,701,5039,1.0,1
Спальный район,средний,Качалка на районе,929,4983,14.4,1
ТЦ/бизнес-центр,профи,Элит-фитнес Рублёвка,1483,8871,19.7,1
Окраина/промзона,новички,Фитнес-хаус,2318,3741,0.5,1
ТЦ/бизнес-центр,средний,IronFlex Pro,2725,7878,13.8,1
Спальный район,элита,Лёгкая атлетика +,656,4265,21.5,1
Спальный район,средний,Здоровая спина,2436,10865,11.9,1
Окраина/промзона,профи,FlexExpress Химки,490,6411,0.2,1
ТЦ/бизнес-центр,средний,FlexForge Ultra,1119,1903,0.4,1
Спальный район,профи,Качалка на районе,2539,4882,10.5,1
Окраина/промзона,профи,Ритм-фитнес Кунцево,2169,5663,4.0,1
Окраина/промзона,средний,Здоровая спина,955,9130,16.6,1
Окраина/промзона,средний,Тренерский центр,1858,1587,17.7,1
Спальный район,средний,FlexForge Ultra,2034,10850,4.5,1
ТЦ/бизнес-центр,новички,Домашний фитнес,1506,7316,22.2,1
Спальный район,средний,Лёгкая атлетика +,1767,6970,11.1,1
Окраина/промзона,профи,Домашний фитнес,2069,7776,3.7,1
Спальный район,элита,SportFlex Крылатское,576,7239,19.1,1
Спальный район,элита,FlexForge Mini,1379,5773,19.8,1
Спальный район,профи,Фитнес-хаус,707,11073,16.0,1
Окраина/промзона,профи,Качалка у Палыча,1636,8023,21.4,1
ТЦ/бизнес-центр,профи,SportFlex Крылатское,2775,6503,18.5,1
Спальный район,средний,Качалка у Палыча,758,9538,22.1,1
Спальный район,элита,Домашний фитнес,2507,8106,10.9,1
Спальный район,профи,Адапт-фитнес,620,3564,18.7,1
ТЦ/бизнес-центр,профи,FlexForge Premium ВДНХ,1752,6815,25.0,1
ТЦ/бизнес-центр,новички,Домашний фитнес,503,1817,18.2,1
Спальный район,средний,FlexForge Light,1141,3002,2.9,1
Спальный район,средний,FlexForge Gym,2789,7630,13.0,1
Спальный район,элита,Спартанец,1501,8919,14.7,1
ТЦ/бизнес-центр,средний,Здоровая спина,1289,3542,4.4,1
Спальный район,средний,Олимпийские надежды,2355,6098,24.1,1
Спальный район,элита,FlexForge Light,2515,11714,4.5,1
ТЦ/бизнес-центр,новички,Тяжёлый вес,2469,1618,4.5,1
Спальный район,средний,FlexForge Lux Патрики,2027,2209,22.9,1
ТЦ/бизнес-центр,новички,FlexForge Metro,1753,5057,11.7,1
ТЦ/бизнес-центр,профи,FlexForge Studio,892,4750,1.7,1
Окраина/промзона,элита,FlexForge Basic Выхино,454,9561,15.0,1
Спальный район,средний,FlexForge Metro,1678,10109,15.1,1
Окраина/промзона,элита,Спартанец,2500,4103,1.7,1
Спальный район,средний,Фитнес-хаус,456,2601,24.3,0
Спальный район,элита,Фитнес-хаус,2630,5921,13.6,1
Окраина/промзона,профи,FlexForge Lux Патрики,641,9357,14.0,1
Спальный район,профи,Тренерский центр,2081,9677,13.1,1
Спальный район,новички,Тренерский центр,2846,7582,15.3,1
Спальный район,элита,SportFlex Крылатское,1313,8158,6.7,1
Спальный район,профи,Фитнес-планета,2637,3761,7.3,1
Окраина/промзона,средний,Волна здоровья,781,9521,12.8,1
Окраина/промзона,профи,Здоровая спина,1935,2008,20.2,1
Окраина/промзона,средний,Железная тяга,2845,3879,1.3,1
ТЦ/бизнес-центр,элита,Волна здоровья,218,10379,15.1,1
Окраина/промзона,новички,Качалка на районе,1324,6252,20.2,0
Окраина/промзона,профи,FlexForge Premium ВДНХ,2854,10984,4.0,1
ТЦ/бизнес-центр,средний,FlexForge Gym,1580,6995,0.5,1
ТЦ/бизнес-центр,новички,Тонус-клуб Коломенская,1765,4709,7.9,1
Окраина/промзона,средний,FlexForge Premium ВДНХ,2280,8898,14.7,1
Спальный район,новички,Железная тяга,2193,8243,3.5,1
Окраина/промзона,средний,FlexForge Studio,1747,7148,10.7,1
ТЦ/бизнес-центр,средний,SportFlex Крылатское,1061,6671,13.9,1
Окраина/промзона,профи,Адапт-фитнес,354,9390,15.0,1
ТЦ/бизнес-центр,средний,Спартанец,1104,1824,6.9,1
ТЦ/бизнес-центр,средний,Качалка у Палыча,1469,11685,10.1,1
ТЦ/бизнес-центр,профи,Фитнес-хаус,604,5057,19.5,1
Окраина/промзона,новички,Железная тяга,1043,5087,23.5,0
Спальный район,элита,FlexForge Gym,1982,1651,21.6,1
Спальный район,элита,Фитнес-планета,1764,2454,14.2,1
Спальный район,профи,Олимпийские надежды,1384,5854,10.3,1
Окраина/промзона,профи,FlexForge Ultra,946,8660,8.4,1
Спальный район,элита,IronFlex Pro,1925,10883,3.2,1
Окраина/промзона,средний,SportFlex Крылатское,470,2187,2.8,0
Спальный район,новички,FlexForge Mini,969,10001,17.2,1
Спальный район,средний,Фитнес-планета,1915,11194,6.6,1
Спальный район,профи,Олимпийские надежды,1710,4627,6.4,1
Спальный район,новички,Тяжёлый вес,371,8263,25.0,1
Окраина/промзона,профи,Фитнес-планета,473,4895,4.8,1
Спальный район,элита,Тонус-клуб Коломенская,2506,10505,3.8,1
ТЦ/бизнес-центр,элита,Адапт-фитнес,1358,2345,2.6,1
Окраина/промзона,средний,FlexForge Metro,1906,2664,14.5,1
Спальный район,новички,Тонус-клуб Коломенская,1971,7404,15.7,1
Спальный район,профи,FlexForge Light,621,11459,9.2,1
Окраина/промзона,профи,SportFlex Крылатское,1644,6860,13.4,1
Спальный район,новички,FlexForge Ultra,1409,1854,19.7,1
ТЦ/бизнес-центр,новички,FlexExpress Химки,2611,3372,20.5,1
Окраина/промзона,элита,Тонус-клуб Коломенская,2625,3524,24.0,1
Спальный район,профи,Элит-фитнес Рублёвка,779,4317,20.6,1
Спальный район,профи,FlexForge Premium ВДНХ,1090,5332,14.2,1
ТЦ/бизнес-центр,элита,FlexForge Studio,921,9757,4.6,1
Окраина/промзона,профи,Адапт-фитнес,1080,4081,2.6,1
Спальный район,средний,SportFlex Крылатское,1321,11082,1.5,1
Спальный район,средний,IronFlex Pro,2852,10822,16.7,1
Окраина/промзона,средний,Тяжёлый вес,2207,3986,20.2,1
Окраина/промзона,средний,Волна здоровья,2269,10526,12.8,1
ТЦ/бизнес-центр,профи,Качалка на районе,1673,9918,1.5,1
Спальный район,профи,Элит-фитнес Рублёвка,582,3943,13.4,1
ТЦ/бизнес-центр,элита,Адапт-фитнес,2381,10419,23.4,1
Окраина/промзона,средний,Тяжёлый вес,1649,2536,15.0,1
ТЦ/бизнес-центр,профи,Адапт-фитнес,2750,11524,20.3,1
Спальный район,профи,FlexForge Basic Выхино,1790,10184,20.0,1
Окраина/промзона,профи,Качалка у Палыча,1986,8935,23.3,1
Окраина/промзона,профи,FlexForge Light,343,3048,19.3,1
Спальный район,средний,Тяжёлый вес,2086,10835,18.7,1
Окраина/промзона,средний,Качалка у Палыча,1902,6565,5.9,1
ТЦ/бизнес-центр,новички,Фитнес-хаус,1635,7996,1.6,1
Окраина/промзона,средний,IronFlex Pro,423,7683,13.0,0
ТЦ/бизнес-центр,средний,Адапт-фитнес,419,5457,3.2,1
Спальный район,профи,FlexForge Light,378,4907,24.1,1
Окраина/промзона,элита,Лёгкая атлетика +,1854,2139,7.3,1
ТЦ/бизнес-центр,профи,Качалка у Палыча,632,1672,21.3,1
ТЦ/бизнес-центр,профи,Волна здоровья,464,7166,9.8,1
Окраина/промзона,средний,Элит-фитнес Рублёвка,1153,5854,8.1,1
Окраина/промзона,профи,Тяжёлый вес,628,5459,23.4,0
Спальный район,новички,Спартанец,2663,10208,9.1,1
Спальный район,средний,Ритм-фитнес Кунцево,2974,10214,9.8,1
Спальный район,средний,FlexForge Studio,2444,11609,2.7,1
Спальный район,средний,Элит-фитнес Рублёвка,1777,4386,16.8,1
Спальный район,новички,Домашний фитнес,679,3664,7.3,1
ТЦ/бизнес-центр,новички,FlexForge Gym,1553,11621,14.7,1
Окраина/промзона,средний,IronFlex Pro,1089,5445,14.8,1
Спальный район,элита,Спартанец,1124,6735,18.0,1
Спальный район,средний,Качалка у Палыча,2370,11901,18.7,1
Спальный район,средний,FlexForge Studio,2102,9246,12.9,1
Окраина/промзона,средний,SportFlex Крылатское,1610,4090,8.3,0
ТЦ/бизнес-центр,профи,Олимпийские надежды,1562,9254,21.0,1
Спальный район,средний,Фитнес-планета,977,6434,7.8,1
Спальный район,средний,FlexForge Ultra,2595,5576,12.7,1
Спальный район,средний,Лёгкая атлетика +,228,6685,10.1,0
ТЦ/бизнес-центр,новички,FlexForge Lux Патрики,234,2593,21.4,1
Окраина/промзона,новички,Тренерский центр,1619,5380,10.9,1
Окраина/промзона,средний,Фитнес-хаус,2870,8059,9.7,1
Спальный район,новички,Элит-фитнес Рублёвка,788,4285,17.3,1
Спальный район,новички,Здоровая спина,1103,7565,15.1,1
Окраина/промзона,средний,Качалка у Палыча,2767,8039,2.8,1
Окраина/промзона,профи,Качалка у Палыча,2369,3074,12.8,1
ТЦ/бизнес-центр,профи,IronFlex Pro,539,7176,18.4,1
Спальный район,средний,Железная тяга,374,9560,24.8,1
Спальный район,средний,Спартанец,2123,5490,15.8,1
Спальный район,элита,Адапт-фитнес,1914,6710,9.3,1
Окраина/промзона,средний,FlexForge Basic Выхино,796,6345,5.7,1
Окраина/промзона,новички,Ритм-фитнес Кунцево,650,10785,21.8,1
Окраина/промзона,профи,FlexForge Mini,756,2689,20.4,0
Спальный район,новички,FlexForge Lux Патрики,1359,4189,5.9,1
ТЦ/бизнес-центр,средний,Адапт-фитнес,1556,5595,5.1,1
Окраина/промзона,средний,Адапт-фитнес,2256,3375,17.9,1
Окраина/промзона,элита,Ритм-фитнес Кунцево,2581,9268,7.9,1
ТЦ/бизнес-центр,средний,Элит-фитнес Рублёвка,1216,4906,7.7,1
Окраина/промзона,профи,FlexExpress Химки,2574,11479,3.9,1
Окраина/промзона,элита,FlexForge Basic Выхино,2262,5432,6.7,1
Спальный район,новички,Адапт-фитнес,1038,11299,10.7,1
Спальный район,средний,Элит-фитнес Рублёвка,1837,9740,18.3,1
Спальный район,средний,FlexForge Mini,425,6908,8.5,1
ТЦ/бизнес-центр,средний,Волна здоровья,2013,5361,8.3,1
Спальный район,средний,IronFlex Pro,2360,8906,7.2,1
Окраина/промзона,элита,Ритм-фитнес Кунцево,2220,11872,12.0,1
ТЦ/бизнес-центр,профи,Тренерский центр,1651,4333,4.6,1
Спальный район,профи,Фитнес-планета,2248,6785,12.2,1
Спальный район,средний,Элит-фитнес Рублёвка,2513,11089,17.6,1
Спальный район,профи,Олимпийские надежды,1714,9145,0.8,1
Окраина/промзона,элита,FlexExpress Химки,1431,10523,0.3,1
Спальный район,профи,Тренерский центр,1845,6277,2.0,1
Спальный район,новички,FlexForge Gym,1935,4235,13.4,1
Окраина/промзона,профи,Железная тяга,505,9773,21.4,1
Спальный район,новички,Тяжёлый вес,2259,9778,0.2,1
ТЦ/бизнес-центр,средний,Железная тяга,1923,7868,23.4,1
Спальный район,новички,Ритм-фитнес Кунцево,1889,11755,2.7,1
ТЦ/бизнес-центр,профи,Спартанец,1717,2321,21.1,1
ТЦ/бизнес-центр,профи,Качалка на районе,1591,9025,12.1,1
Спальный район,новички,FlexForge Ultra,619,1662,16.5,1
Спальный район,средний,FlexForge Lux Патрики,2418,9277,12.8,1
Окраина/промзона,средний,FlexForge Studio,333,3432,12.0,0
Спальный район,средний,Лёгкая атлетика +,2230,5035,20.9,1
Спальный район,новички,FlexForge Basic Выхино,1650,7456,18.9,1
Спальный район,средний,Волна здоровья,1753,4946,12.1,1
ТЦ/бизнес-центр,профи,SportFlex Крылатское,1364,4290,2.9,1
Спальный район,новички,FlexForge Mini,2069,4207,3.0,1
ТЦ/бизнес-центр,новички,Олимпийские надежды,2019,9459,20.1,1
Окраина/промзона,средний,Элит-фитнес Рублёвка,2905,5433,13.3,1
ТЦ/бизнес-центр,элита,Элит-фитнес Рублёвка,1542,4885,12.1,1
Спальный район,профи,Адапт-фитнес,1664,8136,17.0,0
ТЦ/бизнес-центр,профи,FlexForge Ultra,2426,2422,21.5,1
Окраина/промзона,средний,Тяжёлый вес,1279,9589,15.8,1
Спальный район,профи,Тренерский центр,1378,11867,19.1,1
Спальный район,новички,FlexForge Studio,1895,11274,19.2,1
ТЦ/бизнес-центр,профи,FlexForge Ultra,310,2064,9.0,1
Окраина/промзона,элита,Фитнес-планета,2384,4758,6.9,1
ТЦ/бизнес-центр,профи,Тренерский центр,2479,4000,20.0,1
Окраина/промзона,элита,Элит-фитнес Рублёвка,667,6066,9.5,1
ТЦ/бизнес-центр,профи,Спартанец,2979,10679,22.6,1
ТЦ/бизнес-центр,новички,Качалка на районе,2728,8381,1.8,1
ТЦ/бизнес-центр,элита,Железная тяга,1013,5136,1.5,1
Спальный район,новички,Тренерский центр,1472,7530,23.2,1
Спальный район,средний,Заводной фитнес,1193,1723,16.2,1
ТЦ/бизнес-центр,новички,Тяжёлый вес,2231,7797,9.6,1
Окраина/промзона,новички,FlexForge Mini,522,1850,18.9,1
Спальный район,средний,Заводной фитнес,1103,8814,16.8,1
Спальный район,средний,FlexForge Studio,1741,3428,13.3,1
Спальный район,средний,FlexForge Basic Выхино,2199,9243,2.6,1
Спальный район,профи,FlexForge Studio,2015,10040,20.3,1
Спальный район,новички,Ритм-фитнес Кунцево,2853,6232,21.7,1
ТЦ/бизнес-центр,новички,FlexForge Premium ВДНХ,2676,2517,4.4,1
ТЦ/бизнес-центр,профи,FlexForge Metro,347,3726,21.3,1
Окраина/промзона,средний,FlexForge Lux Патрики,1341,8706,22.0,1
Окраина/промзона,профи,FlexForge Premium ВДНХ,1049,8670,13.8,1
Спальный район,профи,Фитнес-хаус,566,7707,16.4,1
Спальный район,профи,Тонус-клуб Коломенская,1289,3919,9.6,1
Спальный район,профи,Качалка на районе,2238,7740,7.1,1
Спальный район,средний,FlexForge Studio,374,3393,18.1,1
ТЦ/бизнес-центр,профи,FlexForge Studio,2054,6822,21.6,1
ТЦ/бизнес-центр,средний,FlexForge Ultra,787,11760,16.4,1
Окраина/промзона,средний,Фитнес-хаус,694,9218,12.8,1
Спальный район,профи,Лёгкая атлетика +,1337,8378,4.1,1
ТЦ/бизнес-центр,средний,Адапт-фитнес,1984,2625,1.4,1
ТЦ/бизнес-центр,профи,Олимпийские надежды,1370,4617,11.2,1
ТЦ/бизнес-центр,профи,Олимпийские надежды,234,5661,1.3,1
Спальный район,элита,FlexForge Ultra,1198,5542,14.3,1
ТЦ/бизнес-центр,элита,Волна здоровья,1532,5933,9.6,1
ТЦ/бизнес-центр,средний,FlexForge Ultra,2785,11862,19.0,1
Окраина/промзона,средний,IronFlex Pro,2997,10138,7.7,1
ТЦ/бизнес-центр,профи,FlexForge Premium ВДНХ,1237,4158,14.9,1
Спальный район,средний,Тренерский центр,573,4983,13.5,1
ТЦ/бизнес-центр,профи,Тяжёлый вес,2804,4444,0.2,1
ТЦ/бизнес-центр,профи,Элит-фитнес Рублёвка,1651,8710,1.9,1
ТЦ/бизнес-центр,профи,Фитнес-хаус,1951,9153,7.3,1
Окраина/промзона,средний,Качалка на районе,2480,10287,22.1,1
Окраина/промзона,средний,Тонус-клуб Коломенская,904,3486,3.8,1
Окраина/промзона,средний,FlexForge Studio,762,2574,17.8,1
Спальный район,новички,Волна здоровья,2973,5805,24.3,1
Спальный район,элита,Домашний фитнес,2073,4507,19.8,1
ТЦ/бизнес-центр,средний,SportFlex Крылатское,2323,2469,6.1,1
Спальный район,средний,Качалка у Палыча,638,10272,22.7,1
Окраина/промзона,новички,FlexForge Gym,2083,4324,2.4,1
ТЦ/бизнес-центр,профи,Фитнес-планета,2179,2711,11.8,1
ТЦ/бизнес-центр,профи,Здоровая спина,898,1729,22.2,1
ТЦ/бизнес-центр,средний,Домашний фитнес,1512,5784,16.1,1
ТЦ/бизнес-центр,новички,FlexForge Light,1763,4685,10.4,1
ТЦ/бизнес-центр,средний,FlexForge Light,891,2001,7.4,1
Спальный район,средний,FlexExpress Химки,2500,11824,9.4,1
Спальный район,профи,Железная тяга,1400,1548,12.8,1
Окраина/промзона,профи,Лёгкая атлетика +,2657,5066,8.0,1
Окраина/промзона,средний,SportFlex Крылатское,1834,4555,24.2,1
Спальный район,средний,FlexExpress Химки,1833,10380,23.3,1
Спальный район,элита,FlexForge Lux Патрики,326,1886,21.8,1
Спальный район,средний,FlexForge Studio,1706,2469,10.6,1
Спальный район,профи,Здоровая спина,1391,10697,17.3,1
Спальный район,новички,Элит-фитнес Рублёвка,2839,7320,22.6,1
Спальный район,средний,Тонус-клуб Коломенская,493,4552,21.3,1
Спальный район,новички,Качалка на районе,1566,8897,10.4,1
Спальный район,средний,Тонус-клуб Коломенская,1219,3802,2.9,1
Спальный район,элита,Элит-фитнес Рублёвка,2557,3783,2.0,1
Спальный район,средний,FlexForge Studio,2909,11299,14.5,1
Окраина/промзона,новички,Волна здоровья,2775,5866,16.1,1
Окраина/промзона,новички,Тонус-клуб Коломенская,2787,1622,21.3,0
ТЦ/бизнес-центр,средний,Адапт-фитнес,618,8299,7.4,1
Окраина/промзона,средний,Тонус-клуб Коломенская,643,10972,4.3,0
Спальный район,новички,Здоровая спина,884,5227,9.5,1
Окраина/промзона,профи,Домашний фитнес,2483,9950,8.9,1
Окраина/промзона,средний,Лёгкая атлетика +,1662,10639,3.4,1
Спальный район,средний,Волна здоровья,2461,6458,16.8,1
ТЦ/бизнес-центр,элита,Волна здоровья,284,2024,12.8,1
Спальный район,новички,Тренерский центр,1967,10579,18.1,1
Спальный район,элита,IronFlex Pro,284,9899,8.9,1
Спальный район,средний,Олимпийские надежды,2144,1648,8.2,1
Спальный район,элита,Домашний фитнес,2312,9501,11.9,1
ТЦ/бизнес-центр,профи,Элит-фитнес Рублёвка,1869,1937,21.9,1
Окраина/промзона,профи,FlexForge Metro,862,11894,1.1,1
Окраина/промзона,элита,IronFlex Pro,826,5249,20.1,1
Спальный район,средний,FlexForge Light,263,9686,9.3,1
ТЦ/бизнес-центр,элита,Тяжёлый вес,1118,5953,21.4,1
Спальный район,средний,Фитнес-хаус,1575,6836,20.1,1
ТЦ/бизнес-центр,средний,Фитнес-планета,1381,6051,8.8,1
Окраина/промзона,средний,IronFlex Pro,1812,4323,17.4,1
ТЦ/бизнес-центр,средний,Тяжёлый вес,690,7228,4.1,1
Спальный район,средний,Спартанец,2078,10177,22.4,1
Спальный район,профи,Тренерский центр,2140,9891,10.2,0
Спальный район,средний,Фитнес-планета,512,3482,11.4,0
Спальный район,профи,Заводной фитнес,2862,8496,17.7,1
Окраина/промзона,профи,Качалка у Палыча,1118,11163,20.5,1
ТЦ/бизнес-центр,средний,Ритм-фитнес Кунцево,2082,3811,6.0,1
ТЦ/бизнес-центр,средний,Волна здоровья,1012,8725,16.6,1
ТЦ/бизнес-центр,средний,Железная тяга,1689,11770,9.9,1
Окраина/промзона,средний,FlexForge Basic Выхино,1526,11213,9.3,1
Окраина/промзона,новички,Лёгкая атлетика +,879,2104,17.3,1
Спальный район,средний,Фитнес-хаус,634,9675,9.7,0
Спальный район,средний,Тренерский центр,881,7285,8.7,1
Спальный район,элита,FlexForge Mini,1358,11109,20.9,1
ТЦ/бизнес-центр,профи,Тонус-клуб Коломенская,1273,6097,2.6,1
Окраина/промзона,средний,Фитнес-хаус,1655,9259,16.9,1
Спальный район,профи,Спартанец,2587,9032,6.3,1
Спальный район,новички,Домашний фитнес,2594,10240,0.5,1
Спальный район,средний,Олимпийские надежды,2893,2338,4.3,1
ТЦ/бизнес-центр,профи,Волна здоровья,1570,5315,15.2,1
ТЦ/бизнес-центр,средний,FlexForge Gym,848,2347,17.8,1
Окраина/промзона,средний,FlexForge Metro,444,6209,0.6,1
ТЦ/бизнес-центр,элита,Спартанец,2356,6007,1.0,1
Спальный район,элита,Тренерский центр,2780,8075,22.6,1
ТЦ/бизнес-центр,профи,Качалка на районе,495,6273,1.9,1
Спальный район,профи,Лёгкая атлетика +,2359,5968,22.4,1
Спальный район,профи,Лёгкая атлетика +,1812,11964,5.8,1
Спальный район,средний,FlexForge Basic Выхино,2590,6692,18.5,1
Окраина/промзона,средний,Домашний фитнес,2348,4820,7.8,1
Спальный район,новички,Адапт-фитнес,2876,6198,21.5,1
Спальный район,средний,Ритм-фитнес Кунцево,1827,5811,17.5,1
Спальный район,средний,Олимпийские надежды,227,11688,10.1,1
Спальный район,средний,Элит-фитнес Рублёвка,2185,5173,2.0,1
Окраина/промзона,элита,FlexExpress Химки,1760,3064,18.3,1
Окраина/промзона,элита,FlexForge Ultra,257,3340,15.5,1
ТЦ/бизнес-центр,профи,FlexForge Metro,1721,7558,0.2,1
ТЦ/бизнес-центр,средний,Качалка на районе,496,8631,0.3,1
Спальный район,элита,Здоровая спина,2381,2226,20.2,1
Спальный район,новички,FlexExpress Химки,2496,10936,6.6,1
ТЦ/бизнес-центр,профи,Тяжёлый вес,2797,8197,15.9,1
Спальный район,новички,Волна здоровья,1101,10757,11.4,1
Спальный район,профи,FlexForge Ultra,2164,1782,21.6,1
Спальный район,средний,SportFlex Крылатское,1298,2581,22.9,1
Окраина/промзона,элита,Фитнес-планета,1877,5385,24.9,1
ТЦ/бизнес-центр,элита,FlexForge Basic Выхино,1391,4381,3.9,1
ТЦ/бизнес-центр,новички,Волна здоровья,970,4470,21.6,1
Окраина/промзона,средний,Фитнес-хаус,1726,10844,6.7,0
Спальный район,элита,Железная тяга,1578,8485,14.8,1
Спальный район,средний,Волна здоровья,1448,2447,12.7,1
Спальный район,элита,Качалка у Палыча,1754,6260,0.5,1
ТЦ/бизнес-центр,профи,Железная тяга,345,11409,23.3,1
Окраина/промзона,средний,Домашний фитнес,2183,1566,2.1,0
Окраина/промзона,средний,FlexForge Mini,1464,10328,17.2,1
Спальный район,средний,Тонус-клуб Коломенская,2107,10005,19.6,1
Спальный район,профи,Тонус-клуб Коломенская,2591,2064,19.9,1
Спальный район,средний,Тонус-клуб Коломенская,1972,11293,3.5,1
Спальный район,средний,Качалка на районе,1258,10517,11.2,1
ТЦ/бизнес-центр,средний,Фитнес-планета,2949,5170,20.8,1
Окраина/промзона,профи,Тренерский центр,2248,10717,7.6,1
ТЦ/бизнес-центр,элита,Тонус-клуб Коломенская,2219,3751,11.7,1
Окраина/промзона,элита,Элит-фитнес Рублёвка,352,2304,6.9,1
Спальный район,средний,Олимпийские надежды,2676,6131,11.6,1
ТЦ/бизнес-центр,профи,Тонус-клуб Коломенская,707,11083,22.2,1
Спальный район,профи,Адапт-фитнес,690,2735,11.4,1
Окраина/промзона,профи,Домашний фитнес,544,8220,13.9,0
Окраина/промзона,элита,Фитнес-планета,2135,8406,10.2,1
Окраина/промзона,средний,FlexForge Gym,1961,7516,11.6,1
Спальный район,новички,FlexForge Basic Выхино,420,5049,0.5,0
Спальный район,элита,FlexForge Metro,2138,9438,7.2,1
Окраина/промзона,средний,FlexForge Gym,2142,5641,11.0,1
ТЦ/бизнес-центр,профи,Лёгкая атлетика +,922,8466,15.9,1
Спальный район,элита,FlexForge Lux Патрики,727,11046,11.3,1
ТЦ/бизнес-центр,новички,Адапт-фитнес,1722,6835,8.5,1
Окраина/промзона,элита,FlexForge Light,1864,6577,9.8,1
Окраина/промзона,средний,FlexForge Lux Патрики,680,7111,6.1,1
ТЦ/бизнес-центр,средний,Железная тяга,2071,11528,23.1,1
Окраина/промзона,профи,Здоровая спина,1662,9589,13.1,1
Окраина/промзона,элита,FlexForge Studio,1625,4392,0.4,1
ТЦ/бизнес-центр,новички,FlexForge Lux Патрики,544,7077,0.6,1
Спальный район,средний,FlexForge Ultra,244,5118,24.3,1
Окраина/промзона,профи,SportFlex Крылатское,2268,3059,5.6,1
ТЦ/бизнес-центр,профи,Фитнес-планета,1857,8183,20.2,1
Спальный район,профи,Фитнес-планета,2087,3007,1.6,1
Спальный район,новички,Тренерский центр,2295,3563,23.0,1
Окраина/промзона,средний,FlexForge Studio,1714,5142,21.9,1
Окраина/промзона,средний,FlexExpress Химки,2798,3500,14.3,1
Окраина/промзона,профи,Тренерский центр,2534,2794,0.3,1
Спальный район,средний,Элит-фитнес Рублёвка,1201,5565,6.5,1
Окраина/промзона,средний,FlexForge Gym,1233,9514,10.2,1
Окраина/промзона,элита,Олимпийские надежды,2789,11445,11.6,1
Спальный район,новички,Домашний фитнес,2240,3103,7.5,1
Окраина/промзона,элита,Железная тяга,473,2822,0.9,0
ТЦ/бизнес-центр,профи,SportFlex Крылатское,1155,7456,14.8,0
Спальный район,профи,FlexForge Basic Выхино,2847,3941,13.2,1
ТЦ/бизнес-центр,средний,Тонус-клуб Коломенская,1979,2598,7.1,1
ТЦ/бизнес-центр,новички,Олимпийские надежды,580,6573,1.0,1
ТЦ/бизнес-центр,профи,Фитнес-планета,1552,11197,24.9,1
Спальный район,профи,Качалка у Палыча,678,10818,12.1,1
Спальный район,профи,Качалка на районе,2262,9988,18.9,1
Окраина/промзона,новички,IronFlex Pro,715,11917,11.4,1
ТЦ/бизнес-центр,профи,FlexForge Gym,390,5287,1.2,1
Спальный район,профи,Домашний фитнес,1391,3596,7.8,1
Спальный район,профи,Тренерский центр,2868,3708,8.1,1
Окраина/промзона,профи,Лёгкая атлетика +,1360,7488,21.0,1
Спальный район,профи,FlexForge Premium ВДНХ,2401,1675,16.4,1
Спальный район,профи,Тренерский центр,1611,8669,7.0,1
Окраина/промзона,новички,FlexForge Basic Выхино,471,7514,24.2,1
Спальный район,средний,FlexForge Mini,342,3167,8.1,1
ТЦ/бизнес-центр,новички,Тренерский центр,2112,10367,25.0,1
ТЦ/бизнес-центр,средний,FlexForge Basic Выхино,1292,3323,24.9,1
Окраина/промзона,средний,Спартанец,2494,6647,4.9,1
ТЦ/бизнес-центр,новички,Фитнес-планета,987,2856,7.9,1
Окраина/промзона,средний,FlexExpress Химки,2326,4572,12.2,1
Спальный район,новички,Заводной фитнес,1881,4759,16.6,1
Окраина/промзона,профи,FlexForge Studio,822,7699,13.2,1
Окраина/промзона,элита,FlexForge Light,2772,2046,24.2,1
Окраина/промзона,новички,FlexForge Mini,1137,6731,18.1,1
Спальный район,элита,IronFlex Pro,1318,9465,5.4,1
Окраина/промзона,средний,FlexForge Ultra,816,3583,2.7,1
Спальный район,средний,Ритм-фитнес Кунцево,1231,3540,17.2,1
Спальный район,новички,Качалка на районе,266,6034,4.0,1
Спальный район,средний,Тонус-клуб Коломенская,390,3252,19.7,1
Окраина/промзона,профи,Лёгкая атлетика +,720,11307,7.8,1
Окраина/промзона,профи,Фитнес-хаус,1189,3349,8.2,1
Окраина/промзона,новички,FlexForge Basic Выхино,1340,4142,0.4,1
Спальный район,новички,Фитнес-хаус,2514,3100,17.6,1
Спальный район,средний,Фитнес-хаус,1834,5902,2.9,1
Окраина/промзона,средний,Тренерский центр,2732,5299,19.3,1
ТЦ/бизнес-центр,средний,FlexForge Metro,1387,2118,12.3,1
ТЦ/бизнес-центр,средний,FlexForge Light,575,2632,19.6,1
Спальный район,профи,Лёгкая атлетика +,852,6991,14.6,1
Спальный район,элита,Заводной фитнес,748,7295,2.2,1
Спальный район,средний,Тонус-клуб Коломенская,1297,11807,19.2,1
ТЦ/бизнес-центр,элита,Волна здоровья,272,9133,1.8,1
ТЦ/бизнес-центр,средний,Здоровая спина,2555,2987,12.0,1
ТЦ/бизнес-центр,средний,Тяжёлый вес,398,9348,4.4,0
Окраина/промзона,средний,Спартанец,1981,6509,18.8,1
Спальный район,профи,FlexForge Ultra,771,11249,22.8,1
Спальный район,элита,FlexForge Light,990,3613,13.9,1
Спальный район,профи,IronFlex Pro,1838,2544,13.2,1
ТЦ/бизнес-центр,средний,Заводной фитнес,2031,3931,19.1,1
Окраина/промзона,профи,Качалка на районе,2055,9479,0.2,1
Окраина/промзона,новички,Качалка на районе,1710,3082,23.0,1
ТЦ/бизнес-центр,элита,SportFlex Крылатское,1374,2808,5.0,1
Спальный район,средний,Ритм-фитнес Кунцево,378,6417,24.6,1
Окраина/промзона,средний,FlexForge Gym,2444,10293,18.4,1
Окраина/промзона,профи,FlexForge Metro,934,3120,19.4,1
Спальный район,профи,FlexForge Mini,2336,9003,16.4,1
Спальный район,новички,Качалка у Палыча,998,6266,11.8,0
ТЦ/бизнес-центр,профи,IronFlex Pro,987,6862,14.3,1
Окраина/промзона,средний,FlexForge Ultra,2995,6692,1.3,1
ТЦ/бизнес-центр,профи,IronFlex Pro,408,8122,15.6,1
Окраина/промзона,профи,Тренерский центр,692,7593,15.7,1
Спальный район,профи,FlexForge Metro,2912,8204,22.3,1
Спальный район,профи,FlexForge Lux Патрики,1857,1600,12.7,1
Спальный район,средний,Тяжёлый вес,931,8157,2.0,1
ТЦ/бизнес-центр,новички,FlexForge Mini,1329,7375,7.7,1
ТЦ/бизнес-центр,профи,Домашний фитнес,1805,5771,16.4,1
ТЦ/бизнес-центр,средний,Тонус-клуб Коломенская,2945,1737,6.1,1
ТЦ/бизнес-центр,средний,FlexForge Light,793,8726,7.1,1
Окраина/промзона,средний,FlexForge Light,1415,9532,20.5,1
Спальный район,новички,Лёгкая атлетика +,524,6718,14.6,1
ТЦ/бизнес-центр,профи,Лёгкая атлетика +,1178,5525,12.8,1
Окраина/промзона,новички,Железная тяга,1949,7573,8.0,1
Окраина/промзона,профи,SportFlex Крылатское,2050,4042,18.3,1
Окраина/промзона,средний,Ритм-фитнес Кунцево,1690,11695,7.3,1
Окраина/промзона,новички,FlexForge Light,1093,3037,18.5,1
ТЦ/бизнес-центр,средний,FlexForge Mini,1590,2254,1.8,1
Спальный район,новички,FlexForge Gym,343,11950,21.6,1
Окраина/промзона,средний,Здоровая спина,583,8896,12.5,1
Спальный район,профи,Олимпийские надежды,2463,9323,11.0,1
ТЦ/бизнес-центр,новички,FlexForge Studio,2571,7007,15.3,1
Окраина/промзона,профи,FlexForge Lux Патрики,416,5735,15.6,1
ТЦ/бизнес-центр,новички,FlexForge Gym,1715,2040,3.4,1
ТЦ/бизнес-центр,средний,FlexForge Metro,2430,7010,18.9,1
Спальный район,профи,Тонус-клуб Коломенская,2517,9961,7.0,1
Спальный район,средний,FlexForge Mini,1690,9426,22.6,1
Спальный район,новички,FlexForge Light,1835,6631,20.5,1
ТЦ/бизнес-центр,средний,Тяжёлый вес,2714,10197,8.7,1
Окраина/промзона,средний,SportFlex Крылатское,2552,2629,20.2,1
Спальный район,профи,SportFlex Крылатское,1367,11771,9.0,1
ТЦ/бизнес-центр,средний,Фитнес-планета,310,4645,2.6,1
Окраина/промзона,профи,FlexForge Gym,1213,10053,24.1,1
Окраина/промзона,элита,Спартанец,431,5220,16.3,1
Окраина/промзона,средний,Домашний фитнес,1914,11148,11.5,1
Окраина/промзона,элита,Качалка у Палыча,1955,5567,10.0,1
Спальный район,средний,FlexForge Gym,2842,5695,8.2,1
Спальный район,элита,Качалка у Палыча,1777,11373,24.5,1
ТЦ/бизнес-центр,новички,FlexForge Light,1496,10744,3.5,1
Спальный район,профи,FlexForge Studio,2420,8781,7.9,1
Спальный район,средний,FlexExpress Химки,1172,4009,12.2,1
Спальный район,средний,IronFlex Pro,1230,6516,12.0,1
Окраина/промзона,профи,FlexForge Studio,2793,8033,11.8,1
Спальный район,профи,Адапт-фитнес,2795,6227,4.5,1
ТЦ/бизнес-центр,новички,SportFlex Крылатское,717,2181,3.7,1
ТЦ/бизнес-центр,средний,Тонус-клуб Коломенская,1113,5432,6.4,1
Спальный район,профи,Тренерский центр,2462,11821,22.9,1
ТЦ/бизнес-центр,профи,Тонус-клуб Коломенская,2381,7060,2.9,1
Окраина/промзона,элита,Домашний фитнес,2532,5516,19.0,1
Спальный район,профи,FlexForge Mini,2144,8839,19.0,1
Спальный район,элита,SportFlex Крылатское,1662,2219,20.3,1
Спальный район,профи,Олимпийские надежды,2072,1574,22.2,1
Окраина/промзона,средний,Качалка у Палыча,2933,10985,6.6,1
Спальный район,новички,FlexForge Basic Выхино,2578,11614,5.7,1
Спальный район,профи,Качалка у Палыча,1507,5657,11.7,1
Спальный район,профи,Тяжёлый вес,1098,10011,6.7,1
Спальный район,новички,Качалка на районе,1298,3649,18.4,1
Окраина/промзона,средний,Лёгкая атлетика +,1389,11144,15.9,0
Окраина/промзона,элита,Тяжёлый вес,1412,11247,21.9,1
Спальный район,средний,Адапт-фитнес,2325,8213,2.2,1
Окраина/промзона,средний,Железная тяга,887,5707,22.9,1
Окраина/промзона,средний,Домашний фитнес,2268,8641,7.4,1
Окраина/промзона,средний,Волна здоровья,765,10152,12.3,1
Окраина/промзона,средний,FlexForge Mini,1407,10578,11.0,1
Спальный район,средний,Заводной фитнес,2094,5436,19.0,1
Спальный район,новички,Домашний фитнес,1026,10807,10.6,1
Спальный район,профи,Спартанец,1551,2575,23.6,1
Окраина/промзона,средний,Здоровая спина,2426,5376,22.6,1
ТЦ/бизнес-центр,профи,Волна здоровья,2011,6115,21.8,1
Окраина/промзона,элита,FlexForge Metro,1282,8765,1.9,1
Окраина/промзона,средний,FlexForge Studio,1550,7879,21.4,1
ТЦ/бизнес-центр,профи,FlexForge Lux Патрики,1844,11616,19.6,1
Окраина/промзона,средний,FlexForge Light,2916,10618,2.7,1
ТЦ/бизнес-центр,элита,FlexForge Light,390,6152,2.8,1
Спальный район,средний,FlexForge Basic Выхино,1423,8292,2.6,1
Окраина/промзона,профи,FlexForge Ultra,1535,11973,0.4,1
ТЦ/бизнес-центр,профи,Лёгкая атлетика +,907,10747,13.8,1
Окраина/промзона,средний,Волна здоровья,578,8956,24.3,1
Окраина/промзона,новички,Волна здоровья,586,6174,11.0,0
Спальный район,профи,FlexForge Light,2484,2041,13.6,1
ТЦ/бизнес-центр,профи,Лёгкая атлетика +,815,3661,24.2,1
Спальный район,средний,FlexForge Studio,1742,3751,6.5,1
Спальный район,профи,FlexForge Lux Патрики,2530,10744,21.5,1
Окраина/промзона,средний,FlexForge Premium ВДНХ,2248,6069,13.7,1
Спальный район,профи,FlexForge Premium ВДНХ,1954,4244,14.3,1
Спальный район,средний,Фитнес-хаус,663,7541,8.6,1
Спальный район,элита,FlexForge Light,1166,6175,14.1,1
Спальный район,средний,Лёгкая атлетика +,371,3060,1.9,1
Окраина/промзона,средний,Фитнес-планета,1346,2664,19.1,1
ТЦ/бизнес-центр,новички,Здоровая спина,1042,6919,7.2,1
Окраина/промзона,новички,Тонус-клуб Коломенская,1521,4222,22.2,1
Спальный район,средний,FlexForge Ultra,2108,1970,9.3,1
Окраина/промзона,средний,Тяжёлый вес,889,11108,3.7,1
Спальный район,профи,FlexForge Light,2822,2968,17.4,1
Спальный район,новички,Тренерский центр,1707,9425,4.2,1
Окраина/промзона,средний,Олимпийские надежды,2412,2308,18.9,1
ТЦ/бизнес-центр,средний,Тонус-клуб Коломенская,2224,9863,24.2,1
Окраина/промзона,новички,Тонус-клуб Коломенская,1922,8219,19.5,1
Спальный район,новички,Тяжёлый вес,582,6573,0.7,1
ТЦ/бизнес-центр,средний,Здоровая спина,2456,9512,15.0,1
Спальный район,средний,Фитнес-хаус,1612,3145,17.4,1
Окраина/промзона,средний,Тяжёлый вес,1783,9749,20.7,1
ТЦ/бизнес-центр,средний,FlexForge Light,2471,2629,1.5,1
Спальный район,профи,FlexForge Metro,2250,2853,12.1,1
Спальный район,новички,Железная тяга,571,2267,13.4,0
Спальный район,средний,Лёгкая атлетика +,1910,5395,4.3,1
ТЦ/бизнес-центр,элита,FlexForge Gym,1669,10374,8.1,1
Окраина/промзона,средний,FlexForge Mini,810,4954,11.1,1
Окраина/промзона,профи,Адапт-фитнес,315,11700,20.8,0
Окраина/промзона,средний,IronFlex Pro,646,8829,23.2,1
Окраина/промзона,профи,Тренерский центр,1591,3290,15.7,0
ТЦ/бизнес-центр,профи,FlexExpress Химки,1540,11169,9.9,1
Окраина/промзона,средний,FlexForge Studio,614,2385,6.4,0
ТЦ/бизнес-центр,элита,FlexForge Ultra,2008,9234,24.6,1
ТЦ/бизнес-центр,новички,Лёгкая атлетика +,1247,5406,24.6,1
Спальный район,новички,Домашний фитнес,2910,5992,23.1,1
Спальный район,профи,FlexForge Metro,2073,11230,19.7,1
Окраина/промзона,профи,FlexForge Light,1273,3573,8.2,1
Спальный район,новички,FlexForge Ultra,917,1812,20.4,1
Спальный район,средний,Адапт-фитнес,1558,7769,10.3,1
Спальный район,новички,Олимпийские надежды,1805,6817,8.2,1
Окраина/промзона,средний,Домашний фитнес,2518,2310,18.6,1
Спальный район,профи,FlexForge Ultra,761,11927,2.1,1
Спальный район,средний,FlexForge Light,2494,8341,1.3,1
ТЦ/бизнес-центр,средний,Элит-фитнес Рублёвка,586,3532,11.3,1
Окраина/промзона,средний,Спартанец,901,11199,11.2,1
Спальный район,новички,Домашний фитнес,2806,11586,22.4,1
ТЦ/бизнес-центр,средний,Спартанец,1172,8629,3.2,1
ТЦ/бизнес-центр,профи,IronFlex Pro,1584,4205,3.2,1
Спальный район,элита,Тренерский центр,1183,10288,3.8,1
Спальный район,профи,Лёгкая атлетика +,1711,3647,0.8,1
Спальный район,новички,Тонус-клуб Коломенская,551,2115,1.9,1
Окраина/промзона,элита,Ритм-фитнес Кунцево,1924,2447,16.5,1
ТЦ/бизнес-центр,профи,Волна здоровья,2151,7177,10.8,1
Спальный район,профи,Фитнес-хаус,1479,6151,19.1,1
Окраина/промзона,средний,Заводной фитнес,2107,9366,24.8,1
Спальный район,средний,Волна здоровья,952,3513,16.5,1
Спальный район,средний,FlexForge Basic Выхино,1224,5197,1.4,1
Спальный район,новички,Качалка на районе,745,1990,2.7,1
Спальный район,средний,Спартанец,1669,5850,22.0,1
Окраина/промзона,средний,Тренерский центр,278,3928,13.2,0
Спальный район,средний,Волна здоровья,1459,6487,20.6,1
Окраина/промзона,профи,Домашний фитнес,2581,10233,21.4,1
ТЦ/бизнес-центр,средний,FlexForge Premium ВДНХ,1088,10979,23.2,0
ТЦ/бизнес-центр,новички,FlexForge Mini,1305,11325,23.8,1
ТЦ/бизнес-центр,элита,Волна здоровья,2749,6420,13.9,1
Спальный район,элита,Заводной фитнес,2190,4426,8.6,1
Спальный район,профи,FlexForge Studio,1700,11044,24.1,1
Окраина/промзона,элита,Фитнес-хаус,1120,8782,13.7,1
Спальный район,средний,FlexForge Premium ВДНХ,749,5876,1.7,1
Окраина/промзона,элита,Качалка на районе,2261,10990,16.1,1
ТЦ/бизнес-центр,новички,Качалка у Палыча,591,6368,14.7,1
Окраина/промзона,средний,Элит-фитнес Рублёвка,2557,8486,22.4,1
Окраина/промзона,средний,FlexExpress Химки,2633,8362,16.4,1
Окраина/промзона,средний,IronFlex Pro,1580,5923,8.8,1
Окраина/промзона,новички,Заводной фитнес,1173,11950,24.2,1
Окраина/промзона,профи,Фитнес-хаус,539,8370,20.1,1
Спальный район,профи,Качалка на районе,2844,9659,15.8,1
ТЦ/бизнес-центр,профи,FlexForge Premium ВДНХ,956,3573,7.4,1
ТЦ/бизнес-центр,новички,FlexForge Light,1245,7670,9.4,1
Окраина/промзона,профи,Олимпийские надежды,2538,2201,16.8,1
Спальный район,профи,FlexForge Mini,2553,11611,1.9,1
Окраина/промзона,средний,FlexForge Mini,2881,9613,6.5,1
Спальный район,профи,Тонус-клуб Коломенская,2872,8325,17.9,1
ТЦ/бизнес-центр,средний,Тонус-клуб Коломенская,1138,9367,12.1,1
ТЦ/бизнес-центр,средний,Тяжёлый вес,1047,5764,10.1,1
Спальный район,элита,Домашний фитнес,641,9468,3.9,1
Спальный район,средний,Качалка на районе,2750,9646,11.1,1
ТЦ/бизнес-центр,средний,FlexForge Premium ВДНХ,329,9276,19.3,1
Спальный район,элита,Элит-фитнес Рублёвка,796,10058,6.7,1
ТЦ/бизнес-центр,профи,Тонус-клуб Коломенская,2158,10219,0.2,1
Спальный район,новички,FlexForge Basic Выхино,1705,6386,16.7,1
Спальный район,новички,Домашний фитнес,1061,5435,24.3,1
Окраина/промзона,новички,Ритм-фитнес Кунцево,2840,6119,15.2,1
Спальный район,профи,Элит-фитнес Рублёвка,1198,6691,3.1,1
Спальный район,средний,FlexForge Metro,2572,11845,8.1,1
ТЦ/бизнес-центр,новички,Элит-фитнес Рублёвка,2695,8375,21.7,1
ТЦ/бизнес-центр,элита,Лёгкая атлетика +,1751,11600,5.9,1
Спальный район,средний,FlexForge Premium ВДНХ,1840,9356,15.2,1
Спальный район,средний,Здоровая спина,1711,6901,10.1,1
Спальный район,средний,Адапт-фитнес,1936,4522,5.3,1
Спальный район,профи,Спартанец,2956,7238,20.4,1
Спальный район,новички,Спартанец,1649,7484,18.6,1
Окраина/промзона,средний,Тонус-клуб Коломенская,2057,3270,16.6,1
Окраина/промзона,профи,Тренерский центр,464,11469,6.0,0
ТЦ/бизнес-центр,средний,Фитнес-планета,2859,10489,2.5,1
Спальный район,средний,SportFlex Крылатское,2921,4715,14.4,1
ТЦ/бизнес-центр,средний,FlexForge Studio,1662,8194,13.9,1
ТЦ/бизнес-центр,новички,FlexForge Ultra,356,4476,4.8,1
Окраина/промзона,средний,SportFlex Крылатское,1645,5237,1.5,1
ТЦ/бизнес-центр,средний,Железная тяга,2498,11403,2.1,0
Спальный район,средний,FlexForge Light,1832,2252,24.8,1
Спальный район,новички,Ритм-фитнес Кунцево,2777,2892,19.6,1
Окраина/промзона,профи,FlexForge Studio,2574,8289,23.1,1
Спальный район,элита,Тонус-клуб Коломенская,1094,2177,5.0,1
ТЦ/бизнес-центр,профи,Заводной фитнес,2344,1605,24.0,1
Спальный район,элита,Лёгкая атлетика +,712,6253,3.7,1
Спальный район,средний,Качалка у Палыча,415,3446,12.8,0
ТЦ/бизнес-центр,элита,Ритм-фитнес Кунцево,2372,7044,20.8,1
Спальный район,средний,Элит-фитнес Рублёвка,1906,2595,8.8,1
ТЦ/бизнес-центр,элита,Фитнес-планета,2306,8485,10.7,1
ТЦ/бизнес-центр,элита,Лёгкая атлетика +,1767,3282,3.3,1
Спальный район,профи,Спартанец,2408,6041,3.2,1
ТЦ/бизнес-центр,элита,Ритм-фитнес Кунцево,2531,4757,15.5,1
Спальный район,профи,FlexExpress Химки,2353,7713,16.9,1
Спальный район,средний,Тонус-клуб Коломенская,1328,11689,19.5,1
Окраина/промзона,средний,Ритм-фитнес Кунцево,427,6369,14.0,1
ТЦ/бизнес-центр,профи,FlexForge Metro,2565,3061,16.2,1
ТЦ/бизнес-центр,новички,FlexForge Gym,1687,5506,0.4,1
ТЦ/бизнес-центр,профи,Тяжёлый вес,1001,11367,4.1,1
Спальный район,элита,Лёгкая атлетика +,1822,10814,24.6,1
Окраина/промзона,средний,SportFlex Крылатское,2105,5481,2.0,1
ТЦ/бизнес-центр,профи,Ритм-фитнес Кунцево,671,10993,17.0,1
Окраина/промзона,элита,Фитнес-планета,1279,7182,4.5,1
ТЦ/бизнес-центр,элита,SportFlex Крылатское,2872,7282,17.9,1
Спальный район,элита,FlexForge Gym,2260,2443,17.7,1
Окраина/промзона,средний,FlexExpress Химки,1241,6050,5.9,1
Окраина/промзона,элита,SportFlex Крылатское,2941,10637,6.8,1
Окраина/промзона,профи,Тренерский центр,2360,2100,16.4,1
Окраина/промзона,средний,Железная тяга,428,7876,9.8,0
Спальный район,средний,Ритм-фитнес Кунцево,370,11109,4.9,1
Окраина/промзона,профи,Волна здоровья,494,3024,18.3,1
ТЦ/бизнес-центр,средний,FlexForge Lux Патрики,388,5266,3.9,1
Окраина/промзона,профи,FlexForge Studio,625,1750,21.4,1
Спальный район,профи,Здоровая спина,1176,11236,12.9,1
Окраина/промзона,средний,Лёгкая атлетика +,1302,1578,2.7,1
Спальный район,профи,Элит-фитнес Рублёвка,2905,4623,17.4,1
Спальный район,профи,FlexForge Lux Патрики,1118,10589,13.0,1
Спальный район,средний,Здоровая спина,698,8564,7.5,1
Окраина/промзона,новички,FlexForge Light,2021,9917,10.6,1
ТЦ/бизнес-центр,новички,Волна здоровья,1065,2709,7.5,1
ТЦ/бизнес-центр,средний,Здоровая спина,1025,6653,6.6,1
ТЦ/бизнес-центр,элита,Лёгкая атлетика +,2058,6398,4.2,1
ТЦ/бизнес-центр,средний,Заводной фитнес,2318,3678,9.1,1
Окраина/промзона,профи,FlexForge Lux Патрики,2495,9110,6.3,1
ТЦ/бизнес-центр,средний,Тренерский центр,345,10395,17.1,1
Окраина/промзона,средний,FlexForge Gym,1841,4044,17.1,1
Спальный район,профи,Олимпийские надежды,1519,7022,12.6,1
ТЦ/бизнес-центр,профи,Ритм-фитнес Кунцево,2829,3870,19.5,1
Окраина/промзона,новички,Здоровая спина,669,4781,21.0,0
Спальный район,средний,FlexForge Gym,392,6210,14.5,1
Спальный район,новички,Качалка у Палыча,1291,1828,15.5,1
Спальный район,средний,Олимпийские надежды,2741,7079,7.1,1
Окраина/промзона,профи,Тонус-клуб Коломенская,251,5728,22.4,1
ТЦ/бизнес-центр,новички,Фитнес-планета,2610,8294,0.7,1
Окраина/промзона,средний,Тяжёлый вес,2020,1620,8.8,1
Окраина/промзона,средний,FlexForge Gym,2721,8249,18.1,1
Спальный район,элита,FlexForge Premium ВДНХ,2069,2464,2.1,1
ТЦ/бизнес-центр,элита,FlexForge Basic Выхино,2768,5724,4.7,1
Спальный район,новички,FlexForge Ultra,1986,5175,14.8,1
ТЦ/бизнес-центр,профи,IronFlex Pro,1654,7194,14.0,1
ТЦ/бизнес-центр,средний,Тонус-клуб Коломенская,2067,3576,18.5,1
Спальный район,средний,FlexForge Premium ВДНХ,2938,8365,20.3,1
Спальный район,профи,Качалка на районе,2779,7143,3.3,1
Окраина/промзона,элита,Тонус-клуб Коломенская,2207,10024,0.6,1
Окраина/промзона,элита,Фитнес-планета,1634,6749,17.3,1
Окраина/промзона,профи,IronFlex Pro,1039,2816,7.6,1
Спальный район,средний,FlexForge Ultra,440,2696,15.7,1
Спальный район,профи,FlexForge Lux Патрики,735,4670,3.8,1
Спальный район,средний,SportFlex Крылатское,1607,11121,11.8,1
Окраина/промзона,профи,Качалка на районе,282,1855,12.7,0
ТЦ/бизнес-центр,средний,Тяжёлый вес,1181,11218,14.7,1
Окраина/промзона,профи,Заводной фитнес,1150,1528,12.9,0
Спальный район,средний,Фитнес-хаус,810,2513,12.4,1
Спальный район,средний,IronFlex Pro,773,10519,8.4,1
Окраина/промзона,элита,Фитнес-планета,2533,3524,1.9,1
Спальный район,новички,Качалка на районе,1188,9990,2.3,1
Окраина/промзона,средний,Фитнес-планета,658,7339,10.9,1
Окраина/промзона,средний,Тренерский центр,2373,11557,9.0,1
Спальный район,новички,Олимпийские надежды,1722,7291,13.0,1
Спальный район,новички,FlexForge Light,2672,11803,7.7,1
Спальный район,средний,FlexForge Mini,2801,2254,17.2,1
Окраина/промзона,элита,FlexExpress Химки,2857,10461,21.6,1
ТЦ/бизнес-центр,средний,Качалка у Палыча,2184,5235,7.5,1
Спальный район,элита,Здоровая спина,1766,2738,4.9,1
Спальный район,профи,Фитнес-планета,2359,11905,3.0,1
Окраина/промзона,средний,Домашний фитнес,2649,3406,15.4,1
ТЦ/бизнес-центр,профи,FlexForge Studio,321,8899,11.2,1
Окраина/промзона,средний,FlexForge Basic Выхино,472,9461,4.8,1
Окраина/промзона,профи,Заводной фитнес,1517,11256,16.4,1
ТЦ/бизнес-центр,средний,Здоровая спина,597,10910,3.8,1
ТЦ/бизнес-центр,средний,Волна здоровья,2718,6101,13.9,1
Окраина/промзона,элита,Тонус-клуб Коломенская,1184,11049,13.2,1
ТЦ/бизнес-центр,элита,FlexForge Basic Выхино,1430,2960,18.4,1
Окраина/промзона,элита,Ритм-фитнес Кунцево,1333,9169,1.5,1
Спальный район,средний,Качалка у Палыча,1501,2916,22.2,1
ТЦ/бизнес-центр,профи,Фитнес-планета,2110,9266,17.6,1
Окраина/промзона,средний,Железная тяга,2816,2928,5.5,1
Спальный район,средний,Качалка у Палыча,1705,5878,4.7,1
Спальный район,средний,Здоровая спина,2116,9029,10.8,1
Спальный район,профи,Тяжёлый вес,1019,5974,20.5,1
Спальный район,средний,IronFlex Pro,2957,4571,21.1,1
ТЦ/бизнес-центр,средний,Лёгкая атлетика +,2156,2055,13.1,0
Спальный район,элита,Фитнес-хаус,2568,10047,21.5,0
Окраина/промзона,средний,Качалка у Палыча,378,3063,0.2,0
Спальный район,новички,Качалка на районе,1096,2540,1.0,1
Спальный район,новички,Заводной фитнес,2466,4186,22.8,1
Спальный район,элита,Спартанец,2172,4053,19.4,1
Окраина/промзона,средний,Качалка на районе,1751,3279,11.3,1
ТЦ/бизнес-центр,средний,Здоровая спина,691,1575,18.9,1
Окраина/промзона,профи,Фитнес-хаус,260,5826,23.9,0
Спальный район,профи,FlexExpress Химки,1277,7335,19.3,1
ТЦ/бизнес-центр,средний,Тренерский центр,1903,6557,21.1,1
ТЦ/бизнес-центр,профи,FlexForge Ultra,2785,3849,19.0,1
ТЦ/бизнес-центр,профи,Волна здоровья,264,4273,4.3,1
Спальный район,профи,Качалка на районе,785,3762,20.9,1
Спальный район,средний,Тренерский центр,1927,4729,5.0,1
Окраина/промзона,элита,FlexForge Lux Патрики,2418,11808,22.3,1
Спальный район,средний,Тренерский центр,734,1892,11.5,1
ТЦ/бизнес-центр,средний,IronFlex Pro,2940,2608,17.0,1
Спальный район,средний,Тренерский центр,2355,5862,12.5,1
Окраина/промзона,новички,IronFlex Pro,2070,6688,2.4,1
ТЦ/бизнес-центр,новички,FlexForge Premium ВДНХ,1204,10302,7.3,1
ТЦ/бизнес-центр,профи,FlexForge Studio,2699,6557,24.6,1
ТЦ/бизнес-центр,новички,FlexForge Mini,1429,5498,24.0,1
Окраина/промзона,средний,FlexExpress Химки,2837,10364,8.1,1
Спальный район,средний,Домашний фитнес,1239,8066,24.9,1
Спальный район,новички,Качалка у Палыча,526,5177,21.2,1
Окраина/промзона,элита,Здоровая спина,807,7296,15.3,1
Окраина/промзона,средний,Спартанец,2906,7863,1.1,1
Спальный район,средний,FlexForge Mini,201,9623,22.5,1
Окраина/промзона,средний,Волна здоровья,1233,9722,14.0,1
ТЦ/бизнес-центр,средний,Лёгкая атлетика +,2681,9190,21.7,1
ТЦ/бизнес-центр,новички,Волна здоровья,324,2900,20.9,0
Спальный район,профи,FlexForge Studio,1304,5571,20.8,1
ТЦ/бизнес-центр,элита,Спартанец,2732,10308,17.5,1
Спальный район,средний,Домашний фитнес,2899,4286,7.4,1
Окраина/промзона,профи,Адапт-фитнес,2061,8669,8.5,1
ТЦ/бизнес-центр,профи,FlexForge Premium ВДНХ,1373,2370,7.8,1
ТЦ/бизнес-центр,профи,Волна здоровья,328,5696,0.6,1
Спальный район,средний,SportFlex Крылатское,637,11104,14.6,1
Окраина/промзона,средний,Адапт-фитнес,950,4239,17.5,1
Спальный район,средний,Фитнес-хаус,2748,2440,21.4,1
Спальный район,профи,Здоровая спина,1421,1840,3.6,1
ТЦ/бизнес-центр,профи,Здоровая спина,2458,8922,13.7,1
ТЦ/бизнес-центр,средний,Олимпийские надежды,1101,5633,0.3,1
Окраина/промзона,средний,Волна здоровья,2292,2159,2.5,1
Окраина/промзона,элита,Фитнес-хаус,1502,11725,1.4,1
ТЦ/бизнес-центр,профи,Олимпийские надежды,2782,11252,18.2,1
Окраина/промзона,элита,FlexForge Mini,1633,4957,2.1,1
Спальный район,профи,Спартанец,2708,11348,17.9,1
Окраина/промзона,средний,Фитнес-планета,590,4475,6.3,0
Спальный район,профи,FlexForge Mini,1267,10741,22.0,1
Спальный район,профи,Здоровая спина,226,1953,20.3,1
Спальный район,новички,Железная тяга,747,11396,23.9,1
Спальный район,средний,SportFlex Крылатское,2868,9684,22.1,1
ТЦ/бизнес-центр,профи,Лёгкая атлетика +,766,6942,23.3,1
ТЦ/бизнес-центр,средний,Элит-фитнес Рублёвка,903,2318,21.5,1
Спальный район,профи,IronFlex Pro,1442,6368,17.4,1
Окраина/промзона,профи,Качалка на районе,384,1512,4.3,0
ТЦ/бизнес-центр,элита,Фитнес-хаус,1790,9227,6.9,1
Спальный район,новички,Тренерский центр,2113,2420,5.4,1
Окраина/промзона,средний,FlexForge Lux Патрики,1047,6420,15.1,1
ТЦ/бизнес-центр,профи,Тяжёлый вес,798,3918,12.6,1
Спальный район,средний,FlexForge Ultra,1005,11006,21.7,1
Спальный район,профи,Спартанец,1557,7975,23.8,1
Окраина/промзона,профи,FlexForge Gym,2326,3517,10.2,1
ТЦ/бизнес-центр,новички,Качалка у Палыча,2826,9457,12.7,1
Спальный район,средний,FlexForge Studio,2078,10920,24.3,1
Окраина/промзона,средний,Тонус-клуб Коломенская,2660,6292,7.0,1
Окраина/промзона,средний,Тренерский центр,745,8330,19.8,1
Спальный район,элита,Качалка у Палыча,1832,3934,5.7,1
Спальный район,профи,Тонус-клуб Коломенская,2416,4368,17.1,1
Спальный район,профи,FlexForge Ultra,2928,2938,6.4,1
Окраина/промзона,профи,FlexForge Basic Выхино,2830,5043,22.1,1
Спальный район,средний,FlexForge Mini,2762,3281,14.1,1
ТЦ/бизнес-центр,элита,Волна здоровья,2279,7843,4.7,1
Окраина/промзона,профи,Лёгкая атлетика +,2534,3763,5.7,1
Спальный район,профи,Тонус-клуб Коломенская,2841,11661,12.4,1
Спальный район,элита,Тренерский центр,2126,1711,24.0,1
ТЦ/бизнес-центр,средний,Элит-фитнес Рублёвка,816,10199,19.3,1
Спальный район,профи,Адапт-фитнес,2517,7659,12.3,1
Спальный район,средний,Железная тяга,1403,8527,8.5,1
Спальный район,средний,Здоровая спина,1959,1831,13.8,1
ТЦ/бизнес-центр,средний,FlexForge Light,2765,8360,18.7,1
Спальный район,элита,Спартанец,2830,9544,19.6,1
Окраина/промзона,элита,Тренерский центр,425,9669,8.2,1
ТЦ/бизнес-центр,профи,Железная тяга,869,10242,18.1,1
Окраина/промзона,профи,Фитнес-планета,1963,7220,16.5,1
Спальный район,профи,Тяжёлый вес,1116,10633,24.0,1
Окраина/промзона,элита,FlexForge Light,2373,2227,23.3,1
Окраина/промзона,средний,SportFlex Крылатское,2321,6475,19.8,1
Спальный район,средний,Адапт-фитнес,1414,4743,18.1,1
Окраина/промзона,средний,Железная тяга,1905,2148,6.9,0
Окраина/промзона,профи,Заводной фитнес,2042,6595,21.2,1
Спальный район,профи,Тяжёлый вес,2183,8114,10.7,1
Спальный район,средний,IronFlex Pro,255,8635,6.9,1
Спальный район,новички,FlexExpress Химки,919,2509,9.7,0
Окраина/промзона,профи,FlexForge Premium ВДНХ,2800,3050,20.9,1
Окраина/промзона,новички,Тонус-клуб Коломенская,2279,10495,3.8,0
Окраина/промзона,профи,FlexForge Gym,773,8992,11.5,1
Спальный район,элита,Ритм-фитнес Кунцево,866,4901,12.4,1
Окраина/промзона,средний,Домашний фитнес,483,8947,1.0,1
ТЦ/бизнес-центр,средний,Элит-фитнес Рублёвка,1944,6924,5.0,1
Спальный район,профи,FlexForge Gym,2434,5741,20.7,1
ТЦ/бизнес-центр,профи,Качалка на районе,697,4661,20.8,1
Спальный район,средний,Качалка на районе,1665,5655,7.4,1
Спальный район,элита,FlexForge Metro,329,8978,21.9,1
Спальный район,новички,Здоровая спина,838,10219,19.3,1
Спальный район,средний,FlexForge Light,2361,10715,10.5,1
Спальный район,профи,Тяжёлый вес,2260,8117,18.7,1
Спальный район,элита,Тонус-клуб Коломенская,2691,7160,24.0,1
ТЦ/бизнес-центр,средний,Адапт-фитнес,2694,10124,11.5,1
Спальный район,профи,Адапт-фитнес,1185,2676,6.0,1
ТЦ/бизнес-центр,профи,FlexForge Studio,1192,9456,23.6,1
ТЦ/бизнес-центр,средний,FlexForge Gym,2962,10092,15.1,1
Спальный район,новички,Здоровая спина,2321,11796,2.7,1
Спальный район,элита,Домашний фитнес,2784,3733,14.4,1
Спальный район,средний,Заводной фитнес,300,6200,12.6,1
Спальный район,средний,FlexForge Metro,2423,7406,21.4,1
Спальный район,средний,Здоровая спина,626,9360,13.3,0
Окраина/промзона,элита,Спартанец,240,9026,6.5,1
