hours_per_week,break_freq,sessions_per_week,task_completion_rate,forum_posts,prev_course_score,device_type,is_weekend_learner,final_project_score
4.692680899768591,0.6868706414330814,8,0.8553982842642702,25,41.37680018805898,2,0,21.293519944735404
30.101214309175212,0.23817703171101579,2,0.9612342385225007,5,87.62634692937363,1,1,33.419479873860084
13.167456935454494,0.7914714236974626,8,0.7306509511003642,2,54.067655142472674,1,0,24.154482093688674
9.129425537759532,0.9299820646891118,9,0.6869525048371624,5,57.48239700198757,0,0,25.463493116294806
2.0,0.8974959362830592,10,0.9149141902301212,8,100.0,0,1,28.535103371572536
2.0,1.292458873934775,4,0.6798349196837938,5,52.47415662240978,1,0,16.951419435477188
2.0,1.0873521363745045,6,0.5968151048097851,11,88.80002571808986,1,1,24.02485755930101
20.112308644799395,0.8364622027776435,7,0.8629219049948108,10,64.52013355195402,1,0,28.201939231083706
9.190821536272646,0.577460060652513,7,0.5235638017813106,10,48.845911210022976,2,0,15.231434122351326
12.312500617045902,0.18963148298230129,4,0.5645509072295036,14,43.539509425822445,2,0,16.269393945702564
2.0,0.8193309006683362,5,0.7163542662907916,31,66.57775489345886,2,0,19.399243567095834
35.03557475158312,0.7014409084472979,13,0.48912949320268767,22,48.14734481924828,2,0,28.264485803810096
17.86429543354675,0.7335241086603975,11,0.5816020409653767,49,60.56682798111479,0,0,24.729357138251576
2.3868762524894698,0.24814947240251076,4,0.6011474570649996,23,36.43213220647031,0,0,17.934186341677783
2.0067898874966335,0.2845803675577345,8,0.8314745188495724,29,70.31618392566294,2,1,22.536049865933197
2.0261142283225704,1.267703501861905,6,0.9496556308803312,28,41.86332374726409,0,0,26.604296676236586
3.627537294604771,0.5899670402064691,4,0.661513129069747,2,64.0987164893033,2,1,18.901111669214178
7.439278308608545,0.9773118252043064,5,0.7454309148840336,20,44.2430970366636,2,0,19.631302832662065
5.655370667803367,0.6186737922600702,12,0.7961643828769692,20,83.38818572336305,1,0,26.271895212742688
3.442229925539415,0.6192967602551834,9,0.5070739266303577,30,33.351382455958,2,0,13.904823532124226
9.463708738997987,1.1697600755902793,7,0.9409295557315024,23,60.75582536953461,0,1,36.99367082396742
2.0,0.4226413593704575,11,0.9637943070009453,50,73.39112351308123,2,0,22.92330162307579
3.4551551200240227,0.6487450619678149,10,0.7754418772717316,50,70.38328422756626,1,0,22.139401479554845
4.56277218220847,0.43885215381546877,11,0.903905948283466,22,46.29754219785076,0,1,24.301029710790015
6.08934687859775,0.4474692945273963,13,0.8666665889262509,6,38.90382001278979,1,0,19.507795421279
15.379360110309118,0.48849771434865386,9,0.7342064127013986,25,76.72087251773519,2,1,25.032180748579403
2.227358621286903,0.7085700457687633,7,0.8173021488425225,14,63.14491780972873,2,0,17.40345267908678
7.220291550331277,0.43382066907772376,5,0.8535162521352735,13,48.92422880977664,2,0,21.989804291345877
8.975047213097605,1.4608658208110992,8,0.6602339177713319,30,77.26695872803582,2,0,23.025802485985068
2.0,0.3242549754053754,9,0.7401806324696818,9,56.55946751350245,0,0,20.79286742040163
9.353330206496102,0.5321604960077408,6,0.7747734826783034,3,55.13927513197316,2,1,23.476638289197023
2.0,0.44583259685658083,7,0.6630600759830022,6,51.99982067970073,1,1,17.4273997280085
2.0,1.6701016937698139,7,0.5056966206496021,16,53.608140200245046,0,0,18.105604607511726
29.73687793506931,0.6959957977079367,10,0.7530343224835722,2,53.06750893099784,0,1,34.76837353334067
33.706303424611725,1.2489349868513662,10,0.5348111296113274,15,69.92460763432001,0,0,32.5909506713259
16.523315728128768,0.21440419984975492,6,0.7858561517948173,2,88.2595435738318,1,0,26.719888498843943
3.632878599687583,0.7312025189522745,4,0.7633311874036246,5,44.049058298552076,1,0,16.461010718415896
2.0,1.1305921894773936,4,0.41646981354467016,10,59.8849000430862,1,0,12.824922961352843
11.527507630986618,0.6424918112005061,4,0.7578387389904897,18,62.539201508658955,1,0,29.033429690088788
5.800908425853983,1.2786901869240033,9,0.7956867400482516,34,71.96844091497641,2,0,25.247587171637782
2.0,0.4222735656801434,7,0.8251144397101199,8,79.82484673409544,2,0,14.945010454595678
6.835472281341501,1.6266833838968486,11,0.5383677403718223,15,62.609568510430314,1,1,19.202018349022982
2.0,3.0,8,0.9065680140248377,5,55.44369200091967,1,1,25.992245239206703
24.004228873930238,0.4704869803389701,12,0.6967328276789756,13,73.67105896712013,2,0,28.39596870313712
2.994577768406861,0.4440350558806414,10,0.8976150810928649,1,40.398535671375456,2,0,14.88322610672284
10.862557985649804,1.6776082762533637,4,0.8846536714666974,50,32.840071060380474,1,0,28.36845136488818
3.7354658165762364,1.832535454147128,3,0.7418794437816238,5,100.0,0,1,28.633747516213383
7.341108959092287,0.42062986227469773,5,0.42589925447330773,41,52.88182750077499,0,0,18.60827945549361
7.912237979817975,0.4519739326383246,10,0.46547676961962287,5,58.79412016115563,1,0,18.48036212468015
2.0438859950790573,0.4979531781272844,5,0.9177668011613442,20,73.15723771327588,0,1,25.558241154681397
34.92807132736226,0.2366636467934447,4,0.5229408937993961,12,70.20491388688414,2,0,25.281743124116026
14.922453771381408,0.318843031189136,10,0.824764819145306,13,78.27857458610283,0,0,30.612167322261318
28.05094419291582,0.30032245344948244,6,0.8943871605715801,17,79.0644462077072,1,0,32.663736484083124
22.521519975341967,0.354354201961423,10,0.7180470172264692,16,43.36318313159008,0,0,31.77708674763479
9.11054412383275,0.5919817802533883,11,0.7003788204961158,17,84.0392101679769,0,1,30.668943450846957
25.49435379269405,0.7145875990595353,5,0.8502401023074438,28,72.66064806438455,0,0,35.41234001844817
2.0,1.7956199618755486,8,0.6185988047489083,14,70.6702347164033,2,0,16.963681713008082
2.1813469463126745,0.3015414392882941,6,0.9345882551973358,20,71.33777216512404,2,0,21.168063618862668
2.0,1.2080719740846162,9,0.5079914556264989,14,31.515659658822244,2,0,11.015387762855662
3.9353208680308684,0.5221542738667894,11,0.9030414269670366,20,61.851155154073396,1,0,23.06242964804055
4.921302917942186,0.5858891935694605,13,0.4492037790090714,1,50.501369043278544,0,0,14.075769675647265
3.165604432088257,0.9727517622686639,4,0.9785632437211533,3,48.34079710001988,2,0,21.36245316593345
17.64557865240934,0.27640021337950405,8,0.7449767013736656,16,57.68183598976432,2,0,24.108403379221798
4.4122699952987015,0.7926978291685469,5,0.7963313384382056,46,77.3817822617174,0,0,29.359208872186013
3.298028401342492,0.6814833536080872,11,0.5446551520002737,6,69.30789916809191,1,0,21.48089565048591
7.82407083207746,0.8561718914813264,8,0.6101755921159298,4,71.5621199663242,0,1,27.27632471801423
2.0,0.7426117242425111,3,0.8496875914585907,9,58.305008042718526,1,0,19.405857739720037
16.204835957747314,3.0,10,0.4539000318140763,21,70.64446668786599,0,1,29.420657624665882
2.0,0.38812881812801225,12,0.9262083163326295,7,62.0142557698885,2,0,19.847950652921106
40.0,0.4182408281348438,7,0.7885216553309,6,79.23685383569278,2,1,35.23993669381608
14.794837762415114,0.39211568477893577,8,0.7862341914342069,18,75.43489316448665,2,0,25.902635947368665
2.2153944050588597,0.4111348634431626,2,0.627468270214578,7,67.39726434090724,1,0,19.40038090784981
2.0,0.3882246977329163,6,0.8539297887246137,21,52.98060124049565,0,0,19.26033109813417
16.89896777486126,1.394187170219517,2,0.27218285458954494,15,69.09484856735675,1,0,18.993104577756963
12.270959073870447,1.639437136693214,11,0.7247559236566272,3,68.6367905508705,2,1,26.286817477337507
13.05662908787999,0.4067638814992039,11,0.6632068198826406,24,66.79000980608167,1,0,25.626798212233382
14.752145260435135,0.33869716102357045,8,0.23382729442730213,5,57.86205405295324,1,0,17.24787435286461
2.0,0.8436571303981822,14,0.6333991581369892,15,55.181870283828744,1,1,18.165022268566787
4.438926724162325,0.4120724354048396,13,0.7926130128589413,1,69.83555599591375,0,0,23.204007297570374
2.0,0.9446434468833437,2,0.6512837132389522,7,52.13457998101128,1,0,13.548067562884622
19.885295716582227,0.6991053132222115,12,0.8495777210431547,22,61.223445871026826,1,0,27.959031288140466
9.763011917123741,0.20992165684807385,7,0.853641905840612,4,73.80301903787505,1,0,23.711953215636562
4.01818801251301,1.7918590224156028,9,0.6621874618992482,4,71.62232058890528,2,1,20.66055564850668
2.0,2.132114842981458,6,0.6397273296543364,37,47.640990344386154,2,0,18.393060708411475
3.7248835041035373,0.39496738648952345,8,0.6046391292495119,3,69.47787058015363,0,0,19.240487120932066
3.9331421318413136,0.4623694223459104,9,0.8641478903351706,37,95.47822103045252,2,0,26.211942541326103
13.078757839577408,0.7408965837675862,7,0.7916279660660454,6,75.13393274096478,0,0,27.683664366182562
10.148893589260199,0.76653091637478,8,0.7512525498416603,14,60.881176316734404,2,0,21.680856588560435
21.822519124015148,0.9617324272768144,6,0.7733734849266181,50,84.61241961847611,0,0,36.16248426688608
6.390661333763098,2.4772353921446673,7,0.7254533652010786,24,97.98782056833629,0,0,28.98191559776055
2.0,0.5358703351309865,10,0.815757349066718,26,77.95034771907062,0,1,28.873436124594793
12.491263443165995,0.3468690071980236,9,0.7964937195753002,2,39.02664515049412,2,0,20.822396771406247
14.303927530768641,0.23095706313530553,9,0.9465431657821824,5,74.25219618107893,1,0,22.882744275381814
8.238874948858289,0.36361813999088594,2,0.6783901268850823,36,85.23181434260248,2,0,23.659395452937723
14.738899667213644,0.5926277123016068,6,0.5714269678311821,20,34.04092355595332,1,1,25.800391712497763
6.808147315102779,2.1301459626995514,9,0.5240197358825284,4,79.05673261976389,2,0,21.405007955923168
7.39678838777267,0.42217814506289797,4,0.8637071513245996,10,61.95317395591248,1,1,22.29092303311996
5.578141939084274,0.7093909926562999,13,0.834094974367205,9,84.7315769278577,2,1,23.95350012281561
2.0,0.5995978927111627,8,0.8383750109909014,1,63.932659523064075,0,1,21.98780187739684
2.0,1.3935790464026026,11,0.6690605100419005,8,70.14838578075505,0,0,19.3476453195055
2.0,3.0,6,0.809265364884626,13,70.39988959131013,0,0,28.414185845581432
10.117295509275495,0.41827835750446823,8,0.698023656874196,11,75.71166032008884,1,0,23.205358552053347
3.7739670879509983,0.4305862573141995,7,0.6522236296399246,17,71.70656068586504,1,1,21.77837841370923
7.104371771341901,1.259749150134867,11,0.7842074643672643,19,51.51354301083204,0,1,29.62630106189421
23.812655298459756,0.977579209898301,8,0.8341910176438653,19,61.05313209559346,1,1,35.053072364022036
2.8673882298329834,2.209342871308869,11,0.7587048822107044,50,64.90129320030474,0,0,18.706458717571003
5.282819748826726,0.91278923829972,2,0.6755669307996433,31,83.45536583942754,2,0,19.0802744702645
14.087491475385834,0.4716564287914731,5,0.4339055560847186,6,72.26488156554058,1,0,17.502633206080173
2.5980515691739403,0.9170973797590344,5,0.685757412133564,10,55.13614576565293,1,0,18.471344579650925
2.0,1.3179697790384146,6,0.6334027912316951,18,51.20457021858036,2,0,14.58784032055472
3.4214030388705705,1.0771703180367507,12,0.7564539757986081,14,74.82120828742201,1,0,21.937232746577454
2.0,0.8651017246399193,5,0.7796876349386759,39,57.877643236842886,1,1,18.47328132446924
26.549500858806248,1.2797596446890245,7,0.6633164575752473,9,76.29791291085161,1,0,29.593690451080917
16.508870804845696,1.375073127460497,7,0.4750200426279867,12,64.16320659639466,2,1,26.7991465182638
10.03494190520531,1.5960172284320362,13,0.563732428885177,23,86.90158859371704,0,1,33.066430611850045
20.51519730520813,0.9551345305972746,9,0.6620410843071629,11,53.944761863221075,0,0,29.794685930329955
16.279689407405563,0.5395700521821511,8,0.8400913052813407,17,86.58144668635043,2,0,24.69596590324003
2.0649547635863907,0.6721320737197448,8,0.6623458844272881,37,79.75214660843844,2,0,19.81890708639248
22.308134052355612,1.4113635256205384,4,0.7238875390536472,50,58.39405035332001,2,0,29.208224457714827
7.75099901966172,0.34237283678155206,10,0.6637382753900685,32,51.82500801329397,0,0,22.15627393214055
16.47348291303566,0.7851121667803049,13,0.7139509444992558,2,93.91532084736222,2,0,21.424428839191076
22.642426492862313,0.4605484723207594,6,0.2923221261817176,18,51.4605706189067,0,1,27.373327995885663
3.8273071641831846,0.6188585018509376,9,0.8052632083612248,29,69.59574201113689,2,0,18.78966348150296
2.0,1.4842599588410128,9,0.6062333479481351,14,70.1803529110176,1,1,22.175443211047845
2.5868674613938136,0.6933428615798498,9,0.8121164226874095,12,65.15006668621817,0,1,25.338615575647545
5.570576927486144,0.626570227290364,3,0.8738868154449754,6,76.72015159054172,0,0,28.417221402753125
17.03829726638945,0.23412519187299433,8,0.7007582100217981,4,51.04143938365006,2,0,20.792087203489316
19.713449718798334,1.022629750479799,9,0.9616472424301261,19,93.99597838566186,1,1,37.094473249830315
2.0,0.9529802751308655,7,0.8684013040813947,8,52.6322216979939,0,0,24.810851602508873
7.148761593385558,2.7573727006575544,6,0.7930383792279779,9,62.84099923975898,2,0,22.091393325976856
5.402733209186713,0.4889745849051204,4,0.6780132106300804,22,43.427346449065524,1,1,23.12499891918292
2.5116733827582447,0.7070918045723137,16,0.7596100405748405,21,80.69169658771362,0,0,22.900581338526834
2.0,0.7222157071081662,11,0.5530433614264135,14,93.3216631821878,2,1,17.117782621864855
4.119085798624324,1.829819440943537,9,0.7900670790273193,50,95.12212904206156,1,0,26.434818831566908
28.631211226911496,0.5673908558192655,7,0.9357141246165924,16,82.02081553228797,0,0,37.771063023643556
3.903838028814744,0.7373556549980496,13,0.6035010228788082,50,59.43286884567691,0,1,26.843659257639086
7.314528057601519,0.9282330528406018,4,0.66848259606386,13,65.02579152585045,1,1,27.534612060361024
12.14086976880855,0.6911671326329096,10,0.8246050107161177,19,60.15643331050039,2,0,23.44012431608364
4.519744989669624,0.443745743573583,8,0.6098871067326718,27,46.8027396904964,2,1,16.34382111004875
35.677981382917,0.6947959977161802,8,0.8335362684426169,7,60.56778898210085,1,1,35.203550189879664
32.82009864541398,1.2860072004452847,5,0.7622751060220476,5,78.63142220171645,0,0,32.69096102485864
2.9006129499220528,0.29565539481248176,9,0.7058393117933744,19,51.99523969118742,1,0,16.795255347849913
6.876592784638472,0.6656966264262074,5,0.6714702852658452,35,30.78519603495858,1,0,18.441745904101218
3.5793046007904676,0.3715452679400698,6,0.9320351322508885,18,46.20495020976928,1,0,22.300565549038808
3.352496763810817,1.4000845676307176,8,0.33701270394662214,18,77.27326874818473,0,0,13.794188695182406
2.0,0.2088308189879278,5,0.7270947050550839,50,39.22694156680815,1,0,14.673631508213187
9.404920709825932,0.4101446842621032,13,0.7373741446201099,12,57.92011741064998,1,0,20.888973746493097
6.985196328296385,0.7898188311690114,11,0.43913149432129167,38,59.245671019947274,0,1,25.836994629566643
2.0,1.8146031986175588,9,0.9489289265590912,17,68.87001496504243,0,1,26.919103481984983
3.2662592101036934,0.5792476441478666,6,0.688266956227628,19,68.5190726159387,1,0,19.602271742514777
23.888609510893403,0.41121476076424945,9,0.557165766795601,34,71.0032758625801,2,1,27.495904169183724
2.7386055214207703,2.26326836688014,9,0.9841326938462444,8,62.769813666928535,1,0,27.034409420982367
2.0,0.22011399003545265,3,0.861584573825505,3,50.83205813451049,0,0,20.180060696999984
6.722721094736363,0.13013743825591448,7,0.7269521455339403,18,78.52103135242076,0,0,23.86395287290569
40.0,0.8253152165436884,8,0.7708496018354734,15,38.544141852695105,0,1,36.024477875980914
2.7714481355972618,0.4268007693109844,8,0.819708242327493,31,76.71885786494386,2,1,18.683958898846196
11.151550102972934,0.2967506746621473,7,0.6680052436113103,29,82.16139041811941,0,1,29.608790977009118
14.338876262394628,0.9958581144761933,6,0.82329612185347,37,100.0,2,1,32.87690523670266
2.713331723358058,0.7193987391522145,5,0.8075355476438192,16,53.68711821807283,0,0,18.317873280572687
13.027489284923162,0.40866683407225235,10,0.698933625697744,11,56.59713228988541,0,1,25.66372094183577
4.58522799264304,0.24753257757503117,5,0.7769651428224108,17,65.79991948774158,1,0,20.843400536332787
10.005037477317714,1.1170822250712396,8,0.8438286931418171,14,64.68103921981779,2,0,24.882598491058015
10.038378271376383,0.9561321192483216,8,0.6652978380048423,17,77.51934773371742,1,1,25.37544650400926
7.673852499523488,0.5658517818218007,8,0.7807482435677151,8,72.83696176085144,2,1,23.01232119540488
2.0,2.2092341063092387,6,0.8907266094713189,5,59.72176738789322,0,0,20.220856667800913
18.03644794246297,0.28677442828205807,8,0.7776492696520977,39,63.528718814055956,0,0,32.06378192015824
3.8681029366739663,0.20848928714823417,7,0.8004183143913303,12,78.99981176977852,2,0,16.22113620239884
2.0643210660755655,0.3736874041208217,10,0.9269393948573427,24,46.007061350545,1,0,20.812808347260262
2.0,0.5874816829255983,7,0.7365985534801156,50,61.49451779710732,2,0,16.906847493631687
8.937784045945834,0.7191664935046933,8,0.7410372849690843,2,73.32084953976381,2,0,23.307181359931203
11.318517342673488,0.512289573539589,9,0.7368858374723207,5,48.99996893337858,2,0,18.49599629155543
2.0,0.7760322328839403,8,0.6947445839436955,9,30.0,0,1,20.265083213362857
7.176305845494884,0.252567283379556,6,0.8064965781508272,16,86.69864680252678,2,1,21.55334367018643
2.5682414705495766,1.6663493620173244,9,0.7762564999986121,34,64.69290197046065,0,0,20.257266171258532
10.36124341547692,0.5726355374851898,7,0.6753218406950952,26,46.136496052095254,1,1,25.96956010733089
2.0,1.3259206947731053,8,0.9484487583653269,11,78.80628954970288,0,0,22.18782878578367
11.742125275677191,0.7709804537657178,11,0.7427381128960308,14,61.875377645454456,1,0,24.30218344652433
4.8895870098110175,0.8350424253727621,7,0.9020242985870012,20,49.477776671381136,1,0,24.786785137528366
27.60343817804307,0.9037857907194852,9,0.6832521915497327,31,70.54593111550913,1,0,32.27042568353501
2.0,0.8297722545205016,8,0.32965071958882863,23,65.77329773316772,0,0,13.831263309180748
4.171324339951718,0.9511399483715031,6,0.7814536284232269,2,55.802167784188995,2,0,14.35218146515355
2.0,1.5378829626675523,6,0.5218887297832469,7,53.45580855459073,0,0,18.309609332086943
25.861903971507235,0.6959794247614974,14,0.9100810914988395,7,49.60790633612962,1,0,33.47664564005867
20.983337071609938,0.9963094571668697,12,0.663209132747946,34,76.03328203220333,2,1,28.983212048864374
2.9832737006148893,0.5696033793803594,5,0.9073366838602154,5,46.27465283432467,0,0,19.894417076317332
10.787627390439145,1.6621003120089484,12,0.9516268761165291,10,53.03740129281488,1,1,30.218868491202244
16.994840726392212,0.37776815751437076,8,0.6484045240519318,15,66.51731442049346,1,0,25.88572409029168
8.10132360686508,2.139684317654404,7,0.6894045486458784,9,86.8832493097438,2,1,29.098426271659257
7.54279410193946,0.589718151554735,4,0.6618926717570103,9,66.99349979788134,0,0,20.36255196744899
2.7687704543790312,0.22278623126211444,5,0.9427504445910733,35,73.82259870417923,2,1,20.48399550620053
2.0,0.6634333319816704,5,0.458838879167967,2,66.53313499611961,2,1,18.679740372717603
22.75123225194523,0.37653805534655255,4,0.614844506056872,17,78.59655301898077,2,0,24.70829732315457
23.06774427648427,1.0924801563428823,7,0.6865222887448827,3,94.06344080586356,2,1,31.306291595367494
10.026699194828847,0.38410597591984286,9,0.5121896890928836,20,58.43411636919728,0,0,20.105106776388975
4.140465098113239,0.44382346221069974,7,0.9236356172181278,25,65.21061227011761,2,1,25.019451918098092
4.295676158116439,0.16159234377266926,6,0.47792177586420576,7,67.60292039201744,1,0,16.82078743670665
12.944654297271182,0.4419252965697078,7,0.8466636433477956,17,72.94715098525458,1,0,27.454989399370024
22.740973491072523,0.1111676864759139,4,0.4622768948790619,8,66.98622464830451,1,0,26.108047533753705
21.811325693966133,0.20014123704511033,9,0.6666449559698371,20,56.84388334451113,2,0,23.000967002459046
15.135621919309033,1.032817246613734,10,0.9285224407004343,20,64.89356210641114,1,0,29.392813045057384
10.273106935677049,1.051334291290668,11,0.8959572741508876,13,100.0,0,1,35.24570094767326
2.0,0.8169481036609183,11,0.6074385643318638,13,69.70825658185962,2,0,16.25616887798514
2.0,0.3082379281637227,8,0.901356766290202,9,36.3384434649179,2,1,19.035831876043744
22.882305001775055,0.5866083140224901,10,0.9144356763093652,33,59.076590309093575,2,0,26.80040803225409
9.324939469655895,0.6050030513783731,9,0.5868251578934164,20,65.20092694581008,0,0,23.96673308556386
2.0,0.2695893826895512,8,0.8259724166220785,35,62.891383381552316,2,0,16.605488593428923
2.0,1.7373810075303675,3,0.5138122891479345,34,63.9734244676276,2,1,16.973051599529644
10.891623872902409,1.1209242894466138,5,0.7731074564108613,14,69.29400522768412,1,0,25.769693933599136
2.0,0.5196109493889256,7,0.8400020992372274,20,72.62917354214633,1,0,18.571422049180185
2.0,0.6180537119851307,7,0.7119955923056257,16,68.88254609102638,2,0,14.081396729081805
7.956978461389317,0.7017823018070924,8,0.7929163925197039,26,79.25936817755249,0,0,21.934200221926147
11.773152866548127,0.14526227056331248,5,0.68773628708083,1,42.56975560704417,1,1,25.569313025536907
10.554414821352488,0.5101634227824143,7,0.4190300633829236,10,61.21014176435368,2,0,17.398608979508644
2.539498673080245,0.3762923264874673,7,0.39206899770637244,37,71.5140090371563,1,0,14.111264883277684
12.454172888985388,0.30085284918012295,7,0.8178203963433857,8,68.84244529479237,1,0,23.645726515227494
2.7082375905280593,0.4981917653869579,7,0.6508087534419632,2,55.21550893258156,0,0,11.684596660898556
3.9363490891808444,2.134816231622866,10,0.34219163202671027,19,57.02157885705072,2,0,13.007116501440743
13.723575516657906,0.9498891388797578,7,0.7583253715786228,25,52.37416598005117,1,0,27.12877053156562
10.48773814302768,0.4066406965730998,9,0.9930836525527227,4,79.64999742839929,2,0,27.307325461823503
18.91956077463401,0.9055687740761404,7,0.7193264915680886,40,37.21845118213217,0,0,29.476262622499505
10.718132881697624,1.6153454029616758,5,0.8473072458051296,20,45.77699828789723,0,0,28.283670116826137
8.400443055872573,1.158636146982078,8,0.8574493276704215,7,71.27963476145459,1,0,28.286522380132592
2.0,0.6323838313772074,12,0.9169651462249088,11,73.14762784649072,0,0,23.063409836942753
4.584163072070201,0.3856381654346921,4,0.5952642227502056,3,41.233683077343386,1,0,17.07000080925615
3.0816014785883117,0.9888192934641962,9,0.7557121714422841,31,74.39659625680909,2,0,19.054730124931762
2.7970020366242125,0.7988674593002141,7,0.6977085627917449,21,67.7075695083363,1,0,17.652900418387894
36.12309406162926,1.1350029545065083,9,0.38725998232442954,3,72.73494207406333,1,1,28.532140369238707
4.993874970400237,0.9461257990314579,10,0.8851434292532612,21,66.08679694716406,0,0,24.128374652568347
22.26055211248523,1.2645127887063714,6,0.7159564350154203,12,71.38207087370141,2,0,28.76087734513931
9.973343857364831,0.4170018385949744,11,0.4265905556054389,20,71.90042127674883,2,0,15.856384762692645
15.838252526883998,1.5252767148263364,6,0.7381138546005973,20,72.07865622761214,1,0,26.315639209097444
6.984353243887704,0.6965050211193039,9,0.6672291303670744,9,68.66098565739705,2,1,23.61978019650988
8.60155902641585,2.592655424297869,9,0.7291366391808336,18,63.71657237399212,2,0,24.648385860498518
6.782934333416934,0.37439964870663617,7,0.7554302923740658,9,63.80537032691322,1,0,23.10173111351395
2.172148953252385,2.0445437556164365,7,0.5833116779893808,15,68.4524930536909,1,1,22.83981010652948
12.817618030658037,0.6966567539474766,8,0.8016490141410116,20,77.38121177373105,2,1,26.714845302651057
3.2957736836626292,0.38443036855193474,12,0.7658065930295987,32,94.47111502473909,1,1,25.545301334549993
2.0,0.4322634304671579,7,0.5972170293990485,24,72.92702457454315,0,0,19.04988893416904
10.36968786295274,0.48469128536369427,4,0.9283605640052028,30,70.66111375834906,2,1,26.37235941244015
2.0,0.8162098095519331,7,0.6616642463519522,6,83.23144720529083,1,0,16.173650154712963
28.21083147273303,0.8745768073395116,7,0.5152967200079213,20,70.9468956956141,2,0,24.589833639039266
30.77562412788023,0.4059237265145844,7,0.9151032406510027,17,49.09535324297658,2,0,33.92361808065001
24.635098846338416,0.5962780376440912,5,0.670762009886189,13,54.00003959858173,0,0,28.150795737177074
4.622873964973667,2.71716552626891,7,0.8372098354874301,6,92.43379512809787,0,0,30.979454733295594
2.0,2.0325277572913705,6,0.8386252212551366,26,54.29849898332709,2,1,21.77101856686703
26.355234573318896,0.8231857284980385,7,0.6381970193438591,13,73.55220986970443,0,0,32.80962429125872
5.589382770530613,0.6228823855338944,7,0.9063763793221321,45,50.169408266389254,1,1,28.326470248911917
34.00842016122056,0.659694736575583,11,0.9674376241386379,4,84.26440614590442,2,0,35.79061621831941
33.137354761302056,0.9318928682914742,10,0.6172750527129783,1,58.097450471856135,0,0,31.0342743973508
19.17387017179419,0.2964268520689247,8,0.9491616309812644,19,66.24169304992431,2,0,30.709020105463
3.487760681721603,0.5065341286624259,11,0.8015764582709551,35,61.57638578422143,2,0,19.75321191421391
4.862919320986936,0.18862226687746822,7,0.8001557739498991,1,72.5729994844292,1,0,22.9197425325982
19.047266524780795,0.802082495507878,11,0.49533334415823893,21,67.5731757584498,1,0,21.423817277528073
3.8114623143071706,0.9541228500300262,4,0.3606169925129217,13,78.64946206116944,1,0,16.4736761120056
2.0,0.43247510125950694,6,0.8772405119188559,5,74.82900333279301,0,0,22.535767786316757
8.137369920602278,1.825384654296134,8,0.9200271190860847,50,69.22747252349761,0,1,31.93646833554267
27.512934708070418,0.25716536328382633,12,0.7264044673097603,19,74.77080068280257,0,0,32.97921009641327
11.908255977579373,0.21760747422127727,6,0.9011164795164994,13,75.50554204471526,1,0,23.610228632039693
8.441123364356555,0.7097207281154208,6,0.45106855162392623,5,59.03811245323047,2,0,14.18361740026189
2.0,1.2623421085711501,8,0.5620002166023078,10,57.89436292798083,1,0,12.221872009545878
9.545307155177177,1.9714107121658575,10,0.904712945823457,10,88.2814251150808,0,1,37.99325810056852
40.0,0.43989510245305147,9,0.7410889008790095,2,75.59424714715622,0,1,36.81437156451035
2.0,1.2905604525982333,13,0.7802605383440874,22,71.06599281392245,0,1,30.824743182241047
7.304953249815037,0.5903994550878434,8,0.7243223722593449,17,52.974814449983235,1,0,22.840472029526083
20.986086379007943,0.5374932323917937,11,0.7689920240671595,18,38.17628771173672,0,1,32.35933332092564
13.5003424835367,1.125876627024418,10,0.7697382292756352,7,60.60997081383786,1,0,24.797081320837016
11.940744253016732,0.9575532124505879,11,0.8391962751086016,10,58.21011325103257,2,0,22.07599774417023
12.1228755622449,0.20119624380561935,13,0.5296187079689971,16,60.345118140070596,1,0,21.242490084889706
4.454923423149491,1.705022393740923,6,0.626179628021011,19,77.79284659102647,0,1,26.585412645495794
3.475620842670952,1.5937089104331088,12,0.4991520953372985,18,87.9111381314653,2,0,15.489135015076357
16.573745072597124,0.3914514070975596,7,0.8913829526775925,31,81.6419927293197,0,0,28.89518604370027
16.613281990870288,0.8001648367559571,9,0.4343667829981683,12,55.91424625027108,2,1,20.56125652260452
20.17950047367915,0.8571186948192887,5,0.7210281855121785,23,73.07260919791264,0,0,34.34236603866645
24.446159618366362,0.7279460330760649,8,0.61569724244748,11,57.69019195836812,1,0,31.094213914228177
7.160932369329037,0.4126260237721664,10,0.8842538183974057,13,37.38332401369901,0,0,24.21401284027727
6.961843775511992,0.3790313507906188,9,0.7068759131621521,47,63.853106737407856,1,0,22.17702281014465
16.009499323084874,0.5957775917929286,2,0.8160706234989522,4,83.9108802358296,1,1,29.88905508589635
10.497190748878003,1.3783819530715042,8,0.3617520271536156,24,59.97957547237601,2,0,15.823772967012534
12.10550648511517,0.8873818513056811,7,0.5644723354019063,14,77.49836792217447,1,1,29.189893310106317
15.88619474954205,0.4679330576709172,4,0.828660269942524,3,55.015916331363165,1,0,28.909286824628147
22.07323476346767,1.0410076074694679,8,0.6950895572229333,6,75.32747698368684,1,1,29.844452690144745
4.124824071376542,0.1,13,0.63115897322212,36,61.34600738370407,2,0,15.531735045351974
4.7093678872755635,1.3554533720139206,5,0.7150161994657126,50,87.85052829694692,0,1,28.27581355677036
2.0,0.17946059077746995,4,0.7707995613339083,29,60.300161119938025,0,0,19.012218163935295
8.634140266094347,0.4706179507707171,9,0.7272426764390686,11,56.86420604476558,1,1,27.067820752506783
2.0,0.27699137063056795,4,0.48642445401841206,15,87.07231497760321,1,0,12.735121921277592
6.266069481821096,0.24505391461237516,6,0.8003413405935663,6,56.34742634495737,0,0,23.256373157426925
7.822945856871259,1.3669455854924824,8,0.8665849630337898,36,68.1924891068802,1,0,28.304433821560536
3.376306603145225,0.4371884938175089,11,0.5588387263239819,6,56.455507946862696,0,1,20.098716611255092
8.936325301461753,0.7730223768234813,8,0.6162630327427931,20,78.86145070163428,2,0,22.728804646681198
2.0,0.5869331174725377,4,0.7636607039982899,18,84.45319507041494,1,0,20.48405481854874
2.0,0.8469857395082182,6,0.9184728102788104,10,54.882078831271784,1,1,25.91044944443494
17.29351369538136,0.6400399541242654,9,0.6728649301053592,21,73.19508283333671,0,1,28.621555213717173
4.4658502420774475,0.24706728836304237,9,0.7243203786285987,7,74.5873543555886,0,0,20.855855008060033
2.0,1.218215123063479,6,0.7258029272757712,21,66.89300758365945,2,0,17.5461960155639
7.386535882790156,0.42928699049188945,10,0.7121435668783848,10,87.88386729183526,1,0,17.64378493889861
14.696479404457353,0.20400570311924146,6,0.7670614301267715,16,87.770394373557,0,1,29.59137795538671
2.4311800342990337,0.44947249701267794,4,0.7393506018096395,6,52.21032635546523,2,1,16.11046662094932
9.752196186564928,1.734175099638749,4,0.6815064331100522,15,83.12987162564652,0,1,32.56995985385813
2.0,1.0998295568489362,8,0.9824045782485398,9,72.59923489884652,0,0,23.86173834229918
2.0,0.47518242593123905,9,0.86219174723156,5,68.66011444474279,2,0,15.853533207144629
7.57908940625521,0.4749810392926229,10,0.944675971601564,33,61.51712007652504,2,0,25.264743397286388
7.779104426947422,0.48425457174973746,13,0.6192671752150655,28,42.765622650138944,2,0,14.218544328373909
10.145374482046158,2.5953557258943922,11,0.8091599587828193,4,69.24532429172581,2,1,24.387177557131952
12.949605629166843,0.7924346926018201,8,0.7442588122271798,24,69.61801381215864,2,0,23.453715898453833
37.23557008699993,0.8195737860468956,11,0.8332721381343533,23,94.92100929062335,2,0,32.209897081200445
7.262911192303562,1.2475709463178044,1,0.6283014594767351,8,54.8882153148007,1,1,20.316932434997767
3.900197141059788,0.71687944637152,14,0.8215109323474501,9,40.890931942914165,2,0,18.855660219903097
15.856539797326864,0.505943891566867,10,0.5014050662834382,6,47.31240171895537,1,0,22.17100070891075
3.158514654361373,0.5286414345882232,9,0.7256805585806814,8,88.86834799652362,0,1,27.084391191517103
5.779834312733013,0.5768800719852762,10,0.6643499538621038,6,58.283155724547505,0,1,26.349401421126007
2.0,0.5909312683442776,6,0.6005810335761526,47,85.45737760400564,2,1,22.13358016021954
2.0,1.0093844408466242,12,0.5910959155207188,46,65.09384811456107,0,0,15.911195673712418
32.87379923268602,0.6289912835965357,6,0.771496884090631,9,50.37970521923634,2,0,29.27190828537987
18.077676421150628,1.0129309449123671,11,0.7340961540040832,6,95.0197693529924,2,0,26.43216343852274
11.906427327993416,0.5732108776921634,7,0.862672397697176,4,84.76665046588887,1,1,28.336814775053043
5.258596444651419,0.6408528787223322,7,0.8644908103541281,12,62.30724820652693,0,0,25.740318097243886
2.0,0.1497571227007984,7,0.48091354777915185,9,79.95196649191382,2,1,11.590787627682314
2.0,1.1519191439784537,3,0.9001202728842205,25,66.84593549789426,0,0,20.61814738733117
2.880059891265836,0.773014040531031,5,0.924960551800399,7,71.5638142187949,1,0,23.48936409028083
7.967906483133146,1.219702622400144,7,0.8903899949428324,37,91.43482478242714,0,1,34.71181169401359
12.538492877767757,0.1,14,0.4922984582990124,18,42.205487202235624,1,1,21.457846585097656
10.793903496967985,2.6165647500612836,9,0.5597486179191709,5,59.62041663817806,1,0,21.54541303340693
3.2841226138899593,0.5500683478222474,4,0.8857061867208716,27,65.4381652356611,1,1,26.506207305609312
30.981034985563063,1.3174894208901697,12,0.5911163869167398,40,70.01739812518014,2,1,33.826873652271566
13.390174048752264,0.2928970347424431,9,0.5000733714466273,2,46.269704147642564,2,1,19.227336885070738
8.082304819313313,0.9314076207251678,5,0.8935864367429119,41,78.75394180807757,0,1,29.995613509292177
9.460304720374351,0.29014023781329673,5,0.6723208929014642,11,47.69050713665196,2,1,20.155203252813358
5.440378655320513,0.391943229459439,7,0.6781522120191942,27,46.25294139087286,2,1,21.430514360919183
2.846612922740635,2.3159545790441385,13,0.5789833352140819,23,61.23822400945317,0,0,24.78478375223737
4.400141293231124,0.5307428337899254,10,0.949493246087995,4,93.43253629088751,1,0,24.0877073693617
14.181818477567132,0.7062422367641931,10,0.5864992134513799,8,100.0,1,0,25.187292883349347
2.0,1.1152152230946686,5,0.6396161145911302,3,72.327832691424,0,0,18.88171728907946
2.0,0.8581102610065255,7,0.7378104834628536,4,61.42702939598584,2,0,16.253164228196077
2.0,0.6738776138387024,5,0.7218739035736282,16,67.344690467239,0,0,19.253279965759095
2.0,0.7830746114885635,11,0.8134742342954668,3,70.02364904689911,0,1,18.57476659816125
19.342030336156586,3.0,7,0.6473201256483109,2,86.99598086901514,2,1,32.975049371049224
12.162406117006883,0.5825541375135472,9,0.3149755752663119,17,46.7277738189609,0,0,22.592227103634986
6.427845944128924,0.6982132778038057,7,0.7933615450966633,13,82.916972079915,2,0,20.78396467264054
2.0,1.265488327337827,8,0.914900644233016,42,43.59893653933392,2,1,20.403903983633953
6.7651796579723324,1.315041406636623,6,0.9668339365074711,13,57.78656436779565,0,1,30.69810749671921
6.414503320943712,1.3922500980208428,2,0.7294924928740735,29,64.96143704471936,1,1,25.78221158839573
2.0,0.948485435920397,6,0.9420700902392438,22,71.16718546294402,2,1,25.822028871759446
5.688991313023238,0.27250360409997754,6,0.6828429101624233,7,64.94593222829826,1,1,22.14499413598723
5.083366145832069,1.9029438324456405,12,0.8460685718788759,15,67.62597570190084,2,0,21.757857906135087
9.567224329131346,0.27186714347686713,5,0.8835445110027359,50,65.60659759266498,1,0,23.04125984361945
10.08114536040912,0.7496452575106143,5,0.7970820936082581,11,42.18878712786666,0,1,29.544805012580504
2.0,0.3577241590523972,6,0.5748423407188724,15,73.62702655476693,2,0,15.136963244540464
4.693840046550616,0.5799016013871582,6,0.41904590561270827,22,77.16958258546639,0,1,24.071567453185196
9.831249947827285,0.7634815552354486,9,0.7723658762688088,21,85.13979867517219,0,0,26.325255681681703
6.9943945260778975,0.7595341841641303,12,0.5976050955658833,29,92.70600826832623,0,1,31.804334401917643
19.413494531754388,0.8149280335479606,10,0.7665647036050988,29,71.16250711671474,2,0,23.862030353259488
10.749747640549979,1.8768557219380957,5,0.7669088583880139,4,86.17267682809643,0,0,30.404986217196004
2.0,0.8331629906238065,10,0.8628106997852091,50,65.27149946485842,0,0,20.020025867235937
2.0,0.5112433164323921,12,0.7558739423045171,8,43.24372638151846,2,1,15.93591161638219
10.28394147108891,1.191080666099189,4,0.8459767847302696,5,79.4162895236296,0,0,31.707469223087372
2.0,1.3946302721332247,8,0.8832123438211996,18,76.09285226082358,2,1,25.71448075616382
8.813473778072908,0.2568339605966549,8,0.5357633069600192,8,65.00940247754629,0,1,22.584118698400108
28.172554553871517,0.9214378476280262,7,0.4080810780040433,6,64.06577264141526,1,1,26.98920834528494
8.567824455775444,0.9908629187731843,6,0.3477159669881886,8,72.16999081170407,0,1,23.056297931684057
4.913006922239073,0.4924834355424305,6,0.6515936639611954,16,59.93650117045702,1,0,19.881149137653782
10.30827157844982,1.5888250317560624,8,0.481333495598382,11,71.63386009541813,2,0,22.504054480356267
6.129559740510913,0.5460531787932578,9,0.7085654011382746,16,51.16707555328584,1,0,19.15753603098098
7.888143605763202,0.6622603763864996,11,0.9421206687890266,5,52.852610644792065,2,1,22.008976633757584
28.38127146232999,0.5373260082322504,11,0.8773484600164618,8,45.19116050735268,0,1,35.56938132723879
4.879275273501872,0.6131812764026122,6,0.6321838589883659,39,98.6608776790512,1,0,21.48814703685329
32.49091861506754,0.28156482863085047,8,0.7717909569224288,29,66.09623196391173,0,0,30.92687848155509
23.57576183769919,0.2213443560869942,10,0.5797610347498988,24,83.12385098979837,1,0,27.69741976988541
2.1789626094045,1.8517914914164446,6,0.8697043528868519,24,48.54825755878284,2,0,19.223684401811223
2.0,0.3352519488130827,7,0.6105615111607733,6,62.274702826617954,2,0,13.540924197797912
2.0,0.30301449248914275,6,0.9833584307552222,12,73.27247794993639,2,0,17.93849276879522
2.0,0.13434111497568765,8,0.5701093468524825,15,87.06893187808723,2,0,15.234856136182197
2.0,0.38779701891178237,8,0.7547817345305224,26,55.96259196630445,0,0,17.23314371630132
11.488748725771671,0.24022894919538734,13,0.4849525467449126,1,58.962095020899454,0,0,17.911801635890985
2.0,1.9144121650617332,5,0.7452166170273888,49,53.12070859980302,0,0,21.989088115531978
3.841571882948685,1.229825098017711,9,0.7779405222999535,28,63.19080245544671,0,0,27.77119719973861
18.635260400972772,0.3746716481075012,8,0.9329138424955706,23,49.70227268774715,0,0,32.21780442257132
2.0,2.934992986711286,11,0.7764770663883556,17,43.448866426125335,2,0,21.331081387094613
16.845305061859584,1.2059116547984914,7,0.7618281496790651,31,68.88018628224854,0,0,33.634930083100244
3.3108346683962946,0.48317229599336314,8,0.6575434166660532,17,75.05894939166605,0,0,28.185605513465664
2.0,0.10544307971714101,4,0.8487417525342634,24,47.914356671328676,0,0,19.812449859071698
11.931554084399135,3.0,7,0.8463169349903702,2,54.88261655812451,2,1,31.175514985948684
9.913991764332202,0.229305357057173,8,0.5562268550224599,5,63.500788971883686,2,0,19.028578918043177
20.994158140869466,0.19170853200170038,12,0.6064288633505508,50,90.6012853208622,2,0,27.74045273264969
13.282935787644004,1.2408533177340615,8,0.8584635637647466,5,30.0,2,0,26.2940759813449
16.269958059939782,3.0,7,0.8131306904327126,8,71.67456939679073,0,0,31.87476601358656
3.3133386230673856,1.5983805700399598,9,0.7880203680317232,15,75.18879778550316,0,1,27.029064598403576
2.0,0.9000872139504645,9,0.8367416201685498,12,54.3179448243306,1,0,20.254739553630113
13.887563960054248,0.9197329150325607,10,0.7159796996887339,27,59.761557868769486,0,0,27.495508672473765
16.442091832434194,1.1022911652762613,4,0.7302196958414006,9,69.99485119667176,2,0,25.59320720581068
40.0,1.0317434207577645,5,0.419974850850415,13,64.55548494374635,2,0,30.047378699234283
5.32079354152605,0.7384764967173849,10,0.7618398368282665,27,90.48591128595451,0,0,25.250300362020088
4.652439119617327,0.6524249097609751,13,0.6893300741777176,16,66.53967654460658,1,0,19.802850508967943
14.97954503343587,0.5805291931006117,13,0.906358459379501,36,77.91835122649766,2,0,28.446492777522156
4.1673367093075315,0.3578021094879808,7,0.8492609954088562,7,71.75386536784613,1,0,20.81188621721642
26.701379243993266,0.4983400748415941,8,0.42717267061991954,14,75.41178280776663,2,1,22.65812678122695
19.548391571662492,0.1854314939610258,6,0.8860259009583755,31,53.33916847342762,2,1,28.019406707677476
5.603556094421597,0.5661831091176344,10,0.852961680439783,7,68.01783589100664,0,0,26.03531400721084
13.89784716495461,0.30360924732777306,8,0.7815678851869882,12,64.01654110955381,2,0,25.87206554500597
14.04632986855017,0.2801269118064269,5,0.8168545036120551,13,54.25662485865476,1,0,22.469612553067538
2.0,0.6879259386236266,10,0.6142796319471946,27,78.875262021837,1,0,16.011330655597632
23.284456808676318,1.6070522503425722,13,0.6809977511958434,3,34.7689788970671,0,1,31.714112104800193
7.0370748975675435,1.1535240225450754,3,0.632841638845517,15,85.20431328857073,2,0,16.66650984167162
17.5133255752333,0.20202770802719094,10,0.7830387764014032,11,31.718671180379594,1,0,22.744783080855946
3.857354261645083,0.303388931098451,1,0.5930213993263583,33,62.694100089540306,0,0,15.907177618699135
22.58790514545926,1.1717985978990164,5,0.7795162628170945,38,79.11742798620126,1,1,37.47921044389322
4.929884540601712,0.304909223215436,10,0.8766026072508661,1,47.17427191765921,0,0,19.651888493426533
2.0,0.5182781534875418,13,0.9264974218109073,24,71.35609515262016,1,1,28.363873852149474
23.579072969624537,0.8913986520142333,11,0.7229533070091334,32,69.73433496242575,2,1,33.45900293636846
2.0,0.307942833607883,6,0.8440692948098234,24,69.8994794338519,1,0,18.62893976728579
3.8465363338503886,0.652961476753514,9,0.8764411181643321,4,59.76947546839813,1,1,21.82152111906057
29.969723831882856,0.2383970193864436,11,0.891250378220633,14,58.02051254773497,0,0,33.02615902889582
30.079495401039896,0.3981377011424946,8,0.37708818416527384,20,41.448120775315324,0,1,27.94141458843513
8.519972910552639,0.7586971097665975,6,0.4512580048400162,25,63.440250519693535,0,1,24.83094709798522
9.992300803905247,0.19887165472233082,4,0.8690862326710033,10,78.76266240623198,1,0,23.651342615388867
5.950146636228576,0.8255811772174414,10,0.49091225112217907,2,58.15848488282931,0,0,20.01253015302202
3.4702277874619702,0.5982500556043353,13,0.7247195720560929,42,58.90663505939766,2,1,21.622323482424054
3.9848633455038973,0.8929211213983685,6,0.7532707108975915,6,88.84492348765086,0,0,23.335953537564116
11.163235799285063,0.7094536542970258,6,0.5474262327468146,8,62.547515619066694,0,0,21.40763949767256
13.958378736630772,1.576013095898912,8,0.8500446198211979,6,70.28239644854354,2,0,26.187104857071922
15.681954162211486,0.6620972383236752,8,0.9289476036200651,39,73.03578122512175,0,1,33.749391207127026
15.588310318487418,0.4490666870428459,10,0.642627744596367,33,62.537726227876725,0,1,29.808908504975207
2.0,0.6607420562603892,7,0.6661979719341974,8,75.21884347431266,1,0,17.89705078232354
6.82049596573356,0.887194200633386,8,0.6260949204080203,1,79.84101595504565,1,1,23.90479527104755
2.0,0.6276340842191496,8,0.9260725726625956,14,78.55357088053401,0,0,27.78628629268897
7.974613156953929,0.6240119150539418,13,0.4532085358820011,14,80.230722835761,2,1,20.460821484586063
5.825552749872836,0.3710590066435338,8,0.8981284828286834,8,33.759256089657,0,0,24.435671796833468
21.866186642208014,0.3813526877971541,6,0.7281306690450112,14,47.42118600924702,0,0,28.52619611990499
4.321916194678851,0.22722292606270264,9,0.7002843329316518,9,57.28282853873506,0,0,19.432934357256457
2.0,2.0641194525267026,6,0.9672393465067416,50,53.06067829696315,1,0,23.851874962001855
2.0,0.25392806397470563,7,0.6752816368203353,23,54.198469763316695,2,0,13.932941021004595
14.334305470790937,0.3734266652285125,6,0.651242416907217,32,78.34345512585736,2,1,26.732611968491724
9.62905679748035,0.36681960697488775,12,0.6492557122712799,15,66.60371319154908,2,0,17.86770535718894
2.0,1.1347893782179326,4,0.5711633142207161,11,62.94722107205209,1,1,16.386492979924462
2.0,0.4933853462782946,7,0.9281042487473474,32,61.61656282428554,1,0,22.597042947987614
12.072084716530998,1.4526935456317944,6,0.5796187937113652,6,58.99793543220497,0,1,29.321615923249617
2.0,0.3785362503529956,10,0.6226815470348144,21,61.37099556049256,1,0,17.65178095552692
17.251858538085813,0.7373415314672683,3,0.8534003748659938,4,85.8138452029105,0,1,34.35134979393943
12.24999753130005,0.33798865901171093,7,0.6958575905956033,15,38.536661620479464,1,1,25.887570627864523
2.0,2.7226465115127523,6,0.9074769804581709,24,84.11672078832814,0,1,32.06860750985382
2.0,0.2641286739317353,7,0.6374003969908637,24,99.40515614573174,1,1,23.510203345747247
40.0,0.7534252249196133,5,0.7354447563237712,25,84.00264596450667,2,0,31.380351795873384
4.688375825522896,0.9452024105672895,10,0.8734918732533326,18,50.151000851357885,0,0,22.36607559270328
4.630552604753125,0.8103081822331504,8,0.5598682224353675,8,57.70203093661188,1,1,19.619741678490083
16.755754032826772,0.53275087732757,6,0.6900044397345729,8,80.49948500081632,1,1,29.15248413493968
29.421645379632437,0.5538427430649738,7,0.7594162390062292,37,61.270164746520884,0,0,32.53510329918906
40.0,0.6254199282780946,6,0.3930562223092876,11,57.409845661946456,1,0,23.37940472474073
13.998992301163417,0.5472216211384644,14,0.835407850991515,27,63.48529480760993,2,1,31.735554975777728
4.720209996191256,1.1909072144519228,9,0.6915228044585163,6,48.172237624992846,0,0,20.750452170967236
2.0,2.8501342576373534,7,0.8784898108069045,22,63.046128388448764,0,0,26.145883796146876
15.012425404546256,0.41055546253622827,8,0.4340278302843805,16,46.90676475238973,0,0,23.937473735776972
8.17360407561493,0.23250069011900318,8,0.9273278557800018,46,75.83710866363734,0,0,23.592377331856824
5.520331253049737,0.5701832755138903,12,0.9678192289686579,33,52.335031323790005,0,0,25.379596799241096
23.682376754780904,3.0,10,0.7477467149078258,9,65.77254079959981,2,1,32.47288550367198
2.0,0.3455658026620514,11,0.7758572182918311,18,58.33337990996604,0,1,22.37272378410171
6.7850510937295425,1.910532050637308,9,0.6043220560092664,22,70.73076016329996,2,1,23.665859011036574
2.0,1.9628363997174425,5,0.5043527887333092,22,77.33501104358736,2,1,22.00793064770445
6.323543695829263,0.41167883134633776,6,0.6529954483838022,3,69.29747913934004,2,0,18.462713053530248
2.0,0.90328980203184,8,0.37498935051202387,20,54.49527650358852,0,1,19.950447142789365
2.0,1.896248832876255,6,0.6245106721173115,5,56.55256667736614,2,1,18.393885422691024
2.0,0.4651527565225719,10,0.5827288267549846,1,100.0,0,1,18.978986820619678
10.475683864069715,0.5259725509711105,10,0.8838715570627185,11,79.22771120530183,2,1,23.636795871420816
13.705977175964728,0.403662300766073,7,0.47366287443916194,11,62.032130722085476,0,0,19.273815781921293
8.755537772028685,0.2980989765687433,8,0.8555499612683783,5,56.38758794302811,1,0,23.31273612275394
32.74720209102377,0.3850068003720947,12,0.8844629148847365,3,43.4158570482509,1,0,30.442135853123986
4.697965779202672,0.2574941733931995,8,0.5607551349783787,12,81.92350139236817,2,1,18.7919892910377
3.364691574205587,0.6211755348235838,8,0.8678061986656185,23,54.336450683533336,1,0,20.447868394641976
20.295025381702295,0.35381494324091506,12,0.8637576410385177,32,80.806029764734,2,1,35.838406258482195
2.530820677318534,0.7143731302591763,5,0.689323273788907,45,77.41197201874269,2,0,16.445132777705485
33.028701062519104,0.204103726251752,6,0.5134177173824462,24,85.29203224520766,2,1,31.677592033297973
2.0,0.7646142371909495,9,0.7744222788705671,17,76.38258584539743,1,0,20.31761340317752
35.02526922879482,1.0870529001282407,8,0.62960538208745,23,61.85236834986422,2,0,29.24521857826216
2.0,0.1502259252329347,13,0.8158661084168118,19,65.23861429735837,1,0,20.95701574553418
22.17721229160009,0.7880762726489158,5,0.6845590076058327,15,65.36803380126142,1,0,30.696859836394037
7.501432503493904,1.4324242587433358,8,0.7397180052467023,49,60.96881014244397,0,0,26.0922381078255
40.0,0.26008449679675394,4,0.6427718659393807,28,40.651734575753025,1,1,33.98312684542935
2.0,1.955802647940548,3,0.7849116845820081,25,32.674896246504446,0,0,21.595121806149027
8.071096637333488,0.8132744142818351,13,0.8938506499577115,31,76.3824390241374,2,1,28.17851828082133
34.83575221256005,0.3702753729182902,6,0.6328117197826427,34,62.286169585101945,2,0,28.48811430744404
7.40443933181044,0.5833089192280838,7,0.7237495754542694,20,79.40058771343139,0,1,26.952264247940686
9.926282903811874,0.896576945147332,10,0.7367277203000606,7,59.3069165386711,2,0,20.74828775137231
11.899012381167742,0.6396742439669921,7,0.5721555144144751,25,64.98275652793001,0,1,26.29475591268927
6.061277556769509,0.8843779121305041,8,0.8568161084408261,13,78.94293359524201,0,0,28.679843151169894
9.876741730080221,0.3183921387553108,8,0.8832610313489652,20,88.33007359212617,2,1,27.825327930072465
8.778258618057556,0.6828722883712487,7,0.8591944007662087,50,60.257311211365746,0,1,27.98510703298967
23.142327694826474,0.22546278930291855,8,0.48470546090317906,5,49.998788861195,0,0,22.44531122769398
2.0,0.5610988179212819,8,0.641689719943092,2,83.19512214413251,0,0,12.49483177841519
3.2984272589875845,0.32215085510711744,9,0.9580561823600909,18,60.69371200516823,2,1,22.051888963821188
30.03996005860931,0.3624491973272427,6,0.39008586145734564,14,57.721413124427876,2,0,22.209606013554556
22.09675828453486,1.4408961157574958,8,0.7740316679825341,27,59.00309968268641,2,0,28.100954805387076
6.0817526195962,1.3020202340569778,11,0.4834932789058378,7,54.22049104920784,2,0,19.917971376216126
9.679330287389773,0.9290401567101633,12,0.8045715176705854,10,76.60618125723083,2,0,25.146303293220253
3.2487341989513014,0.28234686807610876,7,0.8128008516367425,15,44.92655944283344,1,0,19.40050457728418
2.084041614360645,0.4860295206800454,9,0.5046377470604732,50,66.53076735969277,1,0,12.508329982121793
6.230585988040987,1.4178879283684727,6,0.6314643670967535,17,68.74563209611134,0,1,26.074689928663915
4.359535346167334,0.6697852365449507,9,0.36044207441256926,27,56.02182024745946,1,0,13.767923747318198
8.76243706006643,3.0,5,0.21581774427118203,25,88.80698677181576,2,0,16.845244726332265
2.0,0.7987737718458128,13,0.9083769322755179,26,78.4750136991599,2,1,22.489057523160163
36.64960122522567,0.6938041114637041,12,0.5867047114373919,22,58.18206541413888,2,0,24.61811524540463
40.0,0.48851674731643135,8,0.9531603802029743,3,63.40780407765006,0,1,37.31372821688575
11.978638819127895,0.6659628660669745,8,0.8328766708020697,20,78.41435792069726,0,1,34.08978283026602
7.680784344120899,0.545131142150312,5,0.880748062719686,5,66.2004063252132,0,0,25.38922333075657
3.7037930155436,0.9956854083923685,9,0.948362675480544,10,86.02367208499169,0,0,26.238961805861205
16.809071674879966,1.1849393854457166,3,0.6622767159902829,27,73.49314548723801,0,1,32.20653099872114
11.543295836488156,0.349870349769139,8,0.7993544298214433,34,68.79324915695125,0,1,32.88752960098429
2.0,0.2388634886358283,10,0.8135299722791269,8,68.66414943455791,1,0,18.446960412380502
24.183010919991276,0.16773938879908637,8,0.6724546586390879,27,100.0,2,0,28.913058617719447
17.289945113672715,0.8655362073959582,13,0.6565463061534071,5,49.72305455112614,1,0,22.642172844908927
29.917385250334362,0.28017058636019465,3,0.2702073408384345,9,48.583459263973936,0,0,21.768382097291795
12.936040041961343,0.1343880975021367,9,0.7933227756168307,7,61.378354093754815,2,0,22.395153055050436
9.504040195913728,0.7961282589143294,4,0.7067808464266742,19,86.07032496990949,2,0,26.70519547916809
5.417025065931133,3.0,12,0.7807599400582633,11,30.0,2,1,26.697306140706647
26.99018361547118,0.6039585929729033,8,0.7674418596776538,31,36.44165698812199,1,0,29.776226157441357
20.1039238004692,1.090835091738821,6,0.7872228265134795,5,59.00408026377613,2,1,29.282118289422613
2.0,0.6422873761682494,8,0.5659977928766524,27,96.80239561810512,0,0,23.55614441437266
2.0,0.5659651601188781,8,0.9111441532690546,10,65.38161023112548,0,0,24.239525358449622
4.723477615832628,1.1541377612084962,7,0.8560936776790703,16,47.5637155410642,1,0,17.64362700117366
16.63647722996086,0.49500264107033415,9,0.9810200315960151,10,77.33072660558113,1,0,28.344018449677204
40.0,0.7313776144684889,9,0.8840788981294673,27,89.92894655520914,0,0,40.66293997960263
2.0,0.7597152889721299,6,0.7153137658894247,12,55.41965239034296,1,1,16.857483639908835
9.017241302157357,0.3799698705049162,5,0.8557415291392235,3,71.81608338982127,2,0,19.905915944663327
4.794736997580961,1.2146180250336565,7,0.5377970136517785,45,67.35136077769447,1,1,21.486797043477257
35.03708554375962,0.5366163726154074,8,0.5571987044817428,19,73.58398059352479,2,0,27.366721038613637
18.459132074336345,0.3573564229491101,8,0.31147600790650565,9,58.11563999308579,2,0,16.573853482531568
18.22190046469857,0.8829884935937676,7,0.46898370793011834,16,74.42946502668235,2,0,21.65871303303662
6.324155711397736,0.3233798672256134,8,0.8589491230069525,2,77.57702078137358,2,1,25.06868346226053
5.35834936327349,0.6186143695579741,5,0.7103582634843026,33,75.71449076151154,2,0,19.480452130326658
3.193888921500612,0.6026713247237698,12,0.678156531892594,23,40.66489038757264,0,0,18.531254964877682
2.0,1.2970946724549584,7,0.9359797121447949,0,43.492045210772915,0,1,21.11476740476375
20.0042614000331,0.8455979768554398,10,0.5615912096858457,35,54.66151141797002,0,1,32.496759155809784
16.76117439249923,0.5959974615193371,5,0.6964452036709528,14,69.01231113100764,2,0,22.591041740147812
40.0,1.0751244361515881,8,0.31689079330516,42,73.38799405161312,1,1,30.03170542155601
40.0,1.6050345523787908,6,0.7913004407178587,7,49.18869680256198,1,0,34.26141783906391
8.10651592641394,0.8962527797367803,6,0.8316128822792487,32,69.86355951899517,2,1,25.034041109637627
14.652830902062608,0.6109420516593911,11,0.5128243043432883,6,79.1859366897535,1,0,21.77234569286735
28.961716828744358,0.24212882430011523,10,0.9005781663426049,7,75.02001310912135,2,0,30.556098585950473
18.947720147092458,0.2877740762518624,9,0.7647099827660235,8,58.10252656903055,1,0,25.20545428868133
2.8415244458114652,0.48984939461592963,9,0.7001274082384397,20,59.47368810707035,2,0,20.84727289503207
5.988268273998645,0.3958743003358285,9,0.8758762899380909,14,45.53647805689211,1,0,21.432159653332917
2.0,0.5321233731601424,5,0.48924995092235873,34,91.10485943625696,1,1,21.21616766168868
30.802237864417087,0.6310658570377631,11,0.7546466653354349,27,72.1104429223896,0,1,33.362330332317505
9.318477025886182,0.8787849432279884,7,0.49790227526313324,26,40.81649301335096,1,0,17.142166214497788
2.596037254184837,0.577325443484386,6,0.5293955659526062,18,83.39969197578677,1,0,15.074587558483946
11.138295391732502,0.8526135780439367,5,0.6006254437621146,26,74.87822830595667,2,0,19.742645263899163
9.626704347430717,0.6345317779483353,10,0.7715511147499406,33,82.91441855330092,1,0,26.918381676581344
4.434204622971061,0.1521594041026416,8,0.6457404918689769,8,56.62091706742625,1,1,21.855744392244134
2.0,0.3142599480047519,10,0.8405957475142632,10,58.71461622739556,1,0,19.178517891506818
11.134412835191021,0.5483391541669232,9,0.7102924534878577,30,52.81029416166423,1,0,22.835206296782765
7.3461042418603775,0.26007471600772253,10,0.7840070586870311,15,96.75772309984659,1,0,23.255972265181285
14.79807080960515,0.9230702941815372,9,0.3742254694326301,16,57.485141047850846,0,0,24.70046271406736
7.343098604235151,1.7709667477326239,9,0.7104587756464436,17,50.671822854504605,1,0,27.174660138780812
19.11770111308484,1.4235208806948023,11,0.6485525544833456,14,55.29570418822969,2,0,25.211189083599077
8.027541190214876,0.5223538696079314,10,0.9176921432856489,15,60.122611490361884,2,0,24.760255032060194
8.231145809801472,1.722037694629956,7,0.7290380332252123,22,88.33930586100213,1,0,27.24815869913149
20.927586432297716,0.6730519369959382,9,0.7973085713388711,15,69.15258722195361,1,0,30.809971579103337
5.1664731398811705,0.4790452684956799,9,0.790978254809201,18,83.50326046053603,1,0,20.71406089324145
2.0,0.3947976734284068,2,0.802442875824406,4,69.27956008232472,0,0,19.09467158988086
2.0,0.4907949867998949,11,0.9329319115025211,20,62.29646442475263,2,1,22.978656029960828
14.070574526625856,0.4622156263970854,9,0.7803526867674835,13,49.36231194302618,0,0,28.894541107992826
9.683989670606795,0.683376966366429,5,0.8489424391620808,12,88.91042709600897,0,1,30.200608937279185
12.176653477978764,0.6786849751106856,2,0.8152479001223071,10,79.86442418588979,1,0,22.436061028041394
2.3948149349344345,0.6078252926686772,6,0.9090269067973765,50,81.22922266569873,1,0,22.450167945153595
2.0,0.8235398980483876,6,0.8835986736622199,19,78.87746439326918,2,0,22.206037691868374
2.0,1.3957785952215107,6,0.9640999253640395,28,54.34828242972953,1,0,19.649233507361007
4.316872615150692,1.1790250814328846,8,0.5713500416467084,25,68.97510903852586,2,1,18.37657129884585
8.913973756649446,0.2145036385298236,7,0.7551155128742935,16,81.30294749111873,0,0,25.91518294077673
4.979818675611507,0.10149509625445663,7,0.6127615697387245,34,79.16505282195064,2,0,17.03669707190598
5.753195628284312,1.1665188104169322,6,0.8808762402001264,34,67.34887258079686,2,1,27.480117091579853
23.450615229814417,0.23297710573532796,8,0.9910766876704035,30,94.62480235311378,2,0,29.8095830801202
4.2810261442511175,0.5182301754205986,9,0.7520362746936892,16,72.99466048847711,0,0,22.419796953456466
7.215250280723211,0.26738141529571385,8,0.582764459604713,9,84.82988004804105,0,0,24.52597691871921
15.308717377197016,0.1718065221888419,7,0.8173569855270895,19,68.00217549560723,1,0,23.934742328000745
5.050801312991798,0.8860551446907143,12,0.7408895278008506,22,59.42508449473532,1,0,24.613349268761976
9.730904753530854,1.0319070675819313,8,0.8599730986935499,23,79.53774481043402,2,0,23.518242110332224
19.831406436843068,0.4051259467829802,6,0.5651213973244142,16,76.00277693706825,2,1,27.95615261941786
29.86190415374668,0.1,9,0.9347728723460168,9,70.19696341821522,0,1,36.3894621780522
2.0,0.4138005792765247,7,0.9044811996636429,1,52.308006371763526,0,0,17.50466232300606
26.116627630420787,0.7979277725495323,8,0.6712939008909176,7,80.16441778791734,0,0,30.515105301913103
6.775027809955306,0.21540439767669992,9,0.7235886560107027,5,53.09807795553263,2,0,18.161359548697572
2.9873545435139577,0.6895968992054434,7,0.6326814108718563,20,76.66034644377676,2,0,17.000745303036695
6.145869673706975,0.600065241153686,7,0.7885635356017451,24,48.54521461866953,0,0,25.674904178738032
39.13653097580592,0.9098314191817574,6,0.5544290782455231,0,52.29429771247081,2,1,31.418180662849423
6.784912926673598,0.6594865230670311,7,0.8371188128259793,35,69.3813562697729,0,1,27.164122235954938
3.9861603210049976,0.3069261056373494,10,0.5766532596434365,8,73.68448389626391,1,0,14.704931598892045
10.034862739576596,1.401579831072276,10,0.7385605152218693,8,68.2503137220799,0,0,24.515623270657713
2.7462846771560296,0.5428236936842107,7,0.8949007063369337,22,57.09259647055396,2,0,17.211053851220676
2.0,0.5950480159261504,10,0.3355739430002488,9,81.69815487566326,2,0,13.525033539101726
2.0,0.3155975126586392,6,0.7098525398650009,6,67.08237135712008,2,0,15.820048601620709
2.0,0.4447257069072914,8,0.4631729196166045,36,67.90062815851799,2,0,11.7001212480991
2.0,0.3264880602592038,7,0.7325841018868765,37,62.63729018314873,0,0,20.092664389533745
2.0,0.5373733138377392,7,0.8674740782446057,3,54.15930697421324,0,0,23.045519793955304
10.240840510758066,2.0101230439635684,8,0.9141730953663588,15,81.90015019145193,1,0,33.83896351344256
2.0074635703448163,0.2321594636632665,9,0.8808416019216067,38,55.359270168346036,0,1,25.11014409313521
4.241393157948052,0.1960289398189314,9,0.7212203091308733,8,90.46118339657878,1,0,15.15251966036311
22.709741251283578,1.6986252191005595,10,0.7887059594719966,2,52.62526787492546,0,0,31.669065741891053
6.423811416465936,0.5238622169409526,7,0.8148025778938053,47,69.84398322257515,0,0,27.809496588824533
11.012890836523805,0.3797086932104358,4,0.8848289106188442,50,66.04321755054268,2,0,25.10759409127785
2.0,1.2560015236937698,6,0.6528892859161991,9,63.310699239063055,1,1,22.209503122629233
2.1355098099509506,0.3969555863147565,7,0.7502571704281834,11,75.2288450482609,2,0,17.445583985460775
2.0,2.177563953544368,6,0.5276983011166324,6,76.84678618793848,2,1,16.351708024358164
2.0,0.9748692787376189,10,0.7280018741587652,33,73.03946613863748,0,0,20.593198924772864
3.2654811863114555,0.4310470691390303,7,0.9000195753380142,18,49.041726324801445,0,0,21.863877853952975
2.0,2.74591883476699,15,0.722747649744625,18,47.430431066825875,1,0,23.122419677378623
2.0,0.3969279717553473,5,0.6365643354193868,40,46.527977443569725,1,1,17.123044086418005
2.0,1.0196574732974508,5,0.6103241496633343,18,61.33871542162172,0,0,19.94036439465262
6.176293433653791,0.7478931238906589,6,0.565823884406662,48,96.73014828743275,1,1,26.14538112819017
2.310922063450966,1.508655569009679,8,0.43853094012611404,5,64.2623932359417,0,0,20.235419629952794
4.5298111551091855,1.809513161784741,13,0.32939486079772184,21,96.51374208852368,0,0,21.511590651158063
7.000051847143304,0.620272056951251,8,0.7323339176147939,31,64.49893728495682,0,0,21.068034220094855
11.724574340125422,0.35793906762140093,6,0.4771531153624483,30,67.39982476837805,1,0,21.85869129821668
2.0,0.8369261033186568,13,0.6283521860876716,5,73.93657994916055,2,0,19.708435196020464
16.064942438261195,0.37741845048827866,5,0.8219217117146763,11,60.634710241354234,1,0,27.668177859947928
9.885936903672963,2.482760567766692,7,0.6338222352997914,10,68.40933324268195,2,0,21.193205132816935
2.0,0.667360253791329,6,0.7594643607288729,5,39.45724158566102,1,1,16.923210614737467
20.681346984880907,0.4696699401763494,6,0.4189561957376663,35,51.66333925899496,2,1,21.37602953215267
25.36693546378928,0.6902345677544282,7,0.951930194516914,43,39.77278319200462,2,1,36.56083513660953
2.0,0.23622078002988098,8,0.8397959847554523,29,75.87859775744403,1,0,19.63563767440386
3.2417684312865083,0.3072388481268932,6,0.5844546682784347,50,44.54984588892013,1,1,17.52813243401785
16.409351832266424,1.405354712818108,9,0.6678212677467289,25,86.17508095783015,2,1,29.516618507907946
13.793572402143084,0.3829595169414181,7,0.8168868572010393,22,70.34033755379417,0,0,27.972258726265853
2.039796320618005,0.29146431830312514,6,0.6490474240380677,10,79.3911499528564,2,0,18.183757226438065
2.3489903118153324,0.8830768288872517,6,0.5435430545298449,11,55.300165496085604,2,0,11.348044362491372
4.6278511002436975,1.3909582641201426,6,0.8693580347147617,2,48.147924214693745,0,0,25.68117096153474
6.6266256466861435,1.0032726609653089,5,0.9044671057201579,8,59.78414657703545,2,1,25.422449861375707
9.63001834058552,1.2180282710537091,7,0.5707800344737304,12,80.96275929392931,0,1,30.55132687692852
4.603125630003512,0.35709388020944866,4,0.509292332067409,0,96.72577523213303,0,1,24.77148609901832
6.208911092209176,0.22418863371240585,12,0.5526355321827024,24,72.62547566200253,1,0,19.03174098921862
13.762289403898425,1.7348718627849569,6,0.894535085337237,31,45.26499510618657,2,0,25.896169771964722
2.0,0.48390054099729374,10,0.723512601833525,48,50.42152534339232,2,0,15.911987091866015
2.909366218823972,0.5088596121785747,4,0.9241661135763425,19,42.675118797221934,0,0,22.019379313411658
12.494918749560258,1.5368515863580408,8,0.6526702460904215,14,63.06245355253274,2,1,22.689727122674537
22.557667543306135,0.8952618860303053,2,0.42841769025403476,19,60.8414495217983,0,0,29.022549860873532
7.167791122084008,0.8345366990604767,6,0.7342994071768247,5,62.95084019798598,2,1,23.090644532081306
7.5952950235306895,2.7607479556257806,9,0.6807242231279077,36,48.89868586581623,2,0,20.005463644447364
2.0,0.386562096092354,6,0.724205489636209,17,47.39593850500731,0,1,17.244638079823318
5.9314324608355085,1.1612396399670597,10,0.9461901185834073,37,66.41173120248845,0,0,23.990621447870424
7.6060679905529,0.6312263196183853,6,0.5200718648159162,50,72.26616321803318,2,1,23.16342736938525
2.7769280326065333,0.73199221172621,8,0.7331526251772982,39,47.22739909287472,2,1,18.54502091293444
3.1367461187854384,1.7681395613032431,3,0.8454093037983681,29,72.10572539808389,0,1,27.792917695122444
4.73664984802472,0.8654419561231455,5,0.5883864805697101,30,79.20154319010402,1,1,24.41963308186742
2.0,0.8840932418815477,11,0.7366203925088805,50,30.038408269614223,1,1,19.435643587781996
3.8872476125613575,1.2849953968422816,9,0.7743739564558879,12,88.6352284583794,2,0,22.721537909603292
2.3755693562362987,0.469791212979294,7,0.7725430712024801,10,75.53306470883919,2,1,20.633821810017054
3.9674923023198265,0.3370760295380687,8,0.8500554523570643,21,79.34193561939885,2,1,23.312226046116525
2.0,0.2918934513866722,4,0.8914377119068048,14,49.68677447012736,0,0,17.472179818695405
22.120798999430246,0.15313282260879926,12,0.8624152084124316,8,76.80723574844805,2,1,28.75624212321159
9.003988138795599,2.5583051563967834,11,0.6765402115563841,7,78.53114366647647,2,0,25.22300132522402
11.366329578930316,0.2802016221032447,6,0.5742624461591597,4,55.22680134535677,2,0,15.9180920077051
15.567090323777911,0.5195056791701393,9,0.950870705356666,8,76.6981179264619,1,0,31.864530967931213
6.900364218488852,0.4996890320600234,14,0.7791414423438687,50,62.9276056570404,2,0,26.101916636244468
2.0,0.7521531555050303,8,0.2834341452949869,22,55.73738307645292,2,0,10.831967482839495
7.702583632948226,1.073598455672846,8,0.7708551236370124,12,62.05328763431434,0,0,28.54344734362745
8.839230578713735,1.1077505657882867,6,0.8478384682817297,9,67.52409471978788,1,0,26.87415913130225
13.682166488084093,0.40326788654178075,8,0.8481269228082173,21,60.46095464856617,0,1,30.267958998732496
5.6503464938298205,0.5395686798259454,6,0.795296431280479,9,53.12320796051331,2,0,19.064713856911894
2.0,0.7391946215977591,11,0.5605728447852504,4,70.89431094760162,2,0,17.740653260350847
3.337621802617039,0.5096231294321258,5,0.7965134737416021,20,73.39667742179938,2,0,17.992628283267376
4.511148254746234,1.8685110863489924,12,0.7319078338822318,38,67.19031675566659,2,0,19.791401033422044
10.382246116218617,0.855287564492127,9,0.45753220442002296,5,40.73668203604508,2,0,13.354432127680752
8.457817212014195,1.0145188393903541,11,0.517576593544419,4,56.231128315174686,0,0,20.602690779084806
4.402067596518061,0.9646565845307743,6,0.8633050258675169,6,52.33864908507313,2,1,20.35971328089302
40.0,1.3791008105546407,9,0.6364380902351305,21,90.96647540159033,2,0,36.715808914567404
9.308330084672093,0.688469053932785,9,0.537577057784535,22,66.76841109145013,1,1,24.411024654417453
2.7079452875679992,0.2446853049740528,9,0.8796690557807337,12,60.79657726851865,1,1,24.770885153542288
2.0,0.8023435198974365,9,0.7897896841348472,13,56.619226192190204,2,1,19.344267413472913
2.0,0.38444681363380906,7,0.6844939659580775,17,63.12716139338741,2,0,12.707331641549391
2.8230684939514097,0.41893827823541624,5,0.42521696549494004,11,76.2730013172999,2,0,9.965649551409724
2.0,0.9143469477128363,2,0.7340180723934185,14,37.55144208254907,2,0,12.734744018840907
2.064917454545804,1.4431065986528275,9,0.7615917770162506,28,68.45247983010799,2,0,19.911006810649372
3.3560584821544652,0.6156295376476364,6,0.7518684339204483,11,57.431066618764326,2,0,18.057137557743054
2.0,0.7529044955381641,7,0.8925299775255157,2,71.46005179026052,0,1,26.362801280979028
22.707514493559152,1.9968091095256038,4,0.9318212745943936,4,76.98652196032833,0,0,32.294995522803696
2.0,0.717865700305243,9,0.8819758907431083,21,54.56719774694893,0,0,22.34835936054604
7.434123501127027,3.0,8,0.9335130698795188,26,44.46196999873263,1,0,25.508581388768697
5.283055564893023,0.9010962078937343,10,0.6569280959476177,40,60.43398589822249,2,1,22.81120912152688
40.0,0.17683575210930083,9,0.6374026442476332,10,84.30602267571759,1,1,35.60450717573707
2.0,1.0277162779969393,9,0.7866627694290484,19,77.53485876773406,1,0,18.85326412223971
5.072579937424305,0.7920037672247988,2,0.6715157173093244,16,59.335657676040434,1,0,21.587260036977206
34.89059664126715,1.4960479450335065,6,0.6461900438448305,43,55.47741313566614,0,0,38.76720171069889
20.062440619681546,0.9716369484577154,7,0.8975886098386366,50,56.60975780293524,2,1,33.67630454252853
16.986630340361796,0.5505050283068981,7,0.9600475591533955,23,45.53561694228762,2,1,29.239159585530984
2.9827508353350463,0.2574296589292732,9,0.7414924072609239,4,76.77161045790362,1,0,17.838663986878903
2.0,0.5239723935571349,6,0.7616987199213234,50,79.51124526792036,0,0,22.10027143680104
11.045595986817835,0.33441775036459587,6,0.9265240623912733,20,59.19293635024127,1,1,27.493228518903514
26.503850949599553,0.4039894905443994,10,0.5380339932881516,44,57.489779002866925,1,0,26.95027651105855
8.136504219047422,0.9157653484810769,10,0.7095163868036807,10,54.52589305652942,2,1,20.716403374612234
8.477275614585865,1.9521535602273559,12,0.6550292212012303,50,58.24451878384347,0,0,22.961313069191924
3.284750308106508,0.7995310352609328,8,0.5292291546433742,21,53.97239657189931,2,0,14.771165499931001
14.674737584120885,0.26260135861419664,5,0.6665703239145415,32,62.671941306998626,1,0,24.08535953248958
2.0707798214607083,0.8279701862033736,8,0.6385163895030174,8,76.79594529573703,2,0,14.76386961100121
3.910878131192326,1.4016386839257002,8,0.856867982785798,12,75.25038235245553,1,1,24.425429532919203
5.541445500698305,0.3957992926229553,8,0.6963309008355172,8,52.4196388318473,0,1,24.26628472111489
7.084849626446985,0.5522182023664645,14,0.8401325803377151,23,67.27714570723268,2,0,20.318139997830176
2.7761258356960585,0.6127990176003908,2,0.8986192341515689,4,74.69226634034187,2,0,18.859331530496753
2.0,0.3501376839435288,7,0.6979982282433455,28,50.903175374976435,2,0,18.093882504677858
9.431996574293565,0.9548474434798353,7,0.5292428519136114,5,67.12125458856504,2,1,22.605223844113667
3.4056336843654176,0.5572932457773717,5,0.7953635945757234,4,83.20468781294716,2,0,16.03457302181321
8.704530682924435,0.8135667610369236,7,0.793549266628631,23,61.326649024258415,0,0,23.75743272642754
2.0,0.3258739840103428,8,0.5471959243259111,14,34.73146585306935,0,0,14.824825128897714
6.561213780285275,0.4465424500759003,8,0.7049693484672686,40,30.0,2,0,14.352551853997827
7.605472481290779,1.0056830380180464,12,0.7053988993227895,26,69.66219104074932,1,1,22.801890134013956
2.0,0.4672068403270886,4,0.845005007131791,16,66.59774864485863,1,1,23.781952868801064
4.103836013804233,2.0317036872177474,6,0.8041420131398591,24,67.81602222905799,2,0,22.618983656290332
2.0,0.4585227684627552,8,0.6301357301210946,41,72.33931210774713,2,1,19.665475134618795
2.0,0.7098364468915517,9,0.6814530540500372,31,42.808200003653866,0,0,19.26738590044892
40.0,1.1651077620005885,6,0.808747271410476,11,52.89782069477546,0,1,38.91405975799515
3.8913002251942026,0.22472990658000871,11,0.6560965986291634,9,71.34595161686975,2,0,14.686854122330958
16.600706137698985,0.176830051551029,6,0.9033411528416878,6,76.03795615642903,2,0,26.891549767844527
2.938888342934014,0.20847014859511848,9,0.8690520344040337,23,61.14672156344352,1,0,23.338393931831444
11.441413510203516,1.4678648653796338,12,0.920693688214865,17,43.51583771401977,0,0,28.467161775922836
14.280662228282086,0.4121777040459366,7,0.8664526177936354,4,70.0994568613537,2,0,22.340080212354216
9.054465941691397,3.0,14,0.8488210777599875,9,65.76701249934325,0,1,31.419477210914664
6.378566440452717,0.40861850082104056,6,0.8276223851223785,24,49.12627060208119,2,1,20.98003086260561
5.307578135053777,0.6901722410980891,9,0.5299446183092652,31,35.245488609704395,2,0,14.93142516735177
4.290433017039748,1.785104517604955,8,0.975050152952193,14,73.56877547969927,2,1,23.30494532152937
26.52556048220781,2.4701157742598157,10,0.40844303034385715,38,55.738213834915925,2,0,26.6694260706106
17.75607071141798,2.5678077097556637,9,0.5850738185404597,31,67.80046946891339,1,0,29.659077618977662
33.53176389415692,1.4131996112461815,5,0.8240691581776993,4,67.24339396455758,2,0,27.756960478805293
2.0,1.2421500234795442,7,0.8349294259648434,25,47.79607231496853,1,1,21.180393769959643
13.125513634605074,0.9183000080842437,10,0.7049167719478794,25,71.26796039299161,1,0,26.344046608652985
27.861272652612406,1.0458738471148648,6,0.6357558885975167,21,52.10318537042757,2,0,26.249125788515077
2.0,0.4123717620456218,7,0.597095372732995,13,42.56926726326911,0,0,17.045618645993173
2.0,0.34207022785464813,8,0.8170549230718058,8,40.647822878657145,0,0,18.36703099659971
13.513931531886222,0.6050996521681644,6,0.9117610850256577,33,64.95144693899526,2,1,31.85187005412181
8.544271441986698,0.5384130643721388,5,0.7178762566543871,7,88.91153480013969,2,0,20.9629914804164
18.44077141321478,0.441640253449367,7,0.6531032123056374,5,65.61532634365194,2,0,20.645642008623582
2.0,0.9875493717178986,4,0.8760246314989284,10,91.74737677375443,0,0,22.613487995418534
15.860501110318681,1.1837811099284183,12,0.8045522912043375,13,86.73232726680881,0,0,33.53968112897278
2.2517977306702295,0.645251458774917,12,0.7153867744512356,7,72.74428846111061,2,1,19.69262053918012
2.0,1.706204062887148,9,0.8711297384557606,22,88.61736950697792,0,0,27.774750485607342
2.0,0.2727547116266136,7,0.929404494680208,13,86.92057981261419,1,1,26.16573898048152
16.851032825640086,0.5296379487160795,5,0.8398711335752304,15,82.68043977078894,0,0,27.008831318639796
10.942136390159689,0.3672268050411574,5,0.8552017025487337,15,36.735049715707326,0,1,25.77383648681034
7.403759563460444,0.1642155094245011,7,0.5638660804271105,34,61.44884228522114,2,1,17.834570196651214
4.444614016780681,0.5724233264678641,6,0.739826771198797,8,54.59454924366949,1,1,20.49458755903962
20.972026672943326,0.5569814985421924,7,0.6171117463021586,7,82.56695669622084,2,1,26.867787046298236
4.98312749697445,1.7496483419217557,9,0.9753850105143022,4,60.391242672989286,0,0,29.24655606216572
16.960826628480696,0.9432425477187465,8,0.7282951895660614,10,91.28464954566348,1,1,34.162526470934175
5.782748811138804,0.29613768611059754,6,0.8778278913259687,24,66.52343498287107,2,1,23.52843545315235
4.731195658177371,2.2207940151821024,9,0.9283609823191072,5,64.58071804627126,0,1,29.93149035301485
6.2116105989960255,1.4257864936977618,8,0.7526285988372693,15,59.320284996499474,1,0,21.569084340089287
3.5864527543064204,0.9116203964017973,5,0.5106219982903101,10,62.23077797741383,2,1,17.5901414290493
13.767773129369393,0.5176070738807897,9,0.8410448122824137,27,69.03117079148014,1,0,27.834583952139905
6.98602815695596,0.3098684378219265,6,0.8133670768284524,8,64.00882350364536,0,0,25.506767901911186
2.6424253099706525,0.46741173825695453,8,0.5377092201110724,13,58.02695045639723,2,0,14.679064914028647
22.983398495505835,1.2996877376320721,6,0.8591976809036127,11,58.915610530906925,0,1,31.270644024250153
4.843317423587113,2.268707790578417,7,0.9201085300930499,39,92.31529659882781,1,0,28.522903247298242
7.8428238217776345,1.7865215655240563,8,0.6842948679423844,41,94.96267555238308,0,0,31.60870599774485
23.694956087096266,0.43076413241726563,5,0.2962756661989057,15,57.93803765438194,1,0,20.22038834731013
9.787993038573306,0.27700154275371613,8,0.7890601155519469,29,77.73455444202925,2,0,25.210760376775195
2.0,0.6693958919334247,5,0.6186638336327663,17,52.5828668081285,0,1,20.183700286228966
28.106166839322093,0.17588805175533884,9,0.311416800886825,5,60.09755981725075,2,1,22.733708482044296
9.880769289348262,0.7604973893693107,11,0.49106323029861276,28,48.6872897957348,2,0,15.374387306937066
4.078263155513094,0.5469916124489519,8,0.5988009775599576,19,80.29750718577132,2,0,15.133910629642475
2.0,0.43769824197164015,6,0.6704070758414946,11,72.26784534418445,2,0,16.692917296315944
15.800013956802669,0.19863384040725082,11,0.7783868526066635,9,75.13170944651884,0,0,29.81407299108467
9.677755075628523,0.8689411084018239,7,0.8516959928843797,16,78.32386098556192,0,0,28.821985511107123
7.624138580490282,0.41774228161506555,10,0.856687881833533,13,51.95584494884021,2,0,18.298112879982856
22.433033305364454,0.26741813817453364,8,0.7291188758014209,10,60.13373146766007,2,0,24.793367843677654
15.539900136960721,0.1,9,0.5547108267341523,13,71.67848544347751,1,0,24.761600387106686
2.0,0.5949603980591011,7,0.8361165034563824,25,59.81649320959029,2,1,24.30749693307055
3.735625513958005,2.0971433678764027,7,0.5815296978656923,12,66.04137701134533,1,0,19.246565363329942
2.8566961854883792,1.9403753819027796,12,0.7349269069176877,6,53.004166168835546,1,0,16.95716961306984
13.623680618684116,0.44044602179249764,3,0.9072606389416729,15,84.94596187130628,2,0,28.39513169066033
2.0,0.3979024348753314,6,0.94455179187245,4,79.07796102781796,0,1,25.5131926764816
8.43713556386143,0.8420987252288962,9,0.9327093335063262,44,83.55616919748245,1,0,30.48033838158758
14.374137158597788,0.30153481180756914,8,0.5408097942775864,10,74.88680711253271,0,0,24.81347430863956
20.93667344385938,0.7492027258087023,8,0.6684198973490791,2,48.591861720796445,2,0,20.839748229614706
4.1867459354509275,1.0369214664237862,7,0.9609013812923655,13,57.80709440025011,2,1,24.947774882674686
17.21807963541003,1.43168669575315,9,0.7314439404171914,9,54.474012742736825,2,1,30.5998663912686
2.0,0.5654644480703808,11,0.8975532593287934,24,61.140876647855706,2,1,21.60654638965747
18.737439572116877,0.5259381676639512,8,0.4157215861645908,10,80.86645543505874,1,0,20.957650125114583
2.0,0.32805046991938347,7,0.8970035983056299,12,42.90858750653531,1,1,18.07038463235553
5.0631463120986435,0.3399977606123443,8,0.6220737462812235,5,56.245408603622415,0,1,20.527745649253372
15.960053633264899,0.5176089604915212,15,0.8237905532464201,15,59.08270985626356,0,0,28.235412534492173
2.0,0.7843937557547425,14,0.816298423544181,17,45.289750046296845,1,1,23.553019340035018
2.6039302244475095,1.149709427102348,10,0.734219181217434,14,68.07137382235025,2,0,16.119189244142177
12.810430976449055,0.345685711331426,6,0.7907686170368172,10,59.870310210238124,0,0,29.416160350372138
12.730961719916946,1.7244048876132172,13,0.7190378145759477,3,81.67725238347579,1,1,27.479616752375957
10.248442087373908,0.501683156589307,4,0.6972648957188785,41,60.873148994922246,0,0,29.89765482359399
11.84001709087617,0.5975262243321856,4,0.565401800375331,16,71.88413237453818,1,0,25.73675573857902
7.824691011956382,0.3594974570561064,7,0.5605908478341277,6,66.72478052565914,2,0,17.008904489812164
2.9008369925940993,0.1111396031130228,10,0.7049982726797113,49,30.0,1,1,15.42976454676106
4.241831937932634,1.1261804534081148,13,0.6703683583875583,16,43.47281610694968,0,0,21.04596581611047
2.0040127451653182,1.015916060336993,6,0.7855343423894696,26,70.75310703436533,1,0,19.931181396244938
23.908761393236517,0.4981125168723938,10,0.6991140667582462,25,70.06942724920067,0,0,28.295200056443097
8.756090546365986,0.6356504345580859,5,0.9212125031271361,5,63.96995218248588,0,1,30.456108277238776
5.122456594790224,0.8703650587312637,11,0.5727018898876163,12,84.95199961906765,0,1,23.904728142999517
6.199075063211633,0.20315580138209077,6,0.6788384875739505,2,72.64962111062594,2,0,15.454475281597633
29.42823736997211,0.41881043907329535,8,0.8469592296480148,13,88.55443269982462,2,0,30.875525245996478
2.0,1.0575821115029926,4,0.6613797332358573,31,30.0,1,0,14.71045379597702
8.824446091085541,0.2520815591989374,8,0.8927804431278228,5,91.01222036276656,1,0,29.80541833777483
7.049944407931773,0.7448969089072094,9,0.6842547689705599,34,55.892705505464335,0,1,25.56515281648524
9.453443180030728,0.2346624305622673,11,0.8159175613065924,14,65.37295449129866,2,0,22.50495523887879
2.0,0.8407179815415374,8,0.8113036103572016,7,82.8015785597801,1,0,21.09669066689932
20.566935225406965,0.5915855122112391,8,0.8406134995847657,4,33.27852655321718,1,0,26.682175870752697
26.89988536691252,0.19581356505368905,9,0.91902580454732,27,61.19999387769884,2,0,30.390186807669973
8.327154639433976,1.3706945033187319,13,0.3315653429090151,50,80.13223032565843,0,0,24.398096704587143
11.928707405259582,0.36268735248511347,10,0.8056178512230348,30,55.744253177596256,1,0,25.36344603378301
25.574693578456262,0.34397829968482496,9,0.8500354469781622,6,78.7061111125525,0,1,36.20780413523433
12.283974533925182,0.6979543622604788,8,0.9365125581053833,17,75.14572579555693,2,0,26.84687784423252
2.0,1.3553315958812193,7,0.38585659954894974,18,67.53750312242796,2,0,12.53427182023186
8.587021498525601,0.29787680818965245,12,0.5884547166653314,21,73.98349414581149,1,0,19.1296842303046
9.33220857034015,0.6332917230468541,2,0.7549827527306839,4,84.41949955610194,1,1,26.796716318974937
5.518745039228211,0.8188712185762274,6,0.4507373293119646,50,74.03751454713301,2,0,17.35715658723279
13.334903038833922,0.9852832901807552,6,0.8062385463109943,22,78.93693293797335,0,1,33.95926473708186
27.236768857624746,0.6862653549142781,6,0.57110762154378,4,51.78059399464988,0,1,30.854643579607036
25.978762130541174,0.4691093006045551,13,0.5904641706829445,4,73.72990706625761,2,1,27.35317229200551
5.9936429630361765,0.3398288554407273,6,0.4957065690300538,9,72.34047477913157,1,0,17.219216010740656
2.0,0.6442301236364025,6,0.894159921565148,14,81.85839935256874,2,0,18.86391047092468
40.0,0.2863623510436434,9,0.6378387695422875,31,47.63006544958664,1,0,30.721967038623934
18.25718110818443,0.1,8,0.4800236708656472,20,81.10415442868486,0,0,24.699608833764913
2.0,0.8233218075201156,14,0.5337043409670176,13,51.812540818452405,1,1,18.4153257306103
25.36307940963276,1.1419694833430258,6,0.9382911613314328,26,100.0,0,0,40.267683255384654
20.394239312268635,0.1160130371601562,4,0.8023559043327603,18,51.67292049995113,2,0,23.01443757800413
7.315513859686492,0.29914960088903647,9,0.828317620429673,10,47.498393106445235,1,0,22.460127464155978
8.94713786829075,0.9355768226456008,7,0.5339672564128687,21,60.64242259191844,0,1,25.717746406880305
5.091648434090136,2.560613373455298,8,0.6767332142588833,5,80.72547328453135,1,0,27.424757995485734
2.0,0.6154236388707791,8,0.40588737270244424,8,70.32571507182641,0,0,14.964660635987515
4.082648863007411,0.36436394612948575,10,0.644641177402261,22,90.19252763823788,0,0,23.85613604206893
16.238079110661786,0.533643370426529,6,0.8268214817920421,28,60.49255151562289,2,1,28.5166246750682
2.0,1.5879017543983416,4,0.7274740252826302,13,57.65049571291195,2,0,14.258022402727654
4.057138965901687,0.38590080462216997,10,0.6372533137313041,13,53.98316763792756,1,0,16.242873500736106
5.077780948546781,0.3466518195492926,10,0.7237322853962022,26,57.10539146487638,0,0,23.70740334240685
7.708830241238818,0.43260921445034134,5,0.6034944261366243,3,44.04178631113114,2,1,17.418897072434135
25.239254761530418,0.31119672024836764,7,0.7127865401341429,18,55.267679546723066,1,0,23.05703123546528
4.251771108907901,0.6609145120046337,8,0.7398955521309402,27,46.84276115087137,2,1,20.537955222636057
4.261064859584953,1.8913198542461473,4,0.5694173853840242,9,75.78455058983157,1,1,20.892557625198204
13.375089516655656,0.7604503093853278,7,0.9268173038704269,50,87.20291778858805,2,0,29.126182978817113
6.018777734923394,0.5083183006751167,12,0.6719108165957937,6,68.32459482333981,2,0,21.148849269429345
2.5438247370272538,0.49447044940399837,8,0.9316672017054632,3,54.89150677386141,0,0,23.26922438362474
6.022823505761551,0.2030641040914794,6,0.7823684826021733,31,76.16413739919095,0,0,27.560616269134023
2.0,1.1254431216367289,5,0.8886508067321927,24,64.41110474187127,2,0,18.7065443249576
2.0,0.5743673884118115,8,0.3544472410283583,3,80.22271592220622,0,0,14.337090962732235
6.898880428028177,0.5345468290637176,9,0.5090693382255659,46,50.81858203783489,2,0,14.19997116637522
5.42876216256007,3.0,4,0.8006279619431667,16,51.85995664694446,1,0,22.695260279083385
24.632927352528128,0.7476106453441068,9,0.795125208625243,43,75.89238682363344,2,1,31.058790798491778
4.500345830397283,0.3583469115650829,6,0.9694372051757223,5,64.69599675293554,2,1,20.912115363999632
8.68902383785272,0.45002582123404067,11,0.7363790528272454,19,78.90315049191356,1,0,26.667475850602223
10.00390772517848,1.355149792832772,9,0.6414172464557362,50,52.12213859863303,1,0,19.494307908066723
2.0,0.6565800142478948,8,0.5958594034162387,39,71.50478996238864,0,1,25.36246186905921
10.89268197035989,0.2216192222596168,8,0.5203271634561266,11,73.197309186166,1,1,25.67062703448125
2.0,1.1542609328742504,7,0.831615851018008,23,41.94318165958597,0,1,25.440480679941473
32.45998272272426,0.3799556058194925,7,0.7984955485978293,28,64.94868273297526,2,0,27.82455177699086
2.0,2.250851172013924,7,0.6066114697110454,50,34.75712265466203,1,0,14.459175421091457
5.355011145366069,1.291796190983491,7,0.6678616500637351,9,87.04780082851366,2,0,19.494528847621286
2.0,0.4434699096661778,12,0.8455929698848933,23,45.23597842268858,0,0,21.8594810820302
40.0,1.4869268201910262,11,0.9889926773968444,18,62.166614355958785,1,0,38.717811137300224
6.975468656582261,0.6360353454172379,7,0.7986835158474128,11,64.92647784604287,0,0,22.710959977226228
9.048193240889457,1.1017959966490072,4,0.532776665072498,19,50.567974163256984,0,0,24.24708971966739
2.0,0.8515585434766135,14,0.8420748936589184,15,92.73807023703685,1,1,29.290235167855347
13.86136255215999,0.33539388608246967,10,0.7613982461491059,12,54.62457765085543,1,0,23.66381597674959
2.356028382502632,0.38655354490914473,11,0.8049444759818123,18,60.95310229689084,0,0,21.378699268457787
22.833148568116304,1.247289219828869,5,0.8152170630244189,17,54.65752534689566,1,1,30.000933782775196
2.2958882816083332,0.4798207259373591,13,0.851431328097183,12,54.530125691925974,0,1,23.514382427775292
2.1157042980881586,0.4572367707791252,8,0.33347911279877074,28,63.3652815295116,2,0,11.483673979164356
2.0,0.31080617097788754,5,0.7966976287571572,17,75.54582802385087,2,1,21.0647687995097
6.387857932954639,0.815885988231319,7,0.6767271736760413,14,67.40196729140905,1,0,20.354985012758
8.320441036761805,2.569644194159293,8,0.6041400469532174,20,53.622069519281105,1,0,22.608012504725668
2.0,0.28728715022569856,10,0.5783939568784021,20,64.90562307424904,2,1,15.562562624689296
14.940025935983723,0.616901210628866,5,0.5940017719550895,31,44.49492082407677,0,0,23.966268476614758
6.038346502936217,1.6299582301097715,5,0.5494808810559935,20,82.74891979135882,0,0,24.688423400892027
7.431576545925969,0.5736424570482901,4,0.5719847160406483,4,57.410538635318034,0,0,16.189713096010053
5.811814717875803,0.8324852769534005,5,0.9740535784441943,12,58.21307282847493,1,0,24.451928555831905
5.120982012749213,0.28832254727789963,12,0.29515539056225687,23,35.80776708628203,0,0,14.427814948889859
8.201634571378747,0.8185792757409172,2,0.8442532065693712,0,57.399543547409365,1,0,20.571160053947224
2.0,0.5320589510669989,7,0.5580401421475297,10,90.23483319428004,1,0,16.139108997116313
2.008050862086255,1.2092628958190585,9,0.8445528582100047,8,74.17281640556189,1,1,23.60944674135776
19.789493282961402,1.3925968423791921,9,0.5831106851468231,15,81.63495678685508,2,0,25.048633273176517
29.209117092646856,3.0,7,0.742937613750169,50,66.74916193448409,0,0,36.80336584043009
4.673021874751385,0.910049050977807,10,0.33737764576320217,10,30.0,1,0,12.745941251487723
3.15731365692666,0.7618980092422353,8,0.4597094410045785,10,66.04403110457312,0,1,16.2538578324829
10.328232650944571,0.6949391516062727,10,0.989112387476921,19,68.01819456289718,2,1,30.589489992381957
5.254895676072463,0.4736832616727742,10,0.6797392922480525,19,78.43458711744594,0,1,25.53462229546515
2.0,0.7686947675155239,3,0.6574292750489735,12,64.44889541651129,2,0,18.970323672095404
2.0,0.4932293564309176,4,0.7333129124871494,21,53.42313486496347,1,0,14.93576856408213
12.586832598530455,0.6824422870405445,7,0.5751109340441234,50,63.51199251245805,1,0,21.582767572744014
10.756497823175357,1.525493973907029,7,0.8485788916739504,16,59.86609602640368,2,0,24.531488495646784
2.0,0.2998179578436544,8,0.5603400360465703,30,72.85466855053818,1,0,16.910956138779156
2.50992973866705,1.3470472742823043,4,0.8853427015791224,3,63.545442234970366,0,1,22.122987936044638
2.62761578950931,1.5249788591912963,9,0.6587701521950767,11,50.14791662383653,0,0,18.614294465870643
11.144147228278518,0.5584177343063056,13,0.6686116617182422,29,73.50349727808192,2,1,26.560498877310277
2.0,0.13733962183257697,8,0.48586564391984643,50,53.91713748036209,0,0,13.552357027057127
2.0,0.3963429564208597,9,0.9369174654110458,21,60.260050326750324,1,1,26.550786975515134
16.090184272962414,1.503651047913452,10,0.6982153989585792,15,58.041229395172095,1,0,25.999623883910484
2.0,0.5968988301955208,5,0.5212504855468929,7,68.55834446051186,1,1,15.932899770265852
10.576990889205769,0.30134136236199016,6,0.8861601797036359,24,44.430756646125914,0,0,27.359404675865996
2.7204862220899524,0.42598870597509925,5,0.5808853196569258,31,65.48162368746914,1,1,23.03467965796307
2.0,1.0924621679979492,10,0.834346614210856,11,81.20658597253173,0,0,24.798583314832296
2.786195164114473,0.8893303615026327,7,0.72811399721863,16,66.43657123483165,2,0,20.258939722473112
12.810948130970319,0.5131164459474363,9,0.719219300031748,11,54.988555689898675,1,0,26.819335649375912
19.358363374539294,0.469176106097562,11,0.754624887702239,24,59.51522796726778,2,0,23.498800829611795
17.732509999755642,0.4610583347833894,7,0.7788620608478402,6,69.43621679705177,0,1,33.58350868909833
5.061424894750885,0.3180053319675573,8,0.4812008665062784,7,73.40446252297764,0,1,18.366407598109028
11.02876778404595,1.8790437101770863,9,0.5421637875742618,43,87.55905119249392,2,0,24.818334738098986
2.293934103289808,0.48402228572075856,9,0.7119971964230448,35,40.61386126512987,1,1,19.747919592733417
3.4693358861251684,1.4219241144307504,5,0.6170660720168814,38,68.9515665297608,1,0,22.733694277301144
22.665986286309042,1.7593092076423373,10,0.8992884498245037,4,67.78088960774829,1,0,34.696012725785266
2.0,1.219959460022833,8,0.9023510813932667,26,63.99861232734006,2,0,21.57069786265634
2.0,0.4483710203429677,11,0.9247542483548229,13,70.3315935854069,0,1,26.82497916174227
2.330502802398152,0.8046169633209058,8,0.9805411607005524,35,61.55696094784653,2,0,22.23433321245298
2.0,0.596344401184657,5,0.5047208304436883,21,50.01779433523058,0,1,19.024784541933165
2.0020300329027276,0.32219726315724123,9,0.7397267522433502,9,68.20288888892709,1,0,17.48970160282337
8.747687287443666,0.7611319827895477,9,0.9449668918333972,20,74.73881749656891,1,0,30.37993113250641
5.471863183678004,0.2657158288593546,9,0.43433742999970104,5,64.29029162001028,0,0,20.06140488273143
22.318630208218273,1.3928828217644724,5,0.9000432903154296,11,80.89013815041125,1,0,32.70491689787541
17.006959030194785,0.43813328637346616,10,0.9583743704577754,15,61.43904309851535,2,0,27.715785090494464
4.1827280516903205,0.6982429011153545,10,0.9413231212893705,10,71.90848817902315,0,0,26.045542867672054
3.0032625214727853,0.7395610163796958,9,0.9010869495423072,8,41.27385180748185,1,1,19.70454392548667
4.7753980810853776,0.5059924748754762,8,0.6259017090423726,23,98.63646736191407,1,0,20.984799799475116
8.923177501433052,0.9145580471543551,8,0.46587313711704004,2,61.58631020972235,1,1,24.312965924263388
3.120617098152729,0.43498985951029007,10,0.7224178348176905,23,57.6772043289563,1,0,17.163045051897015
9.785622455470875,1.116175498392918,10,0.8080145030563983,50,61.01373138668234,0,0,32.628869452623434
5.266360392798112,0.23641045319549814,3,0.6372593080287705,1,50.76823871634571,0,0,20.09377799179514
8.030673665148445,0.6626327960653152,14,0.43722466186603415,16,47.4722517082207,1,0,18.10568284741205
5.72925395091112,2.356671634761911,11,0.8353164381435614,7,65.61566492155741,2,0,24.49860934731933
3.4879997526233315,0.30112436487480576,8,0.6373650536825546,50,66.71173625200025,2,0,14.706970439920877
29.652672211522034,0.3774106302548507,8,0.6545483612217428,30,68.35813517703353,2,0,26.939262009145747
14.422545037326362,0.8691283159999673,8,0.9231189676561724,8,64.49086635663637,2,1,32.29404168718453
2.0,0.6877755342485605,9,0.7842651947789151,21,63.753679952757444,0,0,20.276117361663573
20.285049277193238,0.7752583653748858,12,0.856388156155769,23,46.95385983865308,0,0,33.13544600861566
6.683203296619165,0.8542178629422347,13,0.6913330569210899,39,57.689465829799396,2,1,20.474117216203574
22.495394902897434,0.945827595787481,11,0.9081532380205222,4,67.41911890704652,0,1,33.704851798907626
16.087144539299004,1.3188892292730514,7,0.4197674836608542,20,56.918882632179766,2,0,24.139601054249184
5.537566192586073,0.8080535562661317,7,0.7948386938143162,17,69.38252977770836,1,1,25.87437412962326
2.0,0.512281828940857,5,0.785891507341158,38,62.9718573030477,1,1,21.28473994828626
3.129005477764867,0.9712237456629571,6,0.7980852216684144,42,62.85619651613933,2,0,22.37907041504317
7.800877556797962,2.2931292154538228,3,0.9417404012830471,6,68.10903129695322,0,0,31.808980983829194
10.036973319345364,0.5527532262877806,9,0.7592980130202215,12,72.27714643472358,2,1,27.134592470358257
2.982546799289389,0.30661250931289086,13,0.8071104566890274,26,75.62031793801604,0,0,21.821285924589553
2.0,1.3164733655610974,7,0.8527176738274476,13,94.74563837525784,1,0,22.976106103499518
18.013870871623915,0.5575144733786621,7,0.6746628089208773,13,77.95672854750288,0,0,29.292446786190887
40.0,0.1325402796745702,11,0.8820626804963001,11,42.79334112465926,2,1,34.53743870461775
7.458945469720869,1.0976759521747181,6,0.8004158127275246,12,48.742067929154175,1,1,24.762743987155982
2.0,0.4169747001330179,9,0.5291381090907831,23,60.88029812700576,1,0,15.207528812464625
3.1787647172893285,0.5692854519590442,13,0.8993345049114675,2,53.5562446404364,0,1,25.398222559832863
2.0,0.7652032695645253,11,0.9610812624787047,21,70.85745290722467,1,0,25.536922811856986
24.56888527693557,0.6930520155088473,11,0.8367135431982589,12,72.44888526785452,1,0,32.76622980812718
2.0,0.9966219903533202,8,0.6563944421035469,9,57.747311171951225,0,0,16.070289542960037
8.592406688681558,0.4471592609261212,12,0.8329732451634426,19,82.84512797277534,1,1,28.22912887032052
3.2028132860279293,0.8686404929952553,12,0.6956621536259151,23,86.81300018413735,2,0,17.800566804389874
8.078355154069852,0.5057652377819125,15,0.7782953892126471,23,37.82258086316604,0,0,24.746936886107967
10.53888633986027,1.0173155422284155,4,0.68265962203566,18,43.56683068206735,0,0,26.056299237586032
17.7043919242236,0.9331001320815256,6,0.36070362158154906,15,81.45860227339244,0,0,25.147411111414506
2.3120252750453583,0.3151183200645496,5,0.7537594270537111,10,78.0474347810005,0,0,20.29866168316208
2.0,1.2971732596281211,8,0.9476205148701138,21,72.53977726404982,2,0,21.852452433950226
2.0,0.4167893204550611,10,0.5812054364306805,47,65.16409613863885,0,1,21.971562551353532
23.027715288531816,1.0678427146833087,7,0.866744375243025,26,63.45324781017191,2,0,28.400006325779426
20.706013520531226,0.7843508228312907,7,0.7918182018375199,8,73.04899150141017,0,1,31.679431536579486
9.098443101964925,2.196199955142857,3,0.8731628829970169,3,67.64714963719237,0,0,24.278442225543483
9.175837185053469,0.5187017687515946,10,0.9299721646752254,11,84.61584060464281,1,0,29.785191303692372
10.937342294075126,0.4749613924598366,9,0.7338072418775218,13,54.78134077258815,1,0,23.87187063918151
2.0,0.5983414363810635,8,0.672689989202314,33,65.26993192782291,2,1,19.768901202467514
24.582095607713015,0.4905510892129078,9,0.7665991781540599,13,78.35502972473104,1,0,32.66210478348396
5.426096343463181,1.0617933639746036,7,0.847313742299222,36,67.46627280687615,0,1,27.012251237432917
4.8311079932786845,0.19565205520058768,7,0.3988193334657054,11,75.0973900294147,2,1,12.62384313602335
7.31716932622681,0.29008604491628237,10,0.6207521153359513,12,74.87932713123125,1,0,21.10609939529721
2.0,0.2872328566123044,6,0.8523448713873693,15,58.62738525854866,0,0,21.373313121739354
2.0,1.1796470863517563,6,0.8569467238928871,21,49.689984051473026,1,1,19.84204763023673
13.395390904239633,2.00858272376473,8,0.6821288762005301,11,53.78325440421948,1,0,26.300024068687733
2.0,0.5637668762154046,11,0.5532179756677285,41,48.743503447437675,1,0,14.420282194311318
9.242022189851156,0.5389269714395609,8,0.8338326266501147,20,37.16022878505267,1,0,21.089794398918006
2.815000336004408,0.6370141018004102,11,0.6408789790891208,19,81.3764204615218,0,0,20.696110356243413
4.931422569251883,1.3679521107497559,8,0.7365951026707962,21,36.70965489697505,1,1,18.510704276808866
3.4065219195414596,0.3169069143111336,10,0.9566913371144183,8,92.92190337018897,2,0,20.755188054970027
4.395484777228535,0.7166686263534157,6,0.955386364460216,9,57.083190025841915,2,0,19.498102001728828
12.695639866386868,1.2003802010821358,8,0.706852568510903,46,60.82467025671208,1,0,27.23194840932072
3.5257153960555088,0.8613674615052335,7,0.8407284711538519,26,42.27659751385555,2,1,21.240308058980045
8.356435307057023,0.6926067727142853,7,0.8316857418593091,19,70.76850280913102,1,0,26.289856681122725
6.463597866902617,1.2222974759481176,3,0.5537618990665659,22,61.08661595769802,0,1,19.785554330129337
10.896659230926783,0.1,11,0.6375781871156944,30,65.91646452933648,0,1,25.109715042850304
27.61921647512969,0.974834782364502,7,0.58463248961792,49,53.19314674519601,2,0,27.486941844606964
13.189052712550428,0.38371584849560814,6,0.7708149982557653,33,72.21223659783688,2,0,23.47621723808301
2.4199561324404733,0.16839497322967395,11,0.6661050694665852,17,52.641238890738485,1,0,17.480717535129312
2.0,0.8674840267208783,2,0.8303027913968006,22,66.18149344456012,1,1,19.79618694970152
3.041693020055879,1.5865486262926802,7,0.5550350211402187,24,71.92972566343228,1,1,23.689389740508386
9.040606518730973,0.5508933970976531,9,0.8019879581082954,33,86.76963569450449,0,1,30.022579124393914
2.0,1.181768662757979,8,0.6315476820716345,12,77.08851414666175,1,0,17.22916519952595
6.859059560261889,1.8749739773737277,12,0.43049797854245453,6,66.34818680603222,0,0,23.38800578438183
9.084288399875602,1.5226315449732402,6,0.741346144310364,5,64.88047962708178,2,0,24.31105523390694
4.068318779381004,1.911666109696453,13,0.4641936000908492,12,69.70118078995773,0,0,23.069458768336993
14.736499591467346,1.0196803988647118,11,0.8968240825142318,9,76.50068174198331,2,0,31.68043662636413
2.0,0.6394182804435684,12,0.9508445809603041,37,53.835323183643396,0,0,26.253547990178475
2.0,0.19762656423266653,4,0.8989591952507201,13,78.54814001196847,0,0,20.994460042942283
13.026474102163927,0.5105617230210059,14,0.8037488620868201,14,50.945086566199365,1,0,25.161664504257065
6.841702266630686,0.3361248479612095,4,0.603232034458964,8,71.84469586938036,2,0,16.544849933093797
11.660426557331409,2.7722517670251765,12,0.9502892929536751,29,73.12140695862806,0,0,38.42869476950061
5.706239991288573,0.5362686296685844,5,0.6261868660219944,7,54.926523679991305,0,0,22.283186590052928
2.828962537585316,0.6611618351725403,6,0.8366552271343355,50,41.86429087330605,2,0,17.54981755599435
17.09823698571196,0.8922934356446252,12,0.8019955649957557,10,61.031464510935216,0,0,31.538614844773768
16.0652156396019,0.6253284248266093,9,0.8847455334405698,3,30.0,2,1,23.290807283224332
11.864488197091214,1.986820710611415,10,0.5922703624693215,20,62.32453534188389,2,0,23.345414031551577
3.1765361498803206,0.3922505233226003,9,0.6667939758619673,23,46.27639124820683,2,1,15.996899959553499
8.921608797234642,0.695047714835816,8,0.5933093083662317,13,100.0,0,0,22.307504276785302
4.478099755798221,0.3606925267644214,11,0.7647893010268608,13,80.88042839637109,0,0,25.045541502300097
2.0,0.24074529830660613,7,0.5514709603056568,23,66.08299292374568,1,0,16.86359026891613
24.926998435376415,0.3952493831175442,10,0.9252552096113875,21,84.98615087631073,2,0,32.16711757191514
2.0,0.591007980706395,7,0.745636703148562,1,75.57552661001942,0,0,19.219594382180762
30.004906531227626,0.4490991654500849,16,0.8185142360537369,7,47.54690239165672,0,1,32.304570438798216
5.906010127908722,0.37355326060092514,7,0.7271880689277435,25,55.618462970005645,2,0,16.055840118789344
