delivery_min,rest_dist,food_temp,rest_rating,items,order_sum,weather,promo,hour
114,19.57,8,2.28,10,1012.07,0,1,7
81,10.4,35,4.29,12,4134.56,2,0,8
110,11.27,83,2.41,2,624.33,1,0,4
60,14.39,78,3.89,1,4360.49,1,0,1
83,9.95,2,4.11,10,2078.07,0,1,9
52,4.88,22,3.0,10,2901.92,0,1,12
24,10.98,72,4.13,12,1164.31,0,0,14
47,18.91,29,2.27,10,3841.52,0,0,20
24,8.49,18,3.06,10,2157.89,0,1,13
14,13.75,66,3.75,9,2423.58,2,0,10
102,19.57,49,1.67,2,3982.72,2,0,13
92,16.68,47,2.09,10,1237.4,1,0,6
63,13.35,2,3.61,4,5141.65,1,1,13
60,14.85,65,3.62,3,4487.86,0,0,2
19,18.76,26,2.97,1,3550.83,0,0,9
21,19.22,86,4.18,8,944.33,2,1,20
13,19.39,39,2.93,2,4185.24,1,0,5
104,12.7,17,4.53,11,304.98,1,0,5
27,8.0,26,3.94,8,4865.5,2,0,19
89,3.1,10,2.26,12,1962.03,2,1,2
113,8.02,38,2.58,1,879.83,0,0,15
45,18.89,18,3.67,6,1154.04,0,0,10
34,17.85,88,4.58,4,5786.18,2,0,19
96,10.71,6,1.71,3,4688.22,1,0,16
85,10.97,56,3.06,1,1579.66,2,0,23
107,6.52,1,1.48,10,5788.1,0,0,11
45,9.36,37,2.12,11,1012.68,0,0,2
110,14.43,4,3.74,12,4454.46,0,1,3
76,8.35,77,1.31,1,4009.09,0,0,10
18,4.17,81,3.65,11,4964.57,2,0,8
70,11.05,35,4.6,7,2413.85,1,0,5
62,4.89,67,4.88,6,2530.65,2,0,19
27,19.5,87,1.87,3,3822.49,0,1,23
52,8.11,76,4.0,12,2509.59,0,0,22
44,18.24,84,4.71,12,439.84,0,0,21
72,4.9,56,1.37,2,4432.31,0,0,21
107,4.19,19,2.66,10,3917.49,1,0,8
114,12.53,4,4.68,3,2657.53,0,0,19
87,15.7,23,1.81,12,1956.41,0,0,13
13,11.55,29,4.74,15,2060.21,1,1,5
102,4.98,27,3.11,8,4497.97,0,0,15
50,1.24,52,1.4,11,4429.13,0,1,17
54,12.56,50,2.8,7,4949.73,1,0,8
59,3.06,6,2.31,13,4620.65,1,0,6
88,7.19,41,2.13,14,4596.08,2,1,23
37,13.68,34,3.17,12,1660.28,1,1,17
51,2.41,33,2.93,15,789.35,2,0,11
89,2.98,72,2.93,13,4618.16,0,0,4
85,1.7,75,1.35,7,771.98,0,1,13
78,19.92,53,4.21,5,5896.25,2,1,13
107,8.05,28,2.93,12,5275.52,2,1,2
115,18.16,9,4.28,10,3294.08,1,0,6
10,6.22,26,4.3,3,2242.66,1,0,15
48,15.19,82,2.27,1,3255.69,0,0,20
105,4.77,12,1.02,1,4458.95,0,0,21
99,10.22,41,4.64,6,4586.71,0,0,20
26,16.58,36,4.04,15,627.26,0,0,21
100,16.42,60,1.43,4,4868.15,1,0,8
97,15.99,78,3.81,7,3920.68,0,1,22
44,16.56,20,1.08,10,435.36,0,0,16
55,4.62,2,1.11,10,2016.33,2,0,8
51,9.9,7,3.1,10,3161.72,0,0,17
48,9.95,69,1.38,1,1293.02,0,0,13
99,17.86,82,4.86,13,1100.4,1,0,3
58,6.29,16,4.58,6,282.83,2,0,14
71,18.66,9,3.6,7,5486.99,0,1,3
47,9.29,12,1.25,1,525.43,2,0,4
32,13.56,90,2.3,2,2322.87,0,0,3
31,5.74,11,2.49,9,1393.48,1,1,23
13,8.5,65,2.92,9,4497.99,0,0,8
58,14.34,73,1.68,6,4301.67,0,0,10
68,10.5,84,3.31,11,4876.09,1,0,13
82,18.65,22,2.74,4,3777.49,1,0,11
77,14.87,64,4.79,7,3631.59,1,0,17
80,11.51,51,4.74,5,2561.24,2,1,11
96,17.79,60,3.26,15,3890.88,0,0,8
11,13.48,25,3.58,3,868.19,1,0,1
58,13.12,14,1.55,4,4170.17,0,0,18
97,5.3,21,1.89,2,802.61,0,0,5
113,8.2,88,4.6,14,5198.09,1,1,12
104,13.82,64,3.8,6,3132.96,0,0,14
120,17.89,25,1.76,3,3276.07,0,0,22
40,6.65,20,3.28,7,3592.17,2,0,23
120,4.7,23,4.74,4,4701.1,0,0,1
49,12.08,15,2.38,14,2975.13,0,0,15
57,1.81,31,1.74,8,2680.01,1,0,5
60,14.43,15,4.77,11,1872.33,0,1,13
52,14.21,76,2.85,14,942.63,0,0,18
107,7.42,41,2.67,1,1303.99,0,1,14
64,17.91,31,2.07,9,203.06,0,1,17
97,10.29,49,4.57,3,5242.65,2,0,11
58,13.09,40,4.38,15,4636.76,2,0,1
99,4.59,23,2.61,3,1468.36,0,0,19
89,8.64,12,1.12,15,213.86,0,0,23
66,17.32,74,2.79,5,3054.27,0,0,15
120,4.65,78,1.72,10,2592.92,0,0,22
86,8.12,9,1.57,1,4700.84,0,0,20
24,6.7,41,2.57,14,2536.79,0,0,19
36,3.45,40,1.4,3,5211.85,1,0,21
77,6.15,2,4.83,4,755.86,0,0,14
89,5.04,54,1.19,14,2321.98,1,1,7
73,18.51,15,2.61,2,5616.86,0,0,20
103,14.95,43,1.65,12,268.03,1,1,1
117,6.66,80,3.76,6,2466.58,0,1,13
39,15.39,88,1.32,10,1706.28,2,0,3
45,0.93,29,3.19,4,3284.79,1,0,10
76,10.77,36,4.09,1,1816.85,0,0,16
95,5.38,59,4.8,3,5245.47,0,0,21
95,2.73,76,3.79,7,5635.4,0,0,6
58,17.73,23,1.4,14,5124.98,1,0,0
85,4.39,25,1.35,3,2511.69,0,1,20
64,16.54,57,3.93,13,5941.62,0,0,8
94,8.56,8,1.86,6,4463.21,0,0,16
65,0.78,60,2.79,11,2262.53,1,0,0
77,14.78,18,4.91,15,743.42,0,0,1
104,12.13,27,4.28,6,4068.87,2,0,18
53,7.21,6,4.39,1,4425.69,2,1,21
40,5.99,44,4.44,2,910.26,2,0,10
67,1.94,85,3.48,10,3388.47,0,0,21
96,18.86,62,3.98,11,5925.11,1,0,9
62,10.13,36,2.44,12,2092.2,0,0,9
93,2.17,15,4.99,11,1950.99,0,0,0
88,17.44,4,2.12,6,5439.15,2,1,2
32,5.94,28,3.36,2,881.01,0,0,15
37,4.47,51,2.13,15,5614.46,0,0,12
25,5.98,22,1.45,14,4721.02,1,0,8
46,11.51,5,3.27,13,2466.87,0,0,7
30,1.94,35,2.41,2,684.58,2,1,10
88,9.89,56,3.33,4,311.21,0,1,8
26,17.97,32,3.23,12,2379.82,1,1,10
46,4.17,48,3.17,13,4291.05,2,0,23
86,6.96,40,1.49,14,3027.67,1,0,22
28,8.22,79,2.76,8,4484.18,2,0,12
39,11.93,54,4.25,6,4089.31,0,0,13
54,18.43,25,2.26,14,3522.86,0,0,8
27,8.19,36,2.78,8,5811.49,1,0,2
87,1.85,76,2.98,15,4424.63,1,0,21
71,7.29,16,4.45,4,5504.76,0,0,5
45,4.21,31,3.62,11,1604.53,1,0,13
109,13.21,27,1.4,3,4339.11,0,0,12
93,1.07,24,4.46,7,3667.26,0,1,0
61,6.19,46,4.33,15,5560.92,0,1,13
28,11.13,21,4.01,7,3160.63,1,0,11
118,5.91,90,2.86,2,1821.92,2,0,22
53,11.24,60,4.03,1,2432.07,1,0,2
16,2.74,43,2.91,11,1469.21,1,1,13
53,18.88,19,3.95,8,1475.84,0,0,1
77,6.17,49,4.52,3,2928.45,0,0,22
43,18.5,87,4.56,6,5376.9,1,0,9
75,6.85,46,2.82,7,1312.84,0,0,3
78,15.75,46,4.44,8,1869.65,1,1,6
64,5.3,71,1.41,6,5147.33,0,1,16
19,13.56,50,1.41,7,2167.69,0,0,9
105,6.81,54,3.19,5,5782.0,1,1,23
51,10.43,77,3.61,3,1759.74,2,0,1
50,13.64,38,1.61,15,2764.43,0,0,23
86,11.98,13,2.89,2,754.54,0,0,23
112,11.74,68,1.38,7,5954.62,2,0,19
78,1.78,46,3.41,8,5362.82,1,0,14
19,5.36,20,4.42,14,4941.86,2,0,11
19,11.65,14,3.95,8,1112.59,0,1,0
111,0.86,80,2.51,13,5822.28,0,0,9
100,5.39,83,4.98,3,5589.08,0,0,23
69,4.97,0,3.65,2,2726.89,0,0,8
60,5.37,79,4.26,13,4153.49,0,0,13
30,10.94,81,3.68,9,5956.26,0,0,8
17,11.85,9,4.96,6,2576.52,2,0,21
74,18.23,22,4.29,10,855.66,0,1,23
101,8.03,17,3.08,3,5233.12,1,0,23
112,18.57,57,2.47,5,2963.61,2,0,20
87,13.21,72,3.73,1,5924.42,0,0,19
94,18.3,76,3.36,2,3395.18,0,0,9
39,16.75,51,3.52,9,370.97,0,0,9
94,13.91,45,2.37,10,3052.02,2,0,10
58,7.44,12,2.71,11,4364.76,1,1,17
18,5.2,16,3.23,10,350.97,0,0,2
26,4.84,66,4.36,3,2598.0,2,0,11
78,19.07,60,4.05,8,1102.25,0,0,2
67,19.19,64,1.47,10,3929.96,0,0,11
66,14.63,52,1.98,8,5752.61,1,1,21
71,17.73,4,1.11,15,3822.59,1,0,22
104,18.42,31,1.03,5,4230.29,0,1,21
61,10.48,88,1.9,8,2500.06,0,0,10
70,12.77,44,4.2,2,3466.22,0,1,13
49,8.67,55,4.62,2,3354.37,0,0,16
47,8.66,4,2.57,12,4605.72,1,1,22
52,1.25,86,3.25,4,5170.09,1,0,11
72,8.96,75,3.82,8,4044.74,1,0,23
28,13.63,33,4.81,2,5882.89,2,0,20
109,8.73,60,4.65,4,5004.07,1,0,3
59,17.51,86,1.23,8,922.95,0,0,4
42,6.98,79,1.99,3,3143.36,0,0,2
22,3.09,61,1.2,8,5438.77,0,0,14
87,16.33,68,3.47,12,5674.82,2,0,4
106,13.64,62,3.84,2,2405.19,1,0,22
71,5.22,43,2.23,14,4409.08,0,0,22
102,10.96,27,4.42,1,2581.16,2,0,16
52,8.34,69,2.81,14,917.23,0,1,21
58,18.81,12,4.99,14,5330.75,2,1,3
45,12.34,42,1.0,14,5605.33,0,0,18
117,3.59,29,1.44,6,3127.55,0,0,12
19,10.29,25,2.21,8,306.18,1,0,2
104,17.32,80,1.1,9,4933.01,0,0,13
15,13.59,62,4.13,10,2966.37,1,0,21
66,16.93,72,1.21,8,635.16,1,1,16
10,5.38,56,4.0,2,1298.47,1,1,20
80,17.82,63,1.21,1,1082.29,2,0,3
67,15.23,79,2.01,7,4180.42,1,1,9
100,14.71,48,4.37,7,1936.58,2,1,23
30,7.26,51,4.8,13,940.61,1,0,8
101,17.81,62,2.66,12,5522.36,1,0,23
89,12.94,81,4.88,13,5747.88,1,0,22
65,17.11,12,3.51,3,1003.74,2,0,18
119,7.54,87,2.66,6,1535.37,0,0,7
96,3.34,44,4.21,7,3634.3,1,0,0
29,6.98,45,2.18,14,1072.95,0,1,19
111,9.38,76,2.06,9,1119.83,0,1,2
63,10.9,88,3.63,1,2152.14,2,1,18
34,10.46,40,2.56,13,5705.19,0,1,17
37,11.15,45,1.54,3,5782.16,1,0,22
14,16.91,0,1.27,5,5082.37,0,0,13
30,3.82,72,4.15,3,4235.13,2,0,13
27,6.66,67,3.7,8,4379.91,1,0,9
56,17.83,11,2.65,10,2923.52,0,0,2
79,11.43,87,4.58,6,3274.9,0,0,22
66,11.88,72,2.64,2,3879.83,0,0,1
102,9.82,34,3.84,1,4441.46,0,1,18
28,11.21,32,4.64,10,761.71,1,1,18
106,4.36,57,4.36,5,1504.34,0,0,6
74,11.16,34,3.04,11,5785.07,2,0,3
118,19.94,45,3.72,9,2143.83,0,0,11
12,11.54,83,2.65,10,1757.15,0,0,6
51,1.37,65,3.59,9,2647.09,0,1,2
30,16.03,43,2.03,1,1887.34,0,0,1
108,8.23,25,2.74,3,728.85,0,0,11
114,3.5,41,1.84,13,1406.17,0,0,18
49,17.32,76,1.15,6,3912.93,2,0,5
76,4.36,29,3.35,5,1494.46,2,1,10
34,18.45,31,4.46,4,3956.47,1,0,12
118,9.12,35,1.1,13,780.47,1,1,14
111,14.98,18,1.78,2,442.88,2,0,21
118,11.17,21,2.84,12,5197.09,1,0,5
64,5.5,64,3.66,12,4608.15,0,0,7
93,13.59,56,1.68,12,4062.96,1,1,7
61,19.18,10,1.23,4,379.22,0,0,5
53,15.51,25,3.08,5,1588.25,0,1,7
118,12.28,47,4.27,15,4911.42,1,0,16
107,19.82,18,1.14,12,1039.07,1,0,6
94,5.67,82,2.4,2,4914.55,0,0,18
65,1.72,11,3.65,10,3588.55,0,0,2
64,1.13,66,1.52,1,4494.14,2,1,8
96,14.36,55,1.94,7,3938.14,2,0,16
79,16.69,17,3.14,7,2618.54,1,0,8
86,12.88,4,4.81,8,1893.47,1,0,20
96,18.15,23,2.15,10,4101.83,1,0,13
82,14.11,77,2.95,6,4880.09,0,0,0
90,7.73,37,2.6,1,459.45,0,0,5
75,4.03,66,4.59,8,2403.47,0,1,16
28,18.53,69,1.29,2,2234.23,2,1,16
92,2.52,75,3.26,12,3444.93,2,0,20
16,11.09,51,4.38,3,860.77,0,0,4
72,6.62,74,4.95,8,5613.83,0,0,16
51,5.79,38,3.79,4,3381.36,2,0,17
51,13.09,58,2.52,5,5557.77,1,0,18
68,5.01,25,2.65,9,4938.26,0,0,18
29,18.37,64,2.41,11,1311.51,0,1,22
82,8.42,79,3.41,7,967.57,1,1,17
26,13.71,47,3.96,10,5195.25,0,0,14
36,14.69,52,4.28,12,3309.38,1,0,2
56,13.82,8,2.67,7,314.51,1,0,13
11,18.12,4,3.87,1,5618.52,1,0,0
72,5.01,71,4.66,1,2943.56,1,0,16
71,2.18,60,4.68,15,1945.43,1,0,0
109,1.58,20,3.82,8,3196.27,0,1,16
28,17.62,62,3.55,10,4972.93,1,0,3
26,19.48,19,3.13,1,839.7,0,0,0
78,6.4,57,1.73,10,2281.81,0,1,19
48,14.02,44,1.49,15,2049.43,1,0,21
91,0.67,21,2.94,2,5069.97,1,1,2
80,4.18,76,1.64,4,4715.11,1,0,2
90,13.94,74,3.31,9,2520.6,1,0,11
48,1.78,81,3.58,7,4054.03,0,1,10
45,9.64,62,3.1,13,2487.78,0,0,4
49,13.42,29,1.15,13,3513.62,0,1,12
54,15.44,62,1.23,12,5949.05,0,0,11
13,9.35,43,1.45,7,3306.33,1,1,1
111,12.79,66,1.61,12,5933.73,0,0,19
34,11.02,57,4.96,10,4533.75,1,0,0
78,1.52,64,2.38,7,900.19,2,0,8
39,14.98,35,2.17,5,4816.6,1,0,2
85,3.86,5,1.21,1,1135.46,1,1,23
77,1.12,36,3.54,5,3287.51,2,0,19
97,9.3,74,3.61,8,3756.82,0,0,5
38,17.38,54,1.7,12,5374.94,1,0,10
82,3.44,76,4.68,12,1420.46,0,0,19
77,0.75,74,4.2,7,5280.46,0,1,19
60,2.64,58,1.92,15,5620.06,0,0,10
33,7.59,37,2.94,7,719.03,0,0,14
23,11.81,24,2.83,15,5334.65,1,0,5
78,4.26,78,2.39,2,1703.24,0,0,7
27,16.14,76,4.27,1,669.81,2,0,8
51,15.19,32,1.44,4,5759.73,2,1,17
66,14.07,12,2.66,8,2474.78,2,0,5
92,10.01,37,2.71,14,3813.3,2,0,16
21,7.62,57,2.87,1,3406.66,2,1,22
91,7.82,87,4.45,13,1436.46,0,1,15
26,10.31,19,1.87,2,4083.48,0,1,18
39,2.01,16,1.41,7,467.47,0,1,21
97,13.8,23,3.47,5,1377.95,1,0,15
84,7.35,25,1.7,15,5679.05,1,0,12
108,4.88,39,1.3,6,5730.34,0,0,11
32,5.93,31,2.71,12,2999.4,0,0,8
90,4.02,77,1.88,8,1180.62,1,0,5
10,18.08,36,2.44,12,2645.4,0,1,3
88,3.8,85,2.04,9,5287.01,1,0,5
41,17.72,90,1.37,15,607.59,0,0,16
18,11.66,85,3.24,8,941.64,2,0,23
24,17.42,59,1.11,12,5394.79,2,0,9
37,9.74,56,4.87,14,2609.22,0,0,7
33,18.59,57,2.37,1,684.06,2,1,2
69,4.62,66,3.78,14,1007.41,2,1,14
44,11.32,21,4.24,11,5318.2,1,0,20
95,2.95,57,2.12,4,3042.6,2,0,20
36,9.22,84,3.99,5,1145.37,0,0,18
92,11.61,79,4.33,13,5385.55,2,0,10
118,12.31,72,1.97,9,5102.62,0,1,5
85,7.63,76,4.97,6,333.54,2,1,8
29,1.99,73,1.08,14,3569.74,0,1,10
74,13.28,48,1.87,6,1617.15,1,1,2
94,10.02,84,4.12,14,3292.19,0,1,8
58,3.17,48,1.78,3,1819.76,0,0,12
118,18.75,41,3.79,12,2032.08,2,1,23
10,19.14,39,4.42,14,3690.74,1,0,4
19,17.2,70,4.84,2,3325.38,2,1,12
56,16.96,45,2.9,2,2492.12,1,1,14
68,2.42,21,4.88,15,823.89,2,0,8
105,19.87,81,2.65,7,5822.66,1,1,6
71,8.31,20,1.87,5,1212.71,0,0,2
112,3.68,50,3.06,12,3872.08,1,1,12
95,16.34,13,3.6,10,679.92,0,0,17
27,4.9,73,2.83,1,4192.21,2,0,10
55,10.76,8,3.27,12,750.07,0,0,20
41,3.0,17,2.67,5,1531.15,1,0,2
36,9.76,12,3.1,15,3952.51,1,0,15
101,11.38,16,4.81,11,1841.02,1,0,9
27,9.2,86,3.0,1,3290.53,1,0,8
48,1.85,24,2.01,9,922.13,2,0,14
58,9.96,53,4.03,8,1373.92,0,1,10
102,9.64,15,2.35,14,4455.9,1,0,22
91,5.6,23,4.26,4,403.81,0,0,9
53,18.47,74,1.23,15,848.44,0,0,23
81,8.65,22,2.33,11,1446.74,0,0,5
63,17.35,40,1.38,1,317.11,1,1,5
104,2.64,85,1.34,11,753.2,0,0,12
43,6.72,32,3.63,8,1832.07,2,0,14
80,3.94,41,2.54,5,738.92,0,0,12
45,8.46,47,4.49,1,5223.49,0,0,2
27,2.68,17,3.07,15,583.23,0,0,1
47,9.1,62,2.18,2,5193.71,0,0,0
68,7.4,77,3.88,15,4972.59,0,0,8
18,4.85,10,3.5,5,784.42,1,0,21
82,13.02,23,4.2,13,346.11,0,1,3
119,19.04,60,3.57,14,489.95,0,1,20
81,4.54,63,1.67,9,3624.19,0,0,13
60,14.38,35,3.68,10,4088.05,0,0,23
44,14.98,82,2.57,8,3799.79,1,0,13
91,10.21,76,2.85,11,3340.57,0,0,16
14,18.0,52,4.69,10,1213.17,0,1,13
23,19.34,82,2.44,8,5077.53,0,1,7
101,7.56,46,3.45,13,2099.82,2,0,6
39,13.2,51,2.45,9,5919.83,0,0,8
13,13.41,78,1.38,2,2432.18,0,0,19
48,8.37,56,2.81,7,1725.43,1,0,20
93,6.68,74,3.39,10,5386.65,2,0,7
73,18.71,22,2.63,5,3491.0,0,1,2
34,15.9,58,2.56,3,4386.73,1,1,0
37,2.73,68,4.28,10,2568.71,2,1,16
85,2.84,55,1.12,14,5344.11,0,0,10
75,18.49,85,2.18,8,5522.81,2,0,15
116,2.09,41,4.25,2,2733.26,1,1,5
87,13.92,17,4.68,4,1596.2,1,0,1
31,4.92,70,2.65,13,3956.49,2,0,8
40,1.19,32,4.56,12,5736.59,0,0,20
32,1.66,2,1.8,5,3810.19,1,0,10
57,7.78,27,1.89,5,5734.49,2,0,23
29,2.01,0,4.38,4,2194.09,0,0,23
47,12.13,62,4.61,15,5507.46,0,1,4
64,13.12,46,1.89,3,852.89,1,0,17
77,7.78,36,1.24,3,2281.24,0,0,10
88,14.99,85,1.36,5,3067.93,1,1,12
97,10.06,47,2.05,15,3988.04,1,1,10
98,8.89,18,4.05,15,1906.01,1,0,5
10,8.44,13,3.04,12,5560.59,1,0,20
16,8.91,66,2.82,10,5440.28,0,0,15
66,19.37,82,3.34,13,4836.15,0,1,18
104,13.79,84,4.56,6,863.3,2,1,13
21,6.65,64,1.36,13,654.09,0,0,8
115,14.81,25,3.78,1,3089.16,0,1,22
14,6.94,9,4.71,11,4638.99,2,0,12
117,2.95,76,1.85,4,914.77,0,0,13
59,9.77,69,4.35,10,3920.34,1,0,3
51,15.14,42,3.79,14,3261.56,0,0,2
111,7.86,69,1.06,15,4410.74,0,0,1
21,17.45,79,1.93,10,2725.18,1,0,20
112,8.05,71,3.42,6,4221.12,1,0,16
27,7.32,58,3.01,13,1125.73,2,0,5
75,19.97,2,3.11,2,1444.65,1,0,1
83,9.91,4,1.93,10,5439.34,0,1,11
88,16.2,84,3.7,5,2110.38,0,0,11
103,16.2,77,2.07,11,5915.93,0,1,20
117,18.56,82,2.56,9,467.99,0,0,17
26,2.16,36,2.48,3,3076.08,1,1,3
77,5.79,83,3.69,3,2084.93,0,0,5
80,15.47,51,1.36,9,5976.6,0,0,19
71,11.47,65,1.82,13,5942.2,2,0,20
50,11.41,62,1.8,3,1564.41,1,0,19
104,3.74,6,1.43,4,1750.09,0,0,19
112,5.98,52,1.83,12,4548.1,0,0,18
43,10.67,5,3.43,9,5360.11,2,1,2
79,5.91,6,3.93,4,4049.44,2,1,19
111,4.6,43,3.64,5,5215.31,1,0,7
54,2.21,17,2.9,2,567.1,0,1,20
67,3.54,53,1.21,8,3915.07,1,0,15
60,15.49,28,4.84,13,4260.99,2,1,22
43,14.52,82,1.67,9,1303.85,0,0,21
53,1.39,24,3.67,10,4712.23,2,0,0
24,4.46,62,4.65,4,5676.74,2,0,1
87,11.43,67,3.79,3,5408.21,0,0,9
79,6.79,12,1.87,15,1620.81,0,0,4
59,16.55,31,2.26,4,2079.16,1,0,18
110,15.81,26,1.12,13,3097.75,0,1,11
41,17.89,50,3.45,13,1118.49,0,0,23
76,11.48,33,3.45,7,5732.93,2,0,23
12,7.37,27,3.9,1,1137.26,0,0,17
95,12.32,72,1.04,11,4616.25,0,0,5
95,2.24,71,4.27,11,2180.28,0,0,22
83,0.69,84,3.95,2,3527.58,1,0,13
60,0.83,29,1.56,10,473.61,1,0,22
76,8.45,8,2.39,5,1389.07,0,0,2
85,4.95,12,3.55,9,2777.47,0,0,12
102,3.57,81,2.98,15,4127.71,0,0,6
57,12.5,63,1.46,13,4709.86,0,0,16
26,19.9,37,1.35,6,374.82,2,0,8
16,3.97,21,4.13,3,1084.44,0,1,5
22,11.16,30,1.62,3,4432.79,0,0,5
75,2.83,41,1.69,13,4915.72,1,0,22
13,18.72,61,4.32,7,1572.11,1,0,1
19,6.19,63,3.45,3,1531.99,0,1,10
112,17.63,73,3.42,15,710.57,1,0,1
97,6.02,8,2.92,10,1071.71,0,0,19
26,16.22,43,3.28,3,246.49,0,0,14
61,4.58,62,3.41,10,3621.02,0,0,1
15,6.21,39,4.87,12,5442.57,0,0,6
92,4.25,87,1.89,7,1067.54,0,0,9
78,5.65,40,1.86,9,4558.37,0,0,1
105,16.78,71,1.23,9,3527.22,0,0,16
83,12.96,49,3.63,3,5651.55,0,0,16
18,8.41,19,3.2,8,4829.11,1,1,17
100,19.44,80,1.44,1,5145.83,0,0,13
86,9.56,69,2.46,14,3907.02,0,1,2
92,19.41,41,1.71,12,4905.75,0,0,16
30,4.33,32,2.33,8,2235.04,1,0,23
33,18.14,62,4.81,11,1412.3,0,0,14
111,0.77,56,3.73,2,5492.62,1,1,21
13,11.13,64,1.03,4,4459.15,0,1,18
33,8.75,51,2.01,7,726.08,2,0,19
68,10.74,87,1.04,6,5228.08,1,1,15
108,11.29,5,3.86,12,2223.64,1,0,14
12,8.09,6,2.88,9,1930.01,0,1,4
77,19.96,8,4.98,14,3815.22,1,1,14
110,19.54,60,3.93,8,3497.87,1,1,14
49,19.25,79,3.07,2,3321.89,0,0,23
57,19.59,33,4.22,13,1678.29,2,0,17
63,15.96,34,3.82,4,5766.69,2,0,4
44,19.78,19,1.98,1,5710.7,0,0,0
104,17.9,57,3.12,7,224.14,2,0,0
65,8.61,86,3.22,15,2159.4,1,0,2
117,15.8,59,2.8,4,464.18,0,0,16
98,18.29,53,1.72,8,5131.44,0,0,21
49,14.4,34,1.89,2,5341.81,0,0,21
86,8.74,46,2.12,15,3206.13,2,0,20
77,1.78,45,1.04,8,5070.13,1,1,13
55,16.29,86,4.67,2,4279.49,0,0,8
87,19.08,3,3.74,11,3097.53,1,1,3
22,7.57,9,3.76,8,2310.11,1,0,18
36,3.46,74,3.29,13,1744.11,0,0,2
15,6.87,39,3.76,13,1704.69,0,0,0
26,11.86,54,4.93,1,3459.97,2,0,3
45,6.68,72,2.54,13,1167.49,2,0,22
113,12.41,39,3.85,2,1213.79,2,0,23
108,19.35,75,2.44,5,260.28,0,1,13
90,13.58,80,4.42,1,3757.3,1,1,21
114,7.57,22,4.43,12,5967.2,1,0,22
11,18.75,14,4.61,5,5357.47,1,0,20
86,11.53,4,1.02,5,4293.0,1,0,13
61,3.0,39,2.19,7,4756.05,0,0,7
75,10.23,17,1.54,2,2617.75,0,0,15
61,13.25,20,2.82,2,1928.86,0,0,2
101,16.85,78,2.98,15,2338.04,0,0,23
52,18.76,2,2.02,12,672.25,0,0,6
99,6.69,45,3.89,15,3876.01,2,0,5
31,3.53,89,2.08,6,1214.22,0,1,12
120,1.94,78,4.42,14,4624.69,0,1,1
116,14.9,52,1.71,11,1301.86,2,0,10
64,16.01,19,2.47,13,1523.12,1,0,20
76,8.48,58,3.49,10,5752.37,0,0,8
108,8.22,20,3.42,3,811.3,0,1,6
69,19.11,89,1.31,13,3093.29,1,1,11
67,18.38,86,4.39,13,563.58,0,0,10
21,5.05,50,3.39,8,724.27,2,0,14
97,15.73,24,4.48,3,3874.3,1,1,11
78,12.64,67,4.47,10,3858.22,1,0,2
93,3.51,9,3.18,4,1320.1,0,1,17
112,7.46,85,4.64,14,5260.42,2,0,23
48,3.96,66,4.39,13,4272.68,1,0,7
22,6.26,82,4.83,7,1943.54,1,0,14
50,12.5,8,4.4,1,1640.64,2,0,15
66,7.82,28,4.28,1,4574.85,2,0,16
62,8.18,36,2.88,9,4455.02,0,1,17
118,11.02,70,1.85,15,1063.23,0,0,20
21,2.2,37,4.64,12,2225.29,0,0,12
22,14.91,87,3.89,6,1456.73,0,0,20
83,8.33,71,2.13,5,1906.04,2,1,15
106,9.87,58,2.36,2,1867.87,0,0,6
66,19.5,56,3.74,2,5860.94,0,0,4
49,7.22,89,2.91,7,4551.23,0,0,11
89,13.14,59,1.33,6,4724.3,2,0,8
54,8.15,27,1.57,12,1809.05,2,1,0
44,17.94,27,3.98,14,203.06,1,0,20
12,17.01,45,2.31,13,537.31,1,1,2
14,5.21,70,3.03,8,3407.4,1,1,9
99,13.99,66,4.07,3,1855.79,1,0,10
20,1.77,85,4.0,3,1319.14,0,1,21
80,19.28,54,1.67,13,487.92,1,1,16
65,7.31,37,1.39,5,5280.11,1,1,17
19,16.72,17,3.36,10,3680.74,1,0,8
115,6.71,75,3.97,4,822.76,1,1,17
43,12.84,62,1.6,12,4645.14,2,0,19
76,19.68,4,2.49,8,4583.79,1,1,12
81,17.6,43,4.48,6,1878.54,1,0,9
40,3.63,28,4.78,8,1292.88,2,0,18
84,11.18,13,2.82,15,4921.09,0,0,23
118,7.3,57,1.32,7,2111.48,0,0,0
80,8.97,43,2.03,2,5115.08,1,1,8
118,7.04,17,1.93,9,453.18,1,1,19
75,7.05,6,1.96,11,3095.88,0,0,15
79,11.08,86,2.98,13,1241.65,1,0,13
50,4.24,61,3.33,6,4097.86,2,0,7
72,10.98,44,1.49,11,5983.84,1,0,7
41,5.94,15,4.56,11,2592.56,1,0,5
29,6.14,63,3.48,6,781.8,0,1,9
66,14.91,36,3.39,12,2042.5,2,1,7
107,1.08,24,4.95,2,5370.74,1,0,13
59,7.93,8,3.51,9,4641.41,0,0,18
89,8.45,54,4.72,1,1546.83,1,0,13
34,9.96,27,2.15,6,5730.87,0,0,5
21,13.55,8,1.96,14,3808.69,0,1,1
80,7.71,11,3.07,8,1174.69,0,0,16
48,4.66,17,3.03,2,3519.47,0,0,20
26,17.76,90,1.91,3,2817.41,1,0,6
54,19.63,89,3.8,10,4954.25,1,0,5
20,0.89,55,1.12,15,2196.13,0,0,14
79,11.16,89,3.76,10,5274.87,1,0,3
32,7.16,73,2.83,7,4909.43,0,1,3
100,5.9,57,3.76,13,4112.7,1,0,8
119,7.05,80,2.91,13,1699.92,0,0,11
79,12.96,50,4.91,11,5827.91,1,1,2
47,4.22,31,2.34,12,3382.27,0,0,12
11,18.3,87,4.93,1,5463.58,0,1,17
95,9.59,47,1.26,5,1451.23,1,0,21
93,6.85,7,3.74,11,5903.59,1,0,16
98,15.43,29,2.82,6,4933.14,0,0,17
88,0.82,25,4.29,10,5705.52,0,1,3
102,8.92,23,4.16,7,1431.72,0,0,15
81,7.43,26,4.2,13,2697.82,1,1,19
46,7.1,78,1.38,10,766.28,2,0,12
58,7.07,74,4.29,10,994.42,1,0,10
61,1.11,38,1.86,13,1846.96,0,0,18
42,3.47,65,1.1,7,5719.43,1,0,10
31,3.27,50,1.87,3,4069.71,0,1,0
120,19.78,72,2.92,14,2024.87,2,1,7
14,0.93,49,3.97,7,5736.53,2,0,10
112,3.76,44,1.87,1,4490.44,1,0,19
27,19.5,86,1.45,11,5460.48,2,1,17
47,12.75,32,3.58,4,5577.88,0,1,6
46,9.29,18,4.94,15,4554.46,0,0,11
103,2.04,12,3.4,7,1610.17,0,0,0
104,13.56,77,3.76,7,5980.22,1,1,18
73,3.19,21,3.24,4,2085.53,0,0,10
19,13.59,19,4.13,1,4095.89,0,0,20
88,19.59,4,4.9,15,5099.91,0,0,22
51,10.87,83,3.18,14,1215.88,2,0,2
57,4.67,77,2.67,15,3732.44,0,0,12
53,12.69,90,4.44,8,2376.0,0,0,19
91,10.5,89,4.88,4,1616.88,0,0,4
96,10.9,31,1.52,2,268.28,0,1,9
106,9.82,29,3.31,4,5257.45,0,0,17
25,13.64,90,4.17,8,988.11,0,0,6
63,11.65,25,3.13,8,5293.08,0,1,1
111,19.75,81,2.64,5,3684.01,1,0,11
44,16.6,86,3.62,15,3802.12,1,0,21
107,5.66,87,2.08,2,5006.18,2,1,6
37,14.65,3,2.4,7,3154.76,0,0,11
11,4.68,66,4.97,3,2272.25,0,0,3
103,15.76,42,3.55,6,1005.08,0,0,10
22,3.38,29,4.49,9,3508.41,1,0,19
50,9.73,15,4.23,13,3408.37,0,1,7
89,15.92,70,3.61,5,1904.6,1,0,1
68,5.96,38,4.36,9,3680.33,1,0,17
78,16.82,85,2.15,4,2748.33,1,0,17
101,13.06,40,3.55,9,4872.07,0,1,1
62,8.25,30,3.36,1,3445.02,0,1,22
112,8.76,48,3.49,4,5615.34,2,0,3
54,18.56,12,1.67,15,3204.3,0,0,20
29,4.75,40,2.11,11,5347.47,0,1,7
33,14.02,27,2.15,14,3219.05,0,0,22
70,14.29,63,3.41,1,3436.6,1,0,10
100,18.49,18,4.89,12,2327.49,2,1,7
103,14.41,86,4.82,13,2520.98,0,0,4
67,11.9,71,1.91,9,5611.99,1,0,7
118,18.1,24,2.22,8,1495.04,2,0,0
36,16.67,37,1.14,8,904.45,0,0,20
35,14.48,89,2.6,14,5015.22,0,0,11
16,1.14,2,4.34,15,3546.08,2,0,10
51,7.78,1,4.66,7,1850.95,0,0,9
56,12.82,4,1.95,9,2707.92,0,1,1
62,10.68,60,2.06,15,3244.45,2,0,20
68,6.73,19,1.88,11,3634.41,0,0,12
47,3.32,75,2.4,11,4962.1,2,0,11
78,11.28,37,4.22,13,2487.24,0,0,17
96,6.08,79,3.59,3,4123.72,2,0,21
101,5.04,35,4.14,7,5041.65,1,0,17
107,8.28,45,3.33,6,5093.89,0,0,9
62,15.82,36,2.03,5,1674.62,1,0,1
24,10.01,53,1.91,15,2231.0,0,0,18
105,4.72,20,1.04,9,3650.45,0,0,20
35,2.78,20,4.12,4,5337.48,1,0,13
57,10.23,69,4.39,3,4784.59,2,1,18
104,15.99,83,4.07,13,3586.98,1,0,8
28,13.23,59,1.3,11,5905.66,2,0,19
18,5.03,35,4.05,3,2746.13,2,1,5
73,9.02,76,1.18,2,5086.21,1,0,17
102,17.18,10,1.42,1,4946.84,2,0,16
63,3.96,87,2.76,3,5466.62,0,0,17
60,10.88,82,2.9,8,5928.53,1,0,19
48,7.45,86,4.26,12,3075.04,1,0,6
13,2.92,30,3.72,6,1334.65,0,1,1
12,1.47,36,1.61,2,2873.19,2,0,9
73,11.34,59,1.9,8,5152.53,0,0,0
38,0.9,60,2.14,13,5049.42,0,0,18
20,2.52,66,1.49,5,2148.63,0,0,22
106,7.28,28,2.15,12,474.38,1,0,18
111,1.35,66,3.91,4,3157.08,0,0,1
67,8.31,78,1.97,14,2949.79,1,0,14
84,3.04,70,4.34,1,697.43,1,1,16
36,7.32,66,2.88,12,4810.36,1,0,2
106,15.93,15,2.29,13,1844.82,1,0,6
30,12.71,44,2.65,1,3945.36,0,0,18
48,9.19,33,3.84,4,788.63,0,1,20
104,2.29,83,3.07,12,5192.08,2,0,21
111,12.57,43,1.03,15,4487.79,1,0,11
55,3.69,77,4.69,13,2452.85,1,1,13
75,1.99,41,1.26,9,3851.04,0,1,20
100,13.45,34,4.75,10,1287.23,0,0,16
45,18.29,74,1.11,10,5915.45,2,0,20
84,9.48,83,4.08,6,4817.43,2,1,18
120,1.3,29,3.14,1,4775.85,0,0,23
91,17.67,52,3.02,12,1089.61,1,0,4
74,1.81,57,1.29,8,302.85,0,0,7
72,17.42,27,1.95,12,3595.15,0,0,8
108,8.14,14,4.11,9,1035.9,0,0,1
44,7.63,37,4.57,2,4726.51,1,0,14
40,11.08,49,3.12,6,2613.24,2,0,19
37,19.16,12,2.41,15,2163.85,2,0,15
112,18.03,34,1.24,7,627.17,2,0,16
10,9.67,23,3.73,11,5977.18,1,0,9
34,14.07,64,2.11,13,5744.86,0,1,11
52,11.82,87,1.22,1,963.26,0,0,8
111,14.02,90,3.66,14,2130.31,1,0,23
93,16.67,17,2.94,11,2466.57,2,0,12
76,1.17,57,1.05,5,1921.45,2,0,1
72,6.85,25,1.44,11,5619.92,0,0,5
60,19.21,28,3.8,11,4383.78,0,0,20
11,19.01,71,1.25,5,5744.32,0,1,20
91,0.72,43,4.46,3,5272.13,1,0,2
117,4.43,89,2.25,2,4576.34,0,0,16
73,19.88,4,1.35,14,4242.41,2,1,13
83,10.11,32,4.04,1,5223.74,0,1,10
78,11.67,4,3.1,15,4168.07,2,1,5
18,3.75,35,2.23,6,1294.57,0,0,21
11,17.94,76,2.62,7,3959.13,0,1,4
43,5.01,80,1.09,2,3187.01,1,0,8
69,4.2,12,3.65,2,5894.99,2,0,9
111,4.95,24,2.46,15,3157.8,0,0,11
70,18.43,57,3.86,5,423.04,2,1,12
40,14.21,1,3.51,5,1732.3,0,0,9
19,15.49,87,3.61,13,5520.81,2,0,0
85,7.85,35,4.17,3,5781.67,0,0,6
45,18.23,24,3.52,3,4425.29,0,1,21
94,15.89,33,2.67,15,529.81,0,0,12
58,15.14,11,2.56,1,336.54,0,0,18
120,19.43,18,1.48,3,2981.65,0,0,19
79,7.64,36,4.12,9,5998.1,0,1,19
58,12.41,0,4.04,2,5241.92,1,0,19
12,18.24,59,1.99,1,5612.02,1,0,22
83,15.92,66,4.45,9,3816.54,0,0,14
14,11.49,48,3.36,5,5182.92,2,0,19
119,1.99,89,2.91,8,2054.25,2,0,13
99,13.23,78,1.07,11,358.71,2,1,5
70,10.77,45,2.53,4,5525.85,1,0,0
94,4.09,47,3.56,8,1466.9,0,0,7
118,17.7,67,1.36,12,4425.22,0,1,3
99,7.19,18,2.84,5,4022.01,0,1,12
111,8.06,87,4.97,6,1117.35,1,1,2
117,13.61,39,3.87,6,1335.52,1,0,1
35,10.03,5,3.19,6,2108.62,1,0,23
81,2.24,79,3.13,2,4590.2,1,1,10
14,8.06,62,1.18,10,427.62,0,1,5
24,2.34,34,4.83,10,2561.0,1,0,12
25,4.22,71,4.71,9,4057.66,0,1,21
10,0.64,60,3.73,7,1194.53,1,0,21
25,4.04,4,1.4,3,892.62,0,1,1
46,6.94,36,1.83,2,2463.23,0,1,13
12,11.0,75,1.74,4,1862.04,2,0,10
61,18.43,88,3.08,8,3964.75,0,1,22
56,11.04,87,1.83,9,5823.5,1,0,7
104,14.26,10,3.78,10,225.92,2,1,23
22,7.47,39,3.18,2,5433.8,0,0,9
89,15.16,64,1.07,14,2712.69,0,1,14
64,12.6,7,3.98,6,4051.24,0,0,12
116,9.47,86,1.76,8,5135.96,0,1,6
30,4.28,83,4.3,3,3526.06,0,0,6
75,6.42,10,2.42,11,764.41,0,0,20
63,12.61,70,2.35,9,1015.45,0,0,3
36,8.81,57,1.05,4,4777.82,0,1,3
47,17.84,47,4.95,5,1528.77,0,0,17
99,5.08,12,3.45,14,3500.42,2,1,15
67,1.92,59,2.69,12,2682.87,1,1,19
71,11.99,48,1.39,7,1961.11,0,1,22
111,17.78,66,3.8,14,4764.41,2,0,12
55,7.61,6,2.13,11,4441.06,0,0,1
98,13.13,76,4.95,11,3947.43,0,1,14
20,5.01,24,4.8,5,2361.49,0,0,6
81,11.39,22,3.94,4,1513.53,1,1,8
17,15.84,50,4.88,4,3192.19,0,0,18
106,17.41,46,1.42,5,4939.2,0,0,7
80,2.55,4,2.12,3,3538.86,1,1,20
73,7.45,12,2.01,9,5826.81,2,1,9
111,12.97,41,1.29,12,289.54,0,0,3
30,1.18,4,4.89,2,5990.41,0,0,11
81,13.97,22,1.24,12,4210.17,2,1,7
72,10.8,61,4.43,7,5029.51,0,0,0
94,6.13,0,4.07,4,2142.72,0,0,22
73,16.39,73,2.5,8,3148.38,2,0,8
29,6.16,90,1.08,7,4822.54,1,0,6
17,19.83,53,1.02,8,4611.77,0,0,8
67,16.42,71,1.82,4,2137.4,1,0,6
55,14.31,2,2.98,11,2081.58,2,1,1
40,1.7,82,2.83,2,4044.3,0,1,20
102,18.13,63,3.34,7,5615.22,0,0,19
18,15.91,50,4.09,12,2744.96,0,0,15
24,4.97,1,2.51,9,2247.06,1,1,9
103,8.15,48,1.64,6,5389.18,1,0,23
35,5.74,30,4.2,7,4161.73,0,1,9
19,19.7,73,2.33,6,2452.0,1,0,13
38,17.16,79,2.15,2,532.2,1,0,8
89,18.64,83,4.06,13,4384.64,0,0,18
45,15.88,2,4.74,9,2246.74,1,0,18
93,9.4,34,4.66,5,609.28,1,0,20
118,4.51,84,1.55,12,3751.28,0,0,1
46,4.56,35,3.01,15,2073.44,2,0,19
95,3.46,63,1.37,3,2163.05,0,1,18
80,11.16,31,4.84,4,2979.19,0,0,10
32,18.44,17,1.86,4,4361.35,1,0,5
50,19.84,33,1.79,13,1802.72,1,0,16
113,6.1,55,4.56,12,669.49,2,0,4
102,14.1,66,4.87,9,2661.67,0,1,10
89,12.14,52,3.79,11,518.57,0,0,3
111,10.03,66,1.48,5,4244.16,0,1,0
37,13.48,90,2.94,2,5763.61,2,0,15
57,7.74,65,4.27,6,4020.8,0,0,3
47,18.92,63,3.29,12,1797.26,1,1,14
40,14.26,66,1.53,14,1253.87,0,1,22
23,15.21,80,1.69,7,1550.14,0,0,2
106,5.23,38,4.46,8,1485.34,0,0,11
82,3.79,37,3.11,5,2020.22,2,0,20
100,8.19,39,3.82,8,764.61,0,0,23
97,15.45,18,2.49,8,5395.17,0,0,14
86,18.81,82,3.13,14,5333.7,0,1,10
99,8.83,4,4.91,4,3768.37,2,1,2
38,15.6,68,2.32,7,559.14,1,0,18
60,9.67,13,3.7,12,4863.2,2,0,10
58,6.26,90,1.69,13,558.37,0,0,7
52,14.92,48,1.49,9,817.24,0,1,18
101,16.06,63,4.13,10,2086.72,0,0,1
101,4.46,56,4.38,4,2702.53,1,1,1
81,6.45,34,3.67,9,2252.56,0,0,11
96,10.15,84,1.63,12,1158.33,1,0,7
102,4.14,4,1.96,4,850.35,0,0,5
14,18.61,87,4.64,1,5184.61,1,0,2
51,12.03,38,2.15,4,2306.45,0,0,10
16,2.86,23,4.28,2,1467.88,1,0,15
51,4.09,39,2.14,6,3024.55,1,1,10
45,19.11,49,4.76,13,413.58,0,1,9
114,14.89,76,4.66,15,3681.63,2,0,9
36,14.82,57,1.17,15,1641.24,1,1,16
67,1.91,0,4.08,8,3669.54,0,1,10
55,17.96,42,1.68,6,3761.93,1,1,21
75,9.15,38,1.86,9,4893.5,0,0,13
34,13.36,9,2.84,6,1533.45,0,0,8
82,19.21,1,3.31,11,2888.09,0,0,15
36,2.45,62,2.3,7,5778.95,0,0,5
10,9.9,15,3.3,12,4417.32,2,1,16
96,1.47,36,1.68,5,5856.99,0,1,21
83,10.24,15,1.09,8,5578.72,0,1,21
51,5.42,86,3.28,2,3742.34,1,0,2
61,18.27,89,3.07,2,1730.8,1,0,1
34,8.27,79,3.76,11,4590.16,0,0,10
63,12.86,26,3.6,8,4249.09,1,0,23
76,17.28,62,4.59,6,3615.56,0,0,17
15,19.68,63,2.84,2,4247.41,1,0,22
67,10.32,31,1.03,6,3758.8,0,0,2
79,9.39,8,3.52,13,3212.4,2,0,14
62,1.98,10,3.7,11,2612.54,0,0,4
75,0.75,69,3.09,8,459.31,2,1,10
67,12.37,29,3.76,6,5220.99,1,0,2
91,1.78,14,2.29,9,5220.14,2,1,14
96,7.92,58,1.6,6,3645.47,2,1,2
11,0.57,47,3.66,14,1753.73,0,0,6
85,12.5,81,1.98,3,363.16,0,1,6
31,8.8,75,2.83,9,208.29,1,0,22
46,2.98,59,2.97,10,622.86,0,1,10
29,6.28,67,2.91,15,2287.34,0,1,15
112,11.61,56,3.39,5,1292.7,2,1,3
33,13.31,63,1.12,6,1737.34,0,0,10
93,9.52,53,4.96,4,4258.03,0,1,13
74,16.18,79,3.87,3,5763.07,1,1,7
74,2.69,86,2.7,10,1399.3,2,1,16
90,2.15,74,1.77,14,2900.73,2,0,22
10,1.36,53,1.32,5,5950.58,1,0,23
118,10.95,58,3.69,12,5603.71,0,0,17
103,14.27,87,2.27,3,2243.43,1,1,5
114,3.05,85,1.92,13,2054.2,1,0,20
120,12.96,38,2.52,2,1604.59,0,1,19
12,9.8,14,3.37,15,1101.34,2,0,19
55,19.75,78,3.69,6,2868.3,0,0,9
64,14.49,73,3.58,14,2178.5,0,0,5
84,13.32,27,4.45,8,4520.06,0,1,11
97,11.62,35,1.88,14,1573.83,2,0,16
95,19.95,53,3.55,3,4470.73,0,0,12
73,19.62,16,1.4,6,1871.25,0,0,0
117,10.99,85,3.19,11,3637.83,2,0,3
54,9.38,86,3.34,14,3902.89,0,1,15
35,9.51,21,1.86,9,4096.33,0,0,18
86,8.85,74,2.57,15,1216.97,0,0,4
74,10.86,35,4.31,14,1839.73,0,0,12
33,5.83,28,1.59,1,1627.47,0,0,9
83,18.57,54,2.74,3,3541.73,1,0,4
44,10.06,41,4.73,13,639.33,0,0,15
33,16.92,31,3.02,2,3205.89,1,0,0
37,9.77,13,3.9,12,707.31,2,0,11
109,14.51,17,4.31,8,2154.92,2,0,14
89,7.07,37,1.82,9,4182.9,1,0,4
113,12.68,33,1.87,10,2592.87,2,0,5
25,10.22,44,4.03,6,1825.98,2,0,10
68,7.66,86,4.01,3,3771.97,1,0,19
90,17.69,31,1.24,10,4493.56,0,0,13
63,2.7,66,2.29,8,1676.59,2,1,1
88,10.0,62,2.59,10,1936.52,2,0,9
25,4.29,54,4.32,15,3913.7,0,0,11
24,17.29,42,2.69,7,5798.29,2,1,8
107,5.44,21,4.7,14,1440.45,0,0,8
20,12.85,86,4.99,2,3994.64,0,0,9
74,3.73,67,4.12,11,5458.22,0,0,6
88,8.4,76,3.67,7,2879.41,0,1,1
99,18.04,28,2.57,1,2037.7,1,1,22
77,3.74,39,1.27,8,4067.85,1,1,0
52,13.43,44,3.29,12,382.3,0,0,21
78,4.49,9,2.45,5,2288.93,0,1,21
108,8.61,76,2.4,9,1696.25,1,1,20
22,11.04,44,3.75,12,1502.81,0,1,22
19,11.76,16,2.85,11,1242.6,2,0,18
84,12.25,1,4.01,12,4474.97,1,0,22
91,12.98,16,2.59,3,5739.58,1,1,21
107,5.8,89,1.6,12,2431.67,0,0,18
112,8.33,37,2.85,7,484.8,2,1,21
50,1.23,36,4.8,8,4369.69,0,0,0
115,15.49,62,4.21,1,3321.59,0,0,1
59,16.82,4,1.82,14,4397.14,2,1,3
96,4.39,24,2.57,6,3957.84,1,0,15
80,4.43,72,4.71,14,5451.53,0,1,12
68,1.32,21,1.49,11,1014.55,1,0,11
48,19.42,62,2.02,2,1181.14,1,0,4
12,16.24,34,2.05,8,2181.1,1,0,2
85,7.53,54,3.28,6,3050.06,1,0,19
16,9.9,19,2.64,11,5569.14,2,1,1
58,6.19,4,1.32,15,5460.39,2,0,23
35,12.15,38,3.52,11,5256.86,2,0,4
42,14.49,62,1.4,12,1490.66,1,0,0
110,9.22,31,3.43,3,4432.12,0,0,13
57,17.54,62,3.03,4,2424.25,1,1,14
88,10.58,73,2.97,7,5600.86,1,0,3
11,3.31,39,1.27,9,1444.31,0,0,11
114,12.63,16,3.56,11,1019.3,1,1,9
80,9.51,78,2.73,10,5085.83,1,0,17
41,18.75,72,2.64,2,4358.06,2,0,8
13,8.14,31,3.39,9,4964.25,0,0,4
29,8.36,22,3.42,15,1116.07,1,0,21
45,13.19,74,1.06,6,5331.8,0,0,8
41,10.78,59,1.5,2,4130.2,0,1,18
37,7.8,76,1.95,8,3979.05,0,0,19
86,19.8,81,3.71,4,3578.99,0,1,16
10,6.39,55,3.31,11,4636.28,0,0,14
69,5.91,8,4.03,13,2610.53,0,1,13
65,17.36,68,3.96,15,970.36,2,1,23
44,0.57,61,4.41,8,3327.74,0,0,17
39,4.42,63,2.51,11,4538.99,2,0,13
63,12.01,21,2.38,7,1091.16,2,0,19
45,3.67,31,4.32,7,1499.32,0,0,2
64,19.72,46,1.95,11,4239.96,0,0,20
98,9.55,1,2.84,13,1763.98,1,0,1
89,12.15,84,1.78,14,1185.66,0,0,19
67,3.63,51,4.66,7,5358.47,0,0,20
92,6.14,87,2.63,2,1133.19,1,0,5
74,12.49,87,1.85,8,2196.06,0,0,23
78,11.22,13,3.77,2,2684.9,1,0,8
60,15.8,36,1.98,3,2961.61,1,0,0
31,5.75,26,4.77,10,2295.6,2,0,14
97,13.24,23,2.47,7,5492.72,0,0,0
116,6.17,63,3.66,7,4020.03,0,1,2
118,11.94,69,2.38,12,2285.07,1,0,23
110,12.3,25,4.23,7,2274.77,2,0,15
62,2.88,53,4.59,4,3117.12,2,1,14
109,11.2,14,4.15,5,395.25,1,1,14
45,0.73,28,4.39,7,5574.53,1,0,4
77,10.27,73,1.41,8,1495.19,1,0,9
45,14.1,27,4.7,3,4246.04,0,1,21
61,1.92,58,3.5,6,4710.79,1,0,10
62,18.8,72,4.48,12,4998.82,0,0,7
91,9.45,20,3.74,9,1160.73,0,0,14
59,18.8,9,1.81,10,3312.82,2,0,19
89,2.59,3,3.44,14,685.31,2,0,11
50,19.02,61,1.36,11,4867.8,0,0,3
27,2.63,3,3.78,12,3021.42,2,0,9
31,9.5,5,2.64,5,1119.24,0,1,15
75,18.79,89,1.61,4,4368.34,0,1,14
30,5.04,79,4.92,9,2120.79,2,1,4
109,1.18,71,4.6,4,864.14,0,0,21
53,15.97,15,4.57,3,2874.23,2,0,21
112,12.12,37,4.16,13,1564.43,0,0,11
56,10.52,48,3.77,7,5711.29,2,0,10
48,1.17,60,3.62,5,2295.9,2,0,23
38,13.24,64,1.42,1,3520.23,1,0,10
63,3.85,82,4.6,8,5700.49,1,0,12
99,18.66,49,4.52,11,2483.58,2,0,8
94,13.87,16,3.99,1,2277.14,0,1,15
26,14.29,27,4.71,9,1141.95,0,0,15
89,5.04,43,3.21,1,5642.16,1,0,0
69,17.67,11,2.79,4,4844.32,0,1,18
40,10.99,69,4.87,10,1481.86,2,0,22
82,17.21,70,2.86,4,2129.51,0,1,18
104,5.78,71,3.57,11,5506.49,0,1,20
87,15.23,2,2.49,14,3316.22,1,0,3
58,11.7,48,3.55,9,3426.74,0,1,4
110,1.44,20,3.88,1,3959.24,0,1,2
11,8.4,7,3.5,10,4620.55,0,0,18
57,4.09,63,3.06,13,5647.86,2,1,12
119,7.5,58,2.2,9,4852.91,1,0,12
23,7.98,29,3.58,4,5620.39,0,1,23
68,9.76,31,4.63,7,4959.54,1,0,18
106,12.21,74,1.03,9,469.32,1,0,12
108,11.63,19,1.54,11,881.7,1,0,23
67,1.26,15,1.48,7,5332.38,0,0,4
112,15.14,24,4.69,2,360.64,0,1,16
67,19.01,59,3.65,6,4806.21,1,1,17
120,7.3,44,4.81,13,5129.09,0,0,11
60,4.01,8,3.33,6,2609.69,0,1,22
93,11.03,50,2.85,3,2258.16,0,1,16
11,14.25,60,4.17,4,1327.54,0,1,17
50,13.74,39,1.64,6,483.73,1,0,0
92,12.44,60,2.53,11,4523.22,0,0,22
110,3.35,66,2.87,6,627.62,0,0,1
91,16.82,79,2.19,1,5679.08,0,0,12
25,8.8,75,2.49,10,1921.11,0,1,9
13,4.82,14,1.31,8,4806.62,0,0,2
21,2.18,52,1.79,9,546.16,1,0,14
38,8.63,3,2.34,2,3310.42,0,0,22
16,12.55,22,4.18,4,2224.78,0,1,0
23,13.47,26,1.73,11,374.01,0,0,11
21,19.27,36,2.39,6,4003.64,0,0,3
108,3.49,76,1.26,2,5670.34,2,0,22
14,19.72,42,3.23,11,262.37,1,0,1
90,13.27,36,3.45,7,1768.53,1,0,19
115,9.36,84,4.46,6,4280.91,0,1,22
41,17.82,28,4.28,8,5253.27,0,0,18
83,14.04,28,2.14,15,1306.52,0,1,18
52,7.3,48,1.55,7,610.16,1,0,19
90,17.74,74,1.62,10,250.12,1,0,19
78,13.5,50,4.88,1,1448.2,1,1,12
54,14.13,49,3.69,10,613.64,0,0,23
