days_since_last_visit,visits_last_30d,avg_session_len_min,classes_attended,trainer_assigned,promo_used_last_90d,contract_type,days_to_expiry,feedback_score,missed_classes
6,2,47.937200176660966,3,0,0,5,41,4.132326373571576,2
7,8,50.28221364651145,4,0,1,4,22,3.248080363067317,3
7,2,64.8463876551032,2,1,1,5,33,4.825126384115644,4
7,5,41.96763892836351,3,0,0,4,2,3.9314427412941555,2
18,8,81.45974570594326,7,1,1,4,29,4.411851862297077,0
4,4,33.139402220632924,1,0,1,3,49,3.6912343436009856,0
0,9,63.21314541746077,5,0,0,3,52,3.859521801241255,1
10,6,44.05274771206278,5,0,2,4,33,4.924436467959001,3
8,8,67.07967485343808,4,0,0,4,31,3.204957949465282,2
0,10,45.438977120342884,7,0,0,4,52,4.189316556210964,1
2,6,68.86419019939692,7,0,0,3,28,4.122557925729544,1
10,6,72.22888050965807,4,0,1,4,8,3.5405115415936703,0
4,3,73.53924650178315,2,0,0,2,1,4.213453481544402,2
31,3,52.68825651546022,2,1,1,2,56,3.5928356080305495,0
2,14,82.59737506349218,12,1,2,3,38,5.0,0
0,10,60.82322718564123,7,0,1,2,6,4.531059177051182,0
8,7,59.37650608184396,12,1,0,2,45,3.9933763980929142,2
64,1,68.27267845466973,1,0,3,5,4,2.237758700651436,4
15,2,35.49170424486482,2,0,1,1,7,2.719449325716031,3
6,5,56.58570454979572,2,0,2,5,31,4.861878957686642,1
0,7,65.45354731677533,2,0,1,3,54,3.980974303305166,0
9,12,51.25278066899371,14,0,0,5,53,4.215257892135684,0
3,10,59.42420464401706,11,1,1,4,17,4.022774098703778,1
15,3,85.094269668449,0,1,0,3,37,3.8712933928313,1
13,2,47.997591264764075,3,0,1,4,45,4.947229785058289,1
4,6,72.02436302305988,6,1,0,4,17,3.6727234159079583,1
1,4,50.621862553823064,2,0,1,4,48,3.113505046212549,0
21,4,61.21994082884942,0,0,1,2,40,5.0,1
13,17,68.02353158952295,15,1,3,5,44,4.704358303637104,0
27,1,72.36899703363301,0,0,3,4,15,3.7660107699895207,1
4,5,65.60990665531905,1,0,2,3,20,4.850382860722203,4
15,4,71.16787733976886,1,1,1,5,9,4.877129260998905,1
1,6,57.34519154608566,4,0,1,4,41,2.9755522901629963,2
5,5,53.539141290405894,6,1,0,5,3,4.4905129038922125,2
16,2,75.51743512670949,1,0,1,4,43,4.3075290578427525,1
26,2,32.398270129324956,3,0,2,5,58,3.3648128940639963,1
5,8,53.948672636431915,6,1,0,2,7,2.5459346384850656,2
24,5,56.27352893275604,2,0,1,5,46,3.749914062564587,3
16,6,62.68210729776314,5,0,1,5,52,3.765048765753955,1
6,3,73.52407795347798,0,0,1,3,54,3.9977661898820305,3
31,2,63.094638289005786,1,0,1,2,18,3.5757185004650918,0
10,6,56.73671383301504,3,0,1,3,46,3.771690011288369,2
15,3,72.53422435369598,2,0,2,5,39,5.0,2
10,4,64.26190003331686,1,0,2,3,39,3.728165481231153,2
9,8,61.94081848057131,5,0,0,4,50,4.995675908457048,1
28,1,84.0247960493636,1,0,1,1,8,3.0976956238006457,1
5,4,74.53533583943482,2,0,1,4,29,4.824046541202715,2
0,7,99.81648511966193,8,0,0,4,55,4.039593460260748,1
31,5,30.695800446183426,6,1,1,5,16,3.0674286783537594,0
26,3,79.41807370724258,2,0,0,4,39,4.278908227606905,4
6,4,82.28180034913146,3,1,0,5,43,3.907027219654947,1
3,9,49.7700538255512,4,1,1,4,58,3.899178311774364,2
16,3,58.257934915162885,1,0,0,1,14,3.03299511125841,1
1,7,61.29660767478428,2,0,1,3,3,3.6772728816050475,2
8,9,53.26800619337928,5,0,1,4,5,4.856853143643949,1
1,8,54.890732770008356,3,0,0,5,60,3.954134828395342,0
13,4,109.59184479815995,2,0,0,5,15,3.307601222117419,0
0,7,60.031945518081336,1,0,1,3,25,3.8642282142811935,0
14,4,68.84826997694593,5,0,1,3,56,4.4884243292369606,1
16,2,65.6186854631773,0,0,0,3,36,3.7190910412780758,4
10,6,61.40185133648057,5,1,0,5,22,4.753693385033201,0
2,6,43.13987545711123,1,0,2,5,12,5.0,1
1,7,74.47086905755772,6,1,1,5,46,3.711897891062625,0
5,7,59.289861437280805,6,1,1,4,16,4.206253091538611,0
9,6,36.6472739904647,3,0,2,4,56,3.6474982750959253,2
15,4,62.42435012608233,5,0,0,4,53,3.694105711610788,1
0,8,64.61857810271785,2,0,1,3,26,3.692929941819564,0
18,7,77.40455108678725,3,1,2,4,51,4.419221961313212,0
18,2,39.778795931750864,1,0,1,1,21,2.8015814386543525,7
8,5,58.25989382722855,8,0,0,2,36,3.705209107137724,1
6,6,49.786857372556376,2,0,2,5,18,2.938752214349879,2
27,4,47.51066391677206,1,0,1,5,38,4.764233979721096,0
23,10,63.375064494642686,12,1,0,4,34,3.9491588988161963,1
61,1,53.32267456992089,1,0,0,4,12,4.03541608501103,2
6,6,67.55696261626122,5,1,1,4,13,4.981484407680027,0
35,2,46.606492183939416,0,1,1,5,47,4.6720673748222445,1
1,10,57.87272658398025,11,1,0,5,30,3.9631682673304467,1
7,4,64.29966061556169,1,0,1,5,44,3.605673693111765,2
9,4,66.27619471806698,3,0,1,5,1,4.052682725058035,0
8,6,62.813299918082556,1,0,1,3,45,3.6635665348658852,0
14,3,59.36742784215588,0,0,0,3,51,4.436966514732653,2
2,12,51.331601626565735,8,1,2,4,38,4.279918478087692,0
30,3,83.82164238300538,2,0,1,3,36,3.330533337311618,3
12,6,63.2118186732408,3,0,2,5,13,4.473262508676587,1
35,2,42.98221280998847,2,0,0,3,8,3.8827701022402477,4
0,12,30.538200597660065,6,0,0,2,9,3.21030901132617,3
14,8,77.9534645045473,5,1,1,4,6,4.412620915231461,1
7,2,40.66991140645504,2,0,1,5,27,5.0,1
10,5,62.78834655013456,5,0,1,3,45,4.134580144961687,1
20,5,42.085357925135256,6,0,1,4,24,4.58158340234838,0
3,5,62.15165890817104,1,0,0,4,45,4.808208472902597,2
3,8,64.68165484188975,3,0,0,2,56,4.644170512639986,2
18,1,72.00976463170508,1,1,2,4,27,2.674082970644652,4
11,6,58.62751513630344,1,0,2,5,1,2.7240070823123155,3
3,3,58.68553537264534,3,0,1,4,16,4.341925821317735,2
9,13,43.98562426429823,5,1,1,5,58,5.0,0
9,11,56.17802410198594,7,1,0,3,51,3.5538409813865695,0
17,3,60.57235482005101,2,0,0,2,3,4.661528209684259,0
0,19,60.6184573549664,15,1,0,5,12,4.111052559366223,0
13,3,57.47852369317164,2,1,1,4,17,3.8938446215941394,0
13,3,43.88364280270843,2,0,1,4,2,3.646149517392668,1
20,2,40.564433277282205,2,0,1,5,50,5.0,0
33,10,82.61325086388709,8,1,0,3,36,3.5514781349623474,0
8,5,68.82804542073424,1,0,0,5,32,3.6326322360978565,1
6,8,95.38185030191087,1,0,1,2,40,4.455628702926512,1
1,4,66.01957355588475,2,0,1,3,23,3.6171846854430783,0
6,3,69.98903104758472,3,0,1,2,7,4.887181324670431,2
1,7,46.41785496388859,2,0,1,5,34,4.042968980506842,2
24,6,82.02968609075613,7,1,1,3,1,4.655594552194665,1
24,2,32.2978256138735,0,0,0,5,32,4.007435763187169,2
8,7,69.68365946812071,2,1,1,5,11,4.361548095430312,0
4,6,61.66875830177647,2,1,2,4,21,4.821007769151547,0
1,7,81.88594156209365,5,0,0,4,12,4.483753259186604,1
28,2,58.0379799010966,4,1,1,4,9,4.85078180214788,0
31,4,60.576348736666944,4,0,2,3,16,3.845150520316717,1
4,8,31.02181108108747,5,0,1,4,42,4.1341247545053355,3
14,5,31.61020035252128,2,0,1,4,4,2.4358222905116755,6
4,6,65.54017173142832,6,1,0,5,56,3.4836026486953404,0
3,6,77.08115595461793,1,0,1,5,58,3.5624408604195557,1
0,9,64.34652690964553,4,0,2,5,8,3.466603327332056,3
12,2,57.97346476246965,2,0,0,5,12,4.270140273764657,0
2,8,64.61979748308522,3,0,0,4,59,3.434313339269479,1
0,13,62.97458749247493,11,1,2,5,51,4.3522262040375495,1
1,15,69.93550459448899,15,1,3,5,22,4.471083430238224,0
5,6,45.567073974065536,5,0,0,4,29,3.9820080331078915,2
16,2,63.83896922303012,1,1,0,5,42,4.055786295035984,1
3,8,44.82471621542025,4,0,2,4,54,4.309916809146035,0
32,4,76.54962768852417,4,0,0,4,3,5.0,1
5,3,43.58141166024616,7,0,1,5,20,3.852996375521857,3
6,3,56.63002606797177,2,0,1,5,42,4.015812562184739,0
3,3,68.95951338096376,3,0,0,3,8,2.856173142455306,3
4,4,40.19326515584183,4,0,1,5,6,3.2876954430997163,0
1,9,47.78390194893791,4,0,0,4,15,4.773617764956317,3
5,3,93.5257218060144,3,0,1,3,22,4.220929494685504,4
29,6,74.11070165983436,7,0,2,5,57,4.540653463519845,2
17,5,65.01959133374999,0,0,0,4,22,4.700679499706962,3
31,1,69.67900295565148,2,0,0,5,30,4.010368943358226,3
1,8,34.43485408281457,3,0,0,3,56,5.0,0
9,3,69.4269252291213,0,1,0,4,4,3.2644559956940347,2
3,17,89.32090435522845,11,1,1,4,5,3.5240499583855613,0
19,5,52.591594525782476,4,1,0,4,50,4.079236979602007,0
52,3,87.35392740550941,3,1,0,3,0,4.082233814086964,2
25,10,53.06083986146842,4,0,1,5,58,4.448821194588706,1
0,12,61.820903017943095,8,1,0,4,47,5.0,0
5,6,39.91024707306997,1,0,0,5,27,4.088393463651572,1
0,11,66.53684107685683,5,0,1,4,17,4.804203635438494,0
0,14,62.236205159343356,11,1,0,4,23,4.251282453539575,1
1,8,56.66237119314591,7,1,1,4,12,3.6322063676032794,1
4,10,47.086787108536484,6,0,0,4,32,4.504491456404234,0
5,10,63.37850380174549,5,0,0,4,9,4.596835066151727,1
7,9,50.584178983201326,4,0,2,4,6,4.172948391357946,1
7,4,76.59606595916878,3,0,2,4,36,3.796819738437978,3
22,6,63.889531684198325,2,0,1,2,31,3.5669616937292994,3
2,5,52.71370935066537,1,0,0,4,44,3.4014015833376945,2
2,7,75.00626229191617,7,1,1,3,21,4.519518445864922,1
14,2,53.53666631813177,0,0,1,2,15,3.043598951403032,5
12,11,74.58835816165241,6,1,2,5,23,3.7465504327022794,0
2,10,61.76677358355465,6,0,1,4,51,4.308778353929404,1
28,3,31.382235015732547,3,0,0,5,53,3.516852558534505,0
5,3,68.81993090382122,3,0,1,4,13,3.9663925339140786,1
6,12,59.20375882173886,9,1,2,5,10,5.0,0
8,6,68.32401529675431,4,0,0,4,18,3.9970758626655836,2
5,4,63.235605609294204,2,0,0,5,22,3.1800322792564626,1
12,4,63.333431403053886,3,0,0,4,33,3.817147931736481,3
7,11,60.63957196997243,7,1,0,5,59,3.3337161787889213,0
4,4,103.23993766082263,0,0,0,5,39,2.417573490807696,2
35,3,67.88826951887813,1,0,0,5,12,3.1925862474029394,2
5,6,33.476985014935266,3,0,1,3,38,5.0,0
17,6,37.382467517673035,5,0,1,3,43,3.5379207117989453,2
6,5,66.49999509344418,2,0,0,3,27,5.0,0
8,8,51.413580674789436,6,1,2,3,39,4.686238575463384,1
4,7,76.10168961181466,6,1,2,5,15,5.0,1
20,4,64.84374835242748,3,0,1,1,49,2.520478167680593,2
20,3,65.65107341741694,1,0,0,2,50,4.198529065961792,4
0,9,46.19447371480747,5,1,1,3,27,3.911216314570987,2
0,5,68.61764747682898,1,0,0,3,3,4.569530010432558,1
38,3,62.583377514970955,4,0,0,3,27,3.821391937604066,1
32,4,45.95377371583838,3,1,1,5,56,4.13406948423691,0
10,6,46.0140331503503,3,0,1,4,59,4.003517280680818,1
10,1,84.84228713196502,0,0,1,1,11,3.8010542898560193,3
25,4,68.52018771451162,4,1,0,4,15,4.926235514480527,0
2,6,54.262791857422584,3,0,0,4,52,4.225132195946464,2
15,2,51.81342443326248,4,0,0,2,53,3.863883668981544,1
9,12,60.15700152268394,5,1,1,5,48,3.6271542009337407,1
20,4,64.32712277113507,3,1,0,5,35,3.826314352557052,0
0,10,39.78388747182717,5,1,1,5,19,3.561993770453611,1
13,4,58.12727630604962,5,1,0,5,25,3.5480269885736075,1
12,5,30.0,0,0,1,1,55,4.39684394199695,3
27,3,59.63081258680667,2,1,0,5,55,4.246985075631449,1
16,6,81.85821723325938,2,1,0,5,25,5.0,0
31,4,40.48203086193067,4,0,1,5,21,3.815648782049716,1
32,2,57.90165458065219,1,0,1,1,55,3.9834076498974924,1
7,8,56.74160316571134,7,1,1,5,8,4.089147256497378,2
2,16,43.13536995537514,15,1,2,5,4,4.442278332952373,0
14,5,53.20453445315975,3,1,0,5,16,3.135460897740548,2
31,3,40.180088794881456,1,0,1,2,48,3.743317902672893,1
1,11,45.48336613054844,8,1,3,5,33,4.7282780955313175,1
12,6,62.45580568315732,8,1,2,5,1,4.433731343674172,0
1,11,65.81105610260974,5,1,0,5,52,4.302080612617138,2
0,5,55.06111831403173,3,0,2,4,54,4.824399391052236,2
17,4,80.1290979545833,6,1,2,5,6,4.959884996064735,1
17,2,70.97324932557473,0,0,0,4,35,4.355565550327045,2
13,5,89.51815993622981,2,0,1,4,12,5.0,1
29,2,58.223018497417314,3,1,1,4,19,4.228406014543981,3
1,11,44.266581958721126,10,0,0,5,29,4.01885427209316,0
1,7,57.16726644727653,7,0,0,2,29,3.8209809453505335,1
29,4,90.23610031146384,2,0,1,4,10,4.205512058132956,2
10,6,44.96257344094624,8,1,0,5,30,3.8396637975063497,0
4,5,72.73924062004514,0,0,2,5,57,4.651688727307271,1
20,3,44.55785596413582,1,0,1,4,2,2.3580324370281653,3
33,6,54.50515526811967,4,0,0,5,58,3.8090971248443544,0
17,0,52.494382953050916,0,0,0,5,1,3.9798282733103587,4
23,5,46.240069425950466,3,1,0,2,47,4.034371583080061,1
4,3,71.69429315610444,1,0,1,4,2,3.0413736498975146,2
5,6,81.59425436042095,5,0,1,1,55,4.100692221238331,2
29,4,73.53482481028841,1,0,0,3,14,4.361106690613276,3
14,4,60.39969043628685,1,0,0,4,16,2.9152571190193264,2
4,9,37.70059041838234,2,0,2,5,47,5.0,0
11,2,61.947974415187076,2,1,0,5,51,3.416869868476927,2
17,1,69.3804559843738,1,0,1,2,6,3.3813053787822605,5
3,6,58.621045791528495,4,0,1,2,47,3.3153824566705468,1
15,5,79.92333932577912,6,0,0,4,4,4.185767378304888,0
0,15,57.04988234698104,9,0,0,4,33,5.0,2
5,11,51.00852218569548,8,0,0,3,32,4.04333782647763,1
16,5,74.80711516134197,3,1,2,5,53,4.081598821268803,1
2,7,73.00117512948114,4,0,1,5,60,3.7086548317673294,0
3,8,82.47189865053295,6,1,2,4,44,3.4367266002673107,1
31,4,67.83758078438309,1,1,1,5,15,4.208616452155574,0
16,6,47.93071376273718,3,0,1,4,36,3.64774503398158,2
10,3,30.0,0,0,1,5,2,4.240298001482024,0
3,2,34.159738665857546,1,0,1,4,58,3.1987929515688127,4
6,8,51.28948062798745,3,0,1,2,58,4.107982908930933,2
12,2,79.89774750992615,0,0,1,5,46,2.5806335266789793,1
2,13,78.35484505873985,12,1,2,4,47,3.0304009404809857,1
9,7,53.934011577069114,6,0,2,5,42,4.8515367396333025,0
7,5,72.20300836392718,1,0,1,4,56,3.8297751948604506,1
9,8,39.35694933937676,4,1,0,1,50,3.675430354614138,1
1,12,78.61959918918305,12,1,1,2,49,3.9804003241623316,0
1,13,55.78965845125458,10,1,2,4,20,4.366797952489896,1
49,0,69.70825915037003,0,1,1,5,40,3.214318572793328,5
58,2,68.07113419359499,0,0,0,3,7,3.256728254001746,1
8,6,66.9789719919565,2,1,2,5,21,4.275250860148389,2
23,3,41.99642464989218,3,0,3,5,50,3.8877052204551776,0
15,5,51.193841787108184,4,0,0,5,53,2.8856802880558474,2
1,10,75.81993321931506,6,0,1,4,4,4.127266618622682,1
5,2,67.61574742478298,0,1,0,5,16,3.2116783113040412,3
5,9,43.78476403304732,7,0,0,4,36,3.876971000193611,0
13,7,65.64222689054876,4,0,1,4,13,3.6852914739566036,0
13,6,44.30517707917652,3,0,1,3,38,4.586646086093987,2
38,2,41.02759306229216,2,0,1,3,40,3.4256280002491386,6
23,2,50.69133660744993,1,0,0,1,27,3.880624652205785,0
29,4,58.5551992900785,3,1,1,4,30,3.949159045389759,2
33,3,41.967204879049035,0,0,1,3,16,3.57104342208194,2
24,1,73.37230934796719,0,0,1,3,34,3.2899184205068672,1
6,3,49.359519619857515,2,0,0,5,39,3.9984742578012034,0
3,8,59.518810316104386,3,0,0,3,21,3.263934430216928,2
12,1,66.72335983683212,2,0,0,3,44,3.8773607191581214,4
17,0,87.69410803445541,0,0,1,3,47,4.046328185590326,2
7,6,68.9011944591362,4,1,1,5,52,3.3170853085476932,1
28,2,55.431596101465935,1,0,0,2,28,3.1541396341352237,2
48,2,45.197040097854796,2,1,0,4,9,3.543060202091349,2
12,4,41.22184912227827,1,0,0,4,17,4.737127996534983,3
9,9,45.27521618782498,6,0,2,5,34,4.23732499943795,0
27,4,57.757859396005976,1,0,1,4,43,4.29905773420345,1
0,11,78.0865098379953,12,0,1,5,15,2.7997346501223483,1
2,7,58.06950420843173,4,0,1,1,49,3.6626082916356433,0
28,4,51.597832525486666,2,0,0,3,48,4.158148374313999,1
19,4,61.71068006650439,3,0,3,3,6,4.908004335217012,0
8,4,84.72422932573573,3,0,1,2,29,4.540602956512391,4
32,1,48.67774787242564,0,0,1,3,18,3.9626672007116452,3
6,2,66.87201860884954,1,0,0,3,54,4.886388334709511,1
15,6,54.55961310493966,3,1,0,4,59,5.0,0
15,8,63.01543355400326,9,1,0,5,22,4.0739127647304025,1
3,4,69.5803794835461,6,1,0,4,7,4.569879177994564,0
5,8,80.61140494178412,6,0,2,5,16,3.2431947674694586,2
37,3,59.16992880731192,0,0,0,3,20,4.816099915829341,2
3,15,77.01011477824962,7,0,0,3,25,4.882193766122289,1
2,9,66.0795373102966,5,0,0,4,56,4.598160858909322,1
9,5,40.553849757659926,0,0,2,1,27,3.9497151772057024,2
1,9,57.06328645303988,10,1,1,2,58,4.9065448737378645,0
33,5,94.86677102926592,6,1,2,4,38,4.649237652270752,1
1,4,58.28535802300486,3,0,2,5,32,3.4640763231290377,1
14,5,55.28029358779614,3,0,0,5,39,4.174030924972338,1
6,7,55.2427103440957,8,1,1,2,18,4.459652895661458,0
24,4,53.01737274145518,1,0,3,5,28,3.9368590225687474,0
13,0,39.35550898044953,0,1,1,5,19,4.446159117801452,3
7,4,30.0,3,0,0,4,19,5.0,0
61,2,48.39687660754234,2,1,1,5,9,4.685039846157553,1
1,8,54.72802154559767,7,0,0,4,11,3.4860756105449493,2
12,3,68.25861655222052,3,0,1,3,55,3.915777077266013,2
68,4,54.45007669065231,2,0,0,4,32,3.504711861922542,3
17,2,61.901553434246935,1,0,1,4,55,3.8255694138131573,0
20,4,42.272879027565075,1,0,1,4,24,3.7626325912416605,1
0,8,34.27880136827621,4,0,2,4,24,4.8027599064479825,1
0,9,65.21517366792662,10,1,0,5,52,3.503247264729331,2
0,6,69.76542884032689,6,1,1,5,3,3.553412855661291,2
71,3,74.73034005061729,2,0,2,5,3,4.002467272773934,2
58,2,78.06519265177744,1,0,1,5,8,4.89315002758555,3
6,6,79.77858718188301,4,1,0,5,14,4.86019922975021,2
5,2,70.30740016226916,0,0,0,2,55,3.776141294064851,6
2,11,51.4411130558906,13,1,2,3,25,3.8154211959909974,0
5,10,64.24368119853861,7,1,2,4,14,4.356327221719639,2
6,9,55.17358057315357,5,0,1,5,25,4.889075003328431,0
20,4,56.55140785918771,1,0,1,4,27,4.824567207497785,1
30,7,65.87655830174884,5,0,2,5,6,4.843407009789677,2
20,2,78.98729364409695,1,0,1,2,31,4.935088058813561,0
15,4,71.40843564941599,0,0,1,3,11,4.555538780093238,1
21,13,59.87688428986425,9,1,2,5,34,4.6906504113760095,0
20,2,61.477799640161344,0,0,2,3,51,4.26525841987687,2
9,5,65.40445029070973,2,0,1,4,31,5.0,0
6,11,77.67428066964953,8,1,2,3,8,4.6444228860219114,1
4,8,87.84353068393733,5,0,0,3,13,3.702635014067532,1
17,5,61.94895270723494,2,0,3,5,12,4.537240889276126,1
48,0,56.94785277589252,0,0,0,4,55,3.1234346602787775,2
13,9,62.36704134244081,10,1,1,4,59,4.288464083433911,0
36,2,75.47294814657913,3,1,0,2,43,3.2883363772357947,1
0,12,67.81536869575555,6,1,2,5,32,5.0,0
23,2,52.33352650406886,2,0,0,4,31,4.347280016462501,0
28,0,60.186187585154684,0,0,1,4,18,4.255920497410035,3
14,3,60.24032862118567,1,0,0,5,29,4.157433440791399,3
40,6,50.298016941915776,3,0,1,3,15,3.8712796746871168,1
13,7,50.12178847421789,5,1,0,5,11,4.246287235892822,3
4,8,41.86532762663387,3,0,1,4,9,4.148311645133522,2
3,7,57.78736256384357,7,1,1,4,1,4.346501176207574,0
12,7,76.96674255792314,3,1,1,3,17,4.466774865444431,0
35,2,75.28319229750319,1,0,0,5,12,3.698792539451523,3
1,7,59.606628516608126,9,1,0,5,28,3.7444445585280177,3
13,5,86.75393475430076,5,0,0,3,23,3.7284483901604895,1
22,4,59.17951122351813,3,0,0,3,37,4.187362146730909,2
1,13,54.88886598822086,15,1,1,5,11,3.98504065926955,1
1,9,30.34005703643431,6,0,0,5,59,4.382742827760121,2
6,9,62.98813822197004,4,1,2,5,59,4.593453592873237,1
4,4,46.56551289877038,2,1,0,4,28,5.0,0
3,9,81.7812556255173,8,0,0,5,21,4.627059485717143,1
3,12,41.34983585334041,8,0,0,4,35,3.4403682390889294,0
2,9,79.3060520498457,5,0,1,3,0,4.372809514276825,2
14,5,63.07227447924583,1,0,0,4,42,4.8542666945496915,0
17,5,42.764536863398135,4,0,1,5,54,3.894817684701417,0
18,3,35.08150522326217,2,0,1,3,39,4.420468673722707,2
11,4,65.55348655377713,1,1,1,4,33,4.4147841119028355,0
45,1,46.186391138917536,1,0,1,5,33,4.745299324427303,1
31,2,30.435377904775645,1,0,1,4,47,4.224503025841671,2
47,3,89.6911296012545,2,0,0,5,32,3.921985143971035,2
7,6,73.02564121654164,1,0,2,5,3,4.196592077952643,1
31,8,42.829341310092616,5,1,1,2,37,4.342344875914749,0
21,4,32.739741735356915,0,0,1,5,29,4.008404042565176,1
6,8,77.7133529381895,6,0,1,5,52,3.4668676457207797,1
1,4,39.68417071899164,1,0,1,5,51,4.188405355968119,2
17,6,61.488896594654776,5,0,2,5,45,4.7499010481524175,1
2,7,66.56428887049191,7,0,2,5,19,4.620115202788004,1
5,4,52.282993490493446,2,0,2,2,25,4.001066298646016,1
10,1,45.3446302289378,2,0,1,3,14,3.491895906910651,4
17,3,31.471794288374166,2,0,2,5,6,3.6009681711258676,1
39,2,66.88535961480765,3,0,1,3,6,3.2720029759654627,2
13,3,95.70807138293218,2,0,1,2,49,4.180444543283269,3
16,3,42.78905783919278,3,0,0,5,28,4.141558002418502,1
5,6,45.04854000200451,6,1,0,5,22,3.978448939645594,0
17,5,71.62546161877154,2,0,2,3,33,4.446323467098301,0
8,6,30.0,5,0,2,5,19,4.570826337808299,0
29,5,48.15497873706802,4,0,1,5,14,5.0,2
7,5,63.13443443370366,4,0,0,4,32,2.964403457492744,3
9,6,47.58172453733253,4,1,2,5,52,3.4270878067276,2
8,13,67.77481265507141,13,1,1,4,16,5.0,0
24,3,66.1999708864556,2,0,2,3,19,3.8484233338073173,2
46,4,61.72313453159554,3,0,1,3,60,4.2757530353512925,0
5,9,48.6156531744347,8,1,3,4,56,4.419735837652027,1
9,8,53.846265236362356,2,0,1,4,12,3.702841868884504,1
18,2,61.17496188606253,0,1,0,5,43,3.4699832615816013,2
33,5,63.1602929079944,4,0,1,5,23,3.5019126499077347,2
10,11,81.40739083867365,10,1,0,4,53,3.353704523311073,0
1,12,70.93882111592016,13,1,1,5,46,4.780567158482203,2
6,8,54.35109907184686,5,0,1,3,55,4.940197245324907,3
11,8,68.4711421007387,9,0,1,2,36,3.8319039510927473,0
8,3,69.4906058666237,2,0,1,5,6,4.787681763709936,2
3,12,50.16246114077387,10,1,1,2,7,4.66117583593933,0
0,11,68.72832654771473,4,0,2,3,22,5.0,0
17,3,56.46588756987933,0,0,1,5,13,4.153842892243446,2
73,0,64.37914934948766,0,0,0,4,3,4.596901243054729,0
37,3,75.13853844258233,2,1,3,5,20,4.2957666094711575,1
17,2,75.38985565490474,3,0,0,3,60,3.386940267671307,3
27,2,46.95900637693524,0,0,0,1,45,4.064934011359737,2
4,8,43.29937705583914,7,1,1,3,9,4.549412722881422,0
14,3,86.66860001861134,2,0,1,4,21,4.808655689264685,2
0,5,86.74014229787224,3,0,2,4,29,4.271894172832083,2
18,5,70.9875119990133,0,0,0,4,29,3.2718148612095774,3
52,2,55.554963635746546,2,1,0,5,59,3.844905131586546,0
29,4,55.59960621285487,1,1,1,5,15,4.651071570477082,0
11,6,45.3059321839732,4,0,1,3,10,3.841333735259292,1
23,4,63.25941591704141,3,0,0,4,21,3.9588015747435996,1
43,1,58.165121587045235,0,0,1,4,28,3.5109383227652895,6
3,4,58.58754779154468,2,0,0,5,24,2.9037386419805316,2
23,4,42.74557428831476,3,0,1,5,57,4.319434827146252,0
4,7,74.30643625802867,4,1,1,3,13,5.0,0
31,4,66.72936755637384,1,0,1,5,13,2.6699162826818874,1
1,8,66.84605531758744,15,1,0,4,1,4.121613291562729,0
2,7,33.210745503045175,4,0,1,1,53,3.429232544186163,0
19,4,37.23893071115547,3,0,1,1,12,3.9223178751747145,3
2,13,43.51154621737213,8,1,1,4,2,4.507899257156009,0
2,4,71.60249664923714,0,0,1,4,29,4.320628797064741,0
12,4,52.662142647268446,2,0,1,1,17,4.288384250124345,2
27,5,44.48272317516135,3,1,1,5,53,3.7223788582778488,1
4,6,69.80948497514918,2,0,1,3,35,3.139499778872257,2
27,1,55.13855899908736,0,0,0,4,20,3.576511366805163,3
24,5,65.59554094604917,2,1,0,3,52,3.6686881633021864,0
12,6,44.727507169154904,1,1,1,3,18,4.088106794316477,1
15,3,59.595465767214755,0,0,1,4,15,3.695607336264901,3
0,8,80.02992490324479,3,0,0,3,27,3.8256348725217904,0
6,6,78.59791635039949,6,0,0,4,3,4.1586852535316545,1
4,3,48.10488112158509,3,0,1,3,50,4.44857801427009,3
2,4,55.86365717048122,1,0,1,4,54,4.740353318660853,1
7,1,72.17972862954751,0,0,0,3,14,3.4912467276955637,5
6,5,61.327835685650214,7,0,1,5,0,4.6621648254255295,0
19,3,65.29401397581606,3,0,1,5,47,2.9027463484901888,1
13,5,80.75654324607281,4,0,2,2,46,3.6481431487235856,1
36,5,63.266799669204616,5,0,0,4,15,2.086781996129496,2
2,10,51.093670572564086,11,1,0,2,53,3.5594019254273395,0
0,8,78.84033014412036,5,0,1,4,19,4.386718687325927,1
11,2,47.65984786678268,0,0,1,3,32,3.4826011664702072,3
0,11,59.6600237699376,5,0,1,4,16,3.456526548874756,0
23,5,51.31790972191489,4,1,1,4,4,4.303292990836699,1
10,6,42.107538903287846,3,0,1,5,4,3.7610400720164083,1
10,3,58.4718177938025,1,0,2,4,57,4.847627183666656,0
6,9,60.90619855062378,3,0,2,4,38,2.7724993067518575,1
7,2,56.23439243877203,0,0,2,4,12,4.48776435188895,0
8,6,75.0065295574232,5,0,2,5,43,5.0,0
0,11,48.60174075815604,7,1,2,5,35,5.0,1
1,1,65.42269489872204,0,0,0,3,29,4.177815213611841,3
10,5,41.81255952902798,3,0,1,5,56,4.661115825729246,2
2,11,95.9710467157525,12,1,1,4,3,4.197304921118979,0
22,2,50.16523982309965,2,1,2,5,22,3.782280621761822,0
4,6,35.70249990850214,4,1,1,5,20,4.0951560258392075,0
1,7,56.50342285453134,4,0,3,3,20,3.7248680936632748,0
4,8,63.40003096909776,5,0,0,5,5,2.9135568961513325,0
6,7,73.24223229137655,5,0,0,3,23,3.8555541122302968,2
0,8,76.09752195488022,5,0,0,3,46,3.9653056155049833,0
2,6,69.34102995473256,4,0,1,3,52,3.508749815851287,0
5,6,72.6138903269545,4,0,0,5,30,3.641083057833909,1
5,6,76.55481618892384,3,0,1,3,18,4.201081340469065,2
24,5,63.71085612114485,3,0,0,1,37,5.0,1
27,4,48.561298038332204,2,0,0,5,11,4.262812341000977,0
3,9,61.33642008679925,4,1,0,3,13,4.151545017983729,1
1,4,49.25752337938499,2,0,1,2,49,4.000340809389818,1
15,4,75.7382334461877,5,0,1,3,59,4.071139701378967,2
24,1,78.0297185022055,1,0,2,4,11,3.740520231993177,1
49,1,78.93971454040216,0,1,0,4,55,3.7378516479769854,3
0,9,42.74336935974215,7,0,1,1,55,3.7157365334909547,0
8,7,75.92698862659992,8,0,2,5,14,4.312655066496676,0
19,6,51.40046948969568,3,0,0,5,18,4.757477985629052,0
26,6,65.53331354006667,2,0,2,3,27,3.6513440929450054,1
0,11,72.41089868751867,4,0,1,3,39,2.9647635121282,1
17,3,38.43944022355234,1,0,1,4,40,3.7906819516844656,3
5,8,72.93522753912083,2,0,1,4,4,3.8624183746040317,1
1,5,36.787214183281264,3,0,1,2,4,3.839832197977614,3
10,3,57.01086196941457,1,0,0,3,5,3.52556993328476,1
2,5,74.64742464774054,5,0,0,5,22,4.063958171875287,2
20,6,79.90419621389225,7,0,1,3,2,3.3575874486129074,3
20,2,72.12850875083252,1,1,1,4,36,5.0,0
27,4,51.53231595179848,2,0,0,5,32,3.7252403158080174,1
7,11,50.99975255046372,6,1,1,5,42,2.401594317959712,2
0,8,57.86232736197041,2,0,1,3,57,4.411385228632415,0
4,9,60.8077168010606,6,1,2,5,20,3.931836106877239,0
9,4,73.130050199006,6,0,0,1,19,3.7073199231230154,3
17,2,59.035870446093206,1,0,2,5,0,3.4066173723672333,1
7,3,53.0756821631152,3,0,2,4,38,4.212015766635717,2
11,3,54.619678952399354,1,1,0,5,46,3.460330448826801,3
11,5,77.03642707308535,3,0,0,5,16,4.641973542024771,1
2,10,60.84284666319229,10,1,1,5,28,5.0,0
14,4,82.85849582761425,2,0,0,5,7,3.653973735086043,3
8,4,74.26116358109742,3,0,1,4,25,2.8339075380431282,1
24,4,52.15215691681047,0,0,1,4,27,4.276882353242933,1
17,9,53.26337544823015,6,1,0,4,33,3.0797299045438997,1
1,3,58.37758179850667,1,0,1,5,25,3.8006065825938724,0
10,2,57.9487563670324,2,0,1,5,12,4.4095138971048105,2
18,3,77.3406931981331,1,0,0,3,43,4.046370969467764,1
1,14,51.89329291667141,12,1,2,5,36,3.6149865022485512,0
23,4,61.67672696809074,3,0,1,5,12,3.594305001210102,1
3,7,65.02828186624599,6,1,0,5,37,3.879474336661583,0
10,7,70.58277860382964,5,0,3,5,24,3.7374618371234893,0
42,4,67.08612452315825,2,1,1,3,46,4.287198836246488,1
12,5,65.93528162132428,1,0,0,2,22,4.096525128509626,1
8,14,52.835119662691596,13,1,0,2,21,3.6155589093595006,0
0,8,54.309171513546424,5,0,1,3,20,2.8536557131932208,1
2,10,63.71852310329595,5,0,0,4,53,4.408946938141494,2
12,3,57.16698327922497,1,0,1,5,29,3.8216646075308462,2
10,2,46.01330087767067,0,0,1,5,10,3.621632620608061,2
6,8,53.4072224528627,11,1,0,4,3,3.6880935345072077,1
38,1,62.569779764761975,0,0,0,1,32,3.892463536303876,1
6,6,77.82110244306745,3,1,0,3,46,4.066828134750355,0
11,3,45.87841093713708,0,0,0,2,11,3.5262242406692055,0
12,6,43.48716553622835,2,0,2,4,8,3.4923010774390573,2
11,3,71.40625167107382,2,0,0,4,31,3.582076497946962,1
9,6,53.87027128288673,2,1,1,1,10,3.401067998760803,1
6,5,47.292394208857615,2,0,0,3,36,4.108655869811607,1
35,5,59.722229673810055,5,0,0,3,23,4.071567174768105,2
8,4,46.51206170204228,2,0,1,4,6,4.311851107148105,0
11,7,93.06215860989772,4,0,1,4,7,3.3238647045670486,1
16,5,48.387995361214124,9,1,1,4,32,3.00145668608075,0
1,5,62.85469116680823,2,0,1,4,24,4.3324026144829375,0
22,3,67.76867912933363,6,1,2,5,0,4.571633020461234,1
10,3,74.21989038516865,1,0,0,3,2,2.522341750948267,2
16,4,43.8241463061227,5,0,0,4,39,4.3220767318489015,3
22,4,66.8077389967899,3,1,0,5,27,4.095234841896883,0
31,2,35.370408993982934,1,1,1,4,42,5.0,2
7,4,64.63675649398165,5,1,3,5,32,4.23673864372783,1
25,2,59.13336468816612,1,0,1,4,45,2.5957386088150933,2
4,6,71.27463492226745,3,1,0,4,0,4.93112155598051,0
16,5,63.907122178391376,4,0,3,2,37,3.3451096551946113,4
1,10,58.331055761559355,12,1,0,4,52,4.4802346794709065,0
0,5,59.47578866856577,0,0,1,3,26,3.99964632053888,2
1,1,38.17194130892448,1,0,0,3,37,3.9603953947141566,3
5,5,47.78503847584582,1,0,0,4,34,4.874884570679764,2
0,14,82.8165039745443,10,1,0,4,9,4.368277278493675,1
14,4,63.06875137076132,2,0,1,2,11,4.836297047225529,2
5,12,70.22839110353657,9,1,1,5,9,3.837242690264097,2
19,2,50.74015828577579,0,0,0,4,53,3.993776830390856,2
0,7,73.06201494382233,6,0,1,3,33,4.960147557560714,1
3,8,55.8117375713512,7,1,0,4,23,4.29997811711921,1
7,8,38.447361514754846,3,0,1,5,27,5.0,0
7,6,58.76412058115572,9,1,0,4,21,3.7218184863402892,1
2,14,79.43126723348917,15,1,2,4,44,4.187728060087785,1
77,0,30.0,0,0,1,3,15,4.26157450972506,4
5,7,71.03725960026267,11,0,1,4,12,4.625347019048335,3
19,7,62.363074965222644,4,0,1,5,35,4.673146995728945,1
3,6,98.89088064363472,2,0,0,5,35,4.604219776647164,1
31,4,94.42149170911945,2,0,2,2,42,4.2467392917645865,0
7,3,33.53790803933542,2,0,0,4,22,3.1114555371992103,3
34,2,80.72182768451664,4,0,1,5,13,3.590913426195395,1
6,10,54.14439270718987,7,0,0,2,31,3.661288607309261,1
0,14,57.083151101355796,15,1,0,5,2,4.949747678100039,1
10,4,51.36202728191473,1,1,0,5,26,3.511411698871544,0
11,5,49.5109761511667,3,0,1,2,18,2.356133852629867,3
1,10,79.76524704650993,8,0,3,5,21,4.4395750150360636,0
4,3,30.0,4,0,1,4,56,3.8524941358120346,3
22,5,50.02402314461534,3,1,1,5,0,4.422665679164551,1
0,9,70.14457643449155,6,1,1,4,4,4.728940814151005,1
10,7,30.0,5,1,0,4,48,4.1162250227327375,1
11,5,56.54520250517793,4,1,1,4,32,3.9151391627208847,0
17,5,41.873879738009265,4,0,1,5,50,3.9256286841285313,2
0,8,63.51024243510559,7,0,1,1,18,4.416466853855768,0
13,6,60.748916016394496,3,0,1,4,35,3.704898012262257,2
0,11,73.9974866488227,7,0,0,3,50,4.029854666843813,0
4,2,30.0,1,0,1,3,5,4.732556364726114,0
10,9,66.45564509875948,5,0,0,3,59,4.378995254825041,1
36,2,48.7505965794345,0,0,1,4,14,3.575554308937441,1
2,4,81.76068638361488,3,0,2,3,35,3.7103699538493258,1
2,7,53.35598785172968,5,0,1,2,55,4.203874188092191,1
16,5,47.74175714528803,3,0,0,2,32,2.9873506118046187,2
7,4,51.750588233750314,0,0,0,1,23,4.2005119470327354,1
14,10,68.49224861955179,1,0,1,4,26,4.0648282876573125,2
89,0,70.44638652990714,0,0,3,5,48,3.657591373421652,3
64,4,59.6202550034167,3,0,2,2,10,3.614257730348248,2
6,6,45.324946321174814,3,0,0,5,48,3.8188972010779407,1
10,12,42.23138959170828,10,1,1,5,22,4.355896039272929,1
35,1,70.16249221172767,2,0,1,4,32,2.93473606544992,3
1,5,67.85768709824237,1,0,0,4,40,4.017891710041828,1
9,8,66.16106513703465,3,1,0,5,45,4.067668574986347,1
7,3,83.74364632873157,3,0,0,2,46,3.8491170632917218,4
5,4,48.10261189401461,6,0,0,4,55,3.5086338232776844,1
77,1,89.66492964287642,0,1,1,5,28,3.877190747304602,3
19,6,65.06007158514322,3,0,2,4,30,4.19966817555083,2
7,2,52.42462602031956,0,0,2,5,0,4.4414285839809,0
26,1,59.18593423404409,1,0,1,2,33,3.6677960127053644,4
10,7,42.11272997790222,7,1,1,5,17,3.878858041765111,1
30,0,44.68859292715514,0,0,3,4,17,3.773994744896304,4
4,5,58.308972000112824,3,0,0,4,5,4.297290088548827,2
3,3,71.64993741882967,3,0,0,3,51,3.649575108197833,2
4,5,49.43563650174685,3,1,1,4,39,2.785699151960346,1
11,4,92.23945394350247,6,0,3,5,0,4.197528914232046,2
5,8,59.360503797146485,7,1,0,4,46,4.783500638121359,0
2,4,50.968872808632504,1,0,1,5,41,3.3999970693924975,3
78,3,40.73828642598459,2,1,1,4,29,4.658316486471615,0
34,3,52.19784250684865,2,0,0,2,3,4.2590128873784945,1
15,8,81.63592194784063,8,1,0,2,31,3.2962064415258534,0
33,1,85.85952994865458,0,0,0,2,9,4.678206345986099,1
41,2,69.21284217636678,2,0,1,4,42,4.384081278928738,1
16,5,60.84373836748685,2,1,0,3,4,3.7069263990952837,3
10,1,38.4701367936186,0,0,0,5,8,4.391418139978301,2
32,2,30.0,2,0,1,5,4,4.334456643983644,0
12,4,62.83078488530584,3,0,0,2,60,3.284470662191516,4
2,9,54.02867107458552,6,0,1,3,10,4.454526841234279,2
6,8,51.78917299992801,5,1,2,3,34,3.737251583753191,0
8,5,65.95824629673456,3,0,0,4,26,3.9950091081906174,1
41,3,39.93371931987247,3,0,0,2,3,3.9186318353778886,3
16,4,81.92279387825099,2,0,1,2,9,4.749024043381781,1
31,2,87.93859993476379,1,0,0,5,38,4.047916005554555,3
21,3,70.34926342759826,2,1,1,5,32,3.3185021251892906,4
5,10,55.47954440348094,9,1,2,3,58,3.2733624157268943,0
19,4,50.93385043243608,0,0,0,4,37,3.6921498565641833,3
3,6,55.37419289648164,6,0,0,4,7,5.0,3
7,8,64.79274235175097,6,1,4,5,48,4.935696529284463,2
24,3,75.13399234325902,3,0,0,4,23,3.4854323895024186,1
14,4,66.75370189840608,3,0,0,2,38,5.0,0
26,4,78.9136983377837,4,1,1,5,32,4.810311585854868,1
4,10,68.28079188145506,6,1,0,4,40,3.902815676606001,0
20,3,75.49843859406427,1,0,1,3,42,5.0,3
3,3,59.554347340722344,2,0,0,4,18,3.697722475159128,2
11,4,42.76442092054276,4,0,0,4,1,4.3949138211478385,4
8,5,79.30101908636397,2,0,0,3,54,2.903890792755211,2
12,6,92.77654558935714,1,0,1,3,10,3.2509263696003607,2
2,12,64.42937915254977,10,1,1,4,34,4.825380558584139,0
6,4,51.81745471693436,0,0,0,1,16,3.7326468013868626,4
16,0,67.1009880592542,0,0,1,5,41,4.093680380466186,4
12,6,54.713183550632564,5,1,1,3,60,5.0,0
11,6,60.47680095264269,6,0,1,1,2,3.508440792872993,1
10,3,61.26977339512067,3,0,0,5,21,3.932765416896786,2
43,4,48.641079971995396,5,1,1,5,34,4.4399421027432995,1
40,1,49.21849239579754,1,0,1,5,20,4.55551399264365,2
6,1,58.924168647658675,0,0,1,4,24,2.981292213640229,3
6,8,57.03094319670748,8,0,1,3,38,3.2345489406469836,1
12,7,68.55007521891784,3,1,1,5,1,4.321727748282393,0
1,4,64.05944990254541,6,1,2,5,0,4.931690693294408,1
5,10,69.09263601017638,6,0,0,3,6,4.109300461018983,3
3,10,57.88394246029214,4,0,0,5,19,3.6203905048070086,1
3,8,47.898372746925794,3,0,1,2,42,3.8496577859833345,0
15,0,44.35083145888309,0,0,1,5,54,3.6073444750912684,2
7,5,74.8415064391147,1,0,0,5,5,3.061567385622973,0
2,8,52.718193373050056,6,0,1,5,54,4.030422305125565,2
32,4,50.51513536736363,3,1,1,5,35,3.5537220014428907,1
31,3,79.18881208590878,2,1,1,5,50,3.97607485893556,1
29,4,54.0980220537876,6,1,2,3,59,4.967126440124252,2
7,5,30.0,6,0,1,4,20,4.865265946047831,0
0,8,63.3070331180748,4,0,0,2,50,4.429520715324716,2
1,10,51.76261666701657,9,1,0,4,45,3.9260102087075843,1
4,4,49.1600866606396,6,0,1,5,34,4.427227385728783,2
3,5,57.91340263463816,3,1,1,4,35,3.2362651512042704,1
31,1,30.0,0,0,0,3,7,3.384183047098637,1
64,2,32.11187866345641,4,1,0,4,49,3.7602540254296373,1
25,4,53.09762621683317,2,1,1,5,3,4.43960148994869,3
19,5,68.41646573938795,4,0,2,1,42,3.6903460338057696,0
13,2,56.05350435131888,3,0,1,4,15,3.9551118024600935,2
22,2,55.40175265300372,2,1,1,3,2,3.2110700085648096,1
44,9,59.97311893626714,11,1,1,5,6,4.62677594541287,1
13,4,73.35136637660979,3,1,0,2,1,4.253601219947556,2
2,3,60.586912275505846,1,0,1,5,0,4.679139728663105,2
2,5,59.238036138006215,4,0,0,3,57,3.999739234266456,1
13,4,51.65499025725329,3,0,1,3,0,4.579921962851356,1
6,4,54.158815199375994,1,0,1,5,37,2.8572676953580016,3
36,0,62.687054198325,0,0,1,1,50,3.1914149887099255,2
14,6,79.72889142534763,1,0,4,4,6,3.7600256332782713,1
16,2,63.5651089410033,2,0,1,1,23,2.948312989730306,5
0,12,47.78730721323541,8,0,1,4,4,4.355240432584784,0
10,3,55.49112212345484,1,0,0,4,20,4.57101823724527,3
8,7,76.6167031892856,1,0,0,3,27,4.108117394595524,0
18,7,61.1709607961467,7,1,3,2,17,3.8535684081984876,1
7,11,39.25156404759572,5,1,0,4,23,5.0,0
56,1,66.50720793521027,0,0,0,5,57,2.928197210676797,3
16,1,50.34335490486286,0,0,0,5,31,3.798052772235322,1
16,10,42.76428866034186,11,1,0,4,44,3.8468799708481383,0
37,6,61.26971579853888,8,1,1,4,32,4.138820453115425,1
80,2,47.38073729946213,2,0,2,3,9,3.476228986049418,3
3,5,72.18917397542265,3,0,0,3,8,3.070207011313149,2
24,5,61.35069964265522,1,0,0,3,48,3.8150773822050663,2
2,7,80.15859175028186,8,1,0,3,32,3.8670422582284814,1
9,5,65.20674908647327,6,0,0,3,32,3.752147341765907,2
1,10,52.54035519650181,8,1,1,4,6,3.4603355662267434,0
14,4,52.34628981369311,2,0,0,4,3,4.172502368572007,1
9,6,54.579122089447466,3,1,0,5,27,4.358472972364305,1
14,5,67.40421686907327,3,1,0,3,22,4.130298392324788,0
16,4,38.374802098446125,2,1,0,4,52,3.789764067729483,1
14,7,64.09772781603111,4,0,0,5,31,3.5993146163724896,1
5,3,46.20831027634909,0,0,0,4,43,3.5788097739289984,2
27,4,93.60151360181237,2,0,1,3,15,4.836789032583085,1
12,5,68.28947559158009,1,0,1,3,45,3.7591453497164364,1
10,4,69.76497348409718,2,0,2,1,54,3.9605119575537855,2
65,2,61.094667699521644,2,0,0,3,9,4.023232071616299,1
5,4,36.07350989942532,3,0,3,5,13,3.3574565560312624,2
11,7,60.27877419036721,4,0,0,1,38,3.693241880441581,2
17,9,65.8626391712299,5,1,1,3,35,4.421898708850441,0
2,4,51.43920696577303,3,0,1,5,33,3.617587469029712,1
6,10,58.84674885627287,10,1,1,5,23,3.787198119444679,0
24,4,69.46861829653136,2,0,1,4,17,2.935472639560855,1
4,10,61.67302612813444,8,1,0,5,15,4.692895289574579,0
10,8,64.07844457961015,7,0,0,4,40,3.816956941022702,0
14,4,67.87608411858447,1,0,2,3,36,3.3236190854350554,2
16,6,78.52772721369551,0,1,1,4,40,4.032447835249471,1
19,1,47.49747732231059,2,0,1,4,24,4.118628546094522,1
30,0,89.09351904288033,0,0,0,5,7,3.0607875979984653,6
7,6,89.05879133586046,7,0,1,2,23,4.780517123754501,4
18,3,51.696438224691185,1,0,2,4,19,4.564286729330174,3
19,3,70.08434734745266,2,0,0,3,47,3.4634491415371493,5
5,8,87.32728229846008,9,0,0,4,29,4.013409370587943,4
51,0,81.60878328066512,0,0,0,1,19,2.878198746555136,1
30,3,34.23590371444962,0,0,1,3,17,4.222481741002159,2
5,5,57.696856848126025,6,1,1,5,3,4.264694488083059,0
16,1,52.45293258427995,0,1,1,4,47,2.609922759737823,2
18,2,72.84097376310451,1,1,0,4,35,3.3979214102028723,4
8,9,74.18547206195952,8,1,2,3,5,3.2188108456657156,1
29,2,42.27492481554577,0,0,1,3,2,4.238726333243358,3
17,1,49.39211584862288,1,0,1,4,17,3.118219712470992,1
16,4,36.38199245192343,2,1,1,5,46,2.910950389837293,2
3,6,58.67390898571222,3,0,1,5,39,3.3430718045215086,2
7,8,55.68344007446313,5,1,0,4,17,4.104289728409547,0
8,8,66.97036337175234,4,0,1,4,55,4.019116940843554,1
19,2,87.0689823969713,2,1,0,5,22,3.417187557443037,1
14,5,64.01501136279302,0,0,0,4,34,3.89729578194113,2
1,8,55.51338484750772,6,1,0,4,5,3.754127295837573,0
5,5,72.05966829921633,3,0,1,3,53,4.119252948420655,1
9,6,54.73274833792716,3,1,1,5,25,4.351291349095119,2
20,5,57.30295203073547,5,1,0,4,20,3.946404946258221,2
20,3,62.608864829868466,3,0,0,5,60,3.713979360893942,2
10,6,42.13546034073805,5,1,0,5,23,3.9297336943588377,2
1,5,55.37376568224095,0,0,0,3,14,3.158562097412083,4
5,6,48.02193016655921,6,0,2,5,26,4.539453326666212,1
4,3,72.10441416741818,0,0,1,5,31,3.8071743763374126,2
22,3,44.55616602414722,0,0,0,3,11,4.768561959735147,1
2,13,45.90610948116529,10,1,1,3,4,5.0,0
9,4,49.346154097543454,4,0,0,1,6,3.079528481987004,1
16,0,48.25766449358234,0,0,1,4,21,4.22438778622335,1
50,1,85.10444981656993,1,0,1,4,26,3.486592837261174,3
90,1,76.26887634585235,0,0,1,4,14,3.8133464523566345,3
45,2,67.34796866987656,1,0,0,3,38,3.869816997766344,1
19,4,53.901820442871184,2,1,1,5,44,3.2373341290803697,1
20,5,59.043547625444475,4,1,0,3,56,4.3784336452892365,1
21,4,83.69122618307188,3,0,0,3,34,3.277555012076129,4
29,4,55.35613705755429,2,1,1,4,25,4.755220616549038,2
45,3,43.88667127406839,4,1,2,4,22,3.5858153169164644,3
8,4,72.25017624030555,6,1,0,3,12,3.992971923293253,2
8,9,56.46887083816817,7,0,2,3,25,4.450390741635545,1
9,7,57.398171148180126,3,1,0,3,2,4.355507767177745,1
16,4,56.62649871166798,1,0,2,5,28,4.23403689547723,2
22,7,57.67856563226792,6,1,1,5,1,4.261824979567889,3
30,3,67.45473156681109,0,1,1,4,27,3.735590443703258,2
9,5,55.42807048485045,1,0,3,5,22,3.4712793508968365,4
6,9,64.62570737857179,4,0,2,5,35,4.539671772641879,1
61,1,75.65868502848076,2,0,0,2,48,3.8406699711746635,2
3,5,82.16806287397236,3,0,2,5,5,3.567175115788955,1
3,7,46.46102194802157,7,1,1,5,10,4.187911998498243,0
18,2,75.31149923710649,1,0,0,3,37,2.998441289724406,2
2,8,76.99775474998512,6,0,0,3,53,4.094940347708929,0
7,5,78.9193583246781,4,0,1,2,33,3.9926384964521087,0
5,6,60.73831529321969,2,0,0,2,16,3.9216853174094424,2
2,8,56.41218533861807,5,0,0,5,2,4.1160787058387704,1
13,3,36.82829449320894,2,0,0,4,43,4.375453743260008,1
7,7,61.48948024256144,2,0,2,5,45,4.955618081526926,0
9,6,86.7330811301619,4,0,0,5,33,3.8442728591570985,0
3,5,64.71466384475792,1,0,0,4,21,3.5566152648925105,2
21,4,56.76391631837923,1,1,0,5,28,3.9413157446580636,2
5,7,68.70313616274842,3,0,1,1,59,3.5873270551095446,0
6,6,42.202621376619476,5,1,1,3,53,5.0,2
4,10,55.90593680974215,9,1,1,4,28,4.2868406486401085,0
8,4,72.22392219798205,4,0,0,1,4,3.2630621185861597,3
9,5,68.38388334874203,3,0,0,1,9,3.110022143372957,6
11,4,52.49634809351763,3,0,1,5,9,3.430780580923124,2
51,1,86.7552014662898,1,0,2,5,52,4.134068975325591,4
35,1,38.10525148895921,1,0,0,3,8,3.8269790611277212,3
14,4,64.69908857093998,5,1,0,5,20,5.0,0
0,10,72.70143539083489,12,1,1,5,12,2.237787891755707,0
14,8,78.53044951384962,3,0,2,3,9,4.83241190958402,1
1,8,61.829113549328234,3,0,0,1,37,2.5729568583339724,2
18,4,71.4869759413865,1,0,0,5,10,3.3156111513070785,2
7,9,60.06398688669562,11,1,1,3,3,4.161559472433035,0
27,1,85.02715002713491,0,0,1,2,57,3.3228765407487533,2
42,2,64.84347256920687,0,1,0,4,45,3.582450853571499,0
8,2,77.3995629519238,3,1,2,5,30,4.361022038261321,1
9,4,42.66582396396623,3,1,2,3,48,4.722681654304862,1
13,7,58.29190896987908,11,0,1,3,51,4.494817374595412,2
3,10,68.09207897781332,4,0,1,3,33,4.3507447918464495,1
39,4,67.95910687916421,2,0,3,5,41,3.958973806464627,2
8,6,51.47525718705163,6,1,0,3,34,3.094002995409504,0
2,15,32.087928973360576,8,1,2,4,38,4.101519855063835,0
21,3,33.59776354708187,1,0,0,5,38,3.2660137309949118,2
3,4,45.789441793441256,5,0,0,2,32,4.378517269830733,4
2,7,101.8112432053601,4,0,1,5,7,4.77640569630992,1
12,4,30.0,3,0,3,5,31,3.408799907705345,1
16,2,57.486338270162385,0,0,4,5,54,2.7652105836255045,3
12,6,55.59057770366231,7,1,0,3,32,5.0,0
16,5,60.632413346104,6,1,0,4,7,5.0,0
1,9,58.7636688148941,7,0,1,5,45,3.4751670659971956,1
9,4,45.29404996936009,1,0,1,5,13,3.076453173568285,2
6,8,75.28363354866669,2,0,1,3,33,3.8097545116499396,1
54,1,35.52735178737019,0,1,3,5,7,4.024122571855243,3
0,5,88.04862898932895,2,0,4,3,50,4.61066843919344,0
5,6,66.77683431969587,2,0,2,3,41,3.412301224150412,1
42,3,46.32765942417576,1,1,1,4,6,5.0,0
61,1,49.64244973667459,0,1,2,5,12,2.986166564850352,6
26,3,77.16025589137683,3,0,1,4,53,4.065471542961402,0
1,4,39.86516570248396,2,0,0,4,20,3.818354892867095,1
12,1,60.7433101825624,1,0,0,5,46,3.6062447675481057,1
7,11,59.53361846591167,5,0,0,4,31,5.0,0
24,2,59.13337966712637,1,0,1,4,10,2.5207383071122242,2
0,7,68.17842978754645,3,0,1,4,57,4.141078229109071,1
3,10,69.66999223118563,5,1,0,4,13,5.0,0
10,3,66.19681592683658,0,0,0,5,10,2.791228709415534,1
2,7,76.81288930937771,7,0,1,5,1,3.933752067679323,1
17,3,63.863954379181685,1,0,0,4,33,4.443245836498209,0
25,0,52.47597129292255,0,0,0,5,60,4.32983104837852,3
18,4,43.03078900535615,1,0,0,2,43,4.09612907839845,1
8,6,60.92755326612161,2,0,0,3,46,3.3880920604220797,0
31,2,65.84915672134785,1,1,0,4,16,4.1560167503043415,2
2,4,33.489864737128116,5,1,0,1,13,3.5315339175288134,1
4,5,66.6513665427444,3,1,2,3,24,4.303943917111868,0
10,5,46.92399232071966,4,1,0,4,47,2.985418183851592,0
0,5,46.48445678583673,3,0,1,1,26,4.0144836631095755,0
1,3,62.25811892512115,1,0,1,3,7,3.8606743611235745,2
7,6,30.0,4,0,1,4,55,3.925374035417257,0
43,1,81.70570082769845,0,0,1,4,16,4.02771402711072,2
35,1,73.67473191172323,1,0,0,5,4,3.651674585567631,6
9,7,42.15974680484793,4,0,2,4,11,5.0,0
2,7,57.171716573199404,5,1,0,4,37,3.7252992785072303,0
2,5,62.29024018059947,4,0,2,5,17,4.591472896874137,1
7,7,48.7684687577147,7,1,0,5,25,4.092126574107893,1
3,11,52.54264912647573,8,0,1,3,30,4.598773268286868,1
1,10,58.16013065794617,5,0,0,2,36,4.387800243386802,2
16,2,59.82992535810135,1,0,1,5,5,3.9282618032113588,1
13,5,58.00908587549326,3,1,1,4,40,4.451683274561255,1
5,13,60.846185996843936,12,1,1,5,14,3.834409989927463,0
22,2,65.62112491488188,3,0,1,5,41,4.204588733819544,2
22,4,54.96288990862707,5,0,1,4,48,3.1378733044934535,1
10,8,66.49934165218436,8,1,1,5,60,4.506365494823835,0
1,7,77.541917754634,7,0,1,4,25,4.509154798009422,1
37,2,66.78178320636346,1,0,1,2,50,2.3699172690480816,6
16,2,86.11854252320869,0,1,3,5,11,3.2281427249329644,1
4,5,38.96182215898256,1,0,0,3,40,3.6773193757462286,0
14,4,51.25585413792567,4,0,1,5,46,4.213717621066654,5
7,9,65.45685878891265,3,0,2,5,13,4.58039809383475,3
15,6,63.638335474342135,6,1,2,5,0,3.940917210310191,0
9,6,54.20801492430883,7,1,3,4,16,4.244404318373912,1
9,5,69.19110077462936,1,0,3,4,32,3.4933924056041312,0
19,8,63.12363690079937,4,1,1,4,54,3.600635191785127,5
14,6,77.64200651996255,6,0,1,4,28,4.703077822770952,0
1,6,44.10123756933395,3,0,0,4,52,4.478150332248177,3
1,5,60.8345457566757,2,0,0,5,53,4.830179295501266,2
5,6,53.327775573754,5,1,2,5,44,3.6941433710620335,0
8,3,72.85941320539033,2,0,2,3,30,3.985915691086125,0
4,7,68.19215868939918,6,0,1,4,7,3.492540378571734,1
15,6,52.77766657650519,7,0,0,5,29,4.255152807052985,0
3,9,75.01085925906564,5,0,0,4,12,3.864791256834757,2
18,5,59.671719126171666,2,0,0,4,15,4.248953669023906,0
22,5,41.352210103394654,5,0,1,5,1,3.9558244479097473,0
1,7,56.19133611241381,7,0,1,5,44,5.0,1
15,1,94.77402490073912,0,0,0,4,17,3.984849621443835,3
48,2,57.152830108917755,0,0,2,5,34,3.522141705227588,1
3,9,63.55135809221532,3,0,1,3,44,4.0659968183888395,0
36,2,64.31949939987769,0,0,0,5,18,3.8940247410618873,3
13,4,59.35278326161859,0,0,1,2,12,3.3946165469493317,2
13,4,82.98347470962244,3,0,1,1,50,3.5080744554136523,4
0,8,70.99681084413811,10,0,2,5,3,3.075876351303019,3
20,0,69.79097328984825,0,0,1,3,18,3.377074336634727,3
9,7,55.96434830365077,5,1,0,5,49,3.6721544639064985,0
19,1,70.42934881408046,1,0,0,5,24,2.3543863930011213,5
24,2,55.37912507686684,1,1,0,5,37,3.9394432682058733,0
11,5,66.4098635357526,4,0,1,5,50,3.568427499249662,1
4,8,90.96898755449004,3,0,0,3,56,2.7853519701590326,2
2,5,83.42444105415052,6,0,3,5,30,4.6651793066055856,0
2,8,58.25014978993055,4,0,2,2,35,4.369946438163572,4
30,7,63.35457138092446,1,1,1,4,3,3.754917271148736,0
1,5,43.52914646329907,6,0,0,5,55,4.333677459313185,2
7,7,56.35962116368401,7,0,1,4,38,3.614025886434372,0
6,5,30.0,6,1,0,4,6,3.334410054084341,4
30,3,73.70515061511486,4,0,3,4,57,3.7908833186990787,1
9,5,48.773479038945,4,0,0,4,54,4.837224586412436,1
84,2,58.55671502777025,0,1,1,5,57,3.7645590164309817,3
20,4,53.19969696447553,2,0,2,2,15,4.370447465273964,2
28,5,75.4517722618576,2,0,0,4,58,2.942999987477683,2
1,12,80.53337356838678,6,1,0,5,47,4.034909190068913,0
4,5,81.171404688095,3,0,0,4,4,4.307229150350973,3
2,9,40.84431960873011,5,0,0,2,46,4.18653303800562,0
9,7,69.814722226033,3,0,0,4,22,3.9862096059641,1
19,2,46.92504098467564,2,0,1,3,35,3.7110925977712674,1
2,9,62.230123114600175,9,1,3,3,31,4.789391535511168,0
2,3,74.45028173253674,1,0,2,5,23,3.8006282248104335,3
14,4,56.085633749986975,2,1,2,4,24,3.2262678052008105,1
3,15,63.30959738064081,13,1,1,5,44,4.019121953331712,0
9,5,50.71702716668701,5,0,3,5,27,5.0,0
0,15,76.37561937398841,9,1,0,5,18,4.395729552852765,0
17,3,56.74695835852821,1,0,1,1,6,2.665834417370789,2
11,3,51.986430873001474,1,0,1,4,43,3.850536379268407,4
15,3,65.1037668199053,2,0,1,3,57,4.429708001102644,1
4,6,73.80432720781828,1,0,0,5,40,4.857514850709171,1
4,6,39.075949045488585,3,0,1,3,16,3.9105247611317386,1
24,2,66.86782577221248,1,0,0,3,1,5.0,1
19,3,52.52521780797815,0,0,1,4,15,4.390735553800477,0
13,3,70.00671162585371,2,0,1,3,38,5.0,1
14,3,52.228507328059536,1,0,3,3,60,3.825317958082446,2
1,7,47.049873197116874,4,1,1,4,17,4.910894539003153,0
29,0,49.34995244577529,0,0,0,2,38,4.909144845038347,3
22,4,62.48252793210035,6,0,0,2,0,3.9096609567733984,1
13,5,68.0337466542705,2,0,1,4,2,3.1714900609029844,3
37,3,50.629257502024785,2,0,0,5,20,3.1922594114004874,0
2,10,60.826148243675476,4,1,0,4,59,4.100442352623736,0
17,3,50.32435716349151,5,1,1,4,29,3.390695369397843,1
49,2,54.38526254269294,0,0,0,4,10,3.5399071165020763,1
5,4,52.5973924404434,6,0,1,4,21,3.770903262292447,1
0,15,49.38531955199882,8,1,1,5,46,4.292217297421077,1
19,1,41.70328161136483,1,0,1,2,60,3.7644791999566007,1
0,12,58.891393514935245,5,1,1,5,56,3.4632482555224193,0
30,1,76.99111880575677,0,0,0,5,24,2.5848809453651356,5
0,5,61.276338778113185,4,0,0,5,2,5.0,0
15,5,55.530769815379415,2,0,1,3,29,4.396388687433193,4
7,5,72.08657958967675,4,1,2,3,23,3.854610401774095,3
3,11,52.617345924458,4,1,0,5,44,5.0,0
34,4,62.893578468469535,2,0,0,2,35,4.045970077629734,0
20,5,36.66523431561539,7,0,1,5,22,3.4539268334993167,1
6,8,59.93783869887841,8,1,3,5,53,4.964976410376492,1
5,6,55.005429334697055,5,1,2,5,7,4.807005481377324,0
19,4,32.06416902623435,2,0,1,2,53,4.682790059004782,3
27,2,53.281481249974824,0,0,1,5,3,3.5667378828660694,0
18,2,30.0,0,0,0,5,49,3.252353883525987,4
15,5,51.14569036248484,2,0,0,5,38,3.982494946910726,1
3,3,67.40560232116745,0,0,0,1,42,3.4388367220565415,2
28,4,46.39282015486879,3,0,1,1,30,3.4785265012086755,3
20,2,49.341970312201234,0,0,2,4,28,3.973211848562181,1
10,8,37.198578470977054,10,0,1,2,58,3.753959790737943,0
10,4,64.32792283418866,2,0,2,4,35,4.003281535564249,0
12,6,53.359154568568925,4,0,1,5,12,3.7586107091376064,3
26,5,59.390639138157624,6,0,1,4,40,3.6077495050688464,3
20,3,77.23662292027689,2,0,2,5,8,5.0,0
29,1,45.0000358681944,0,0,0,1,54,3.8914408104689615,4
10,4,78.96575337590468,1,1,0,3,20,4.325797590008795,1
14,7,56.17248061955716,7,0,1,1,50,4.052403157655065,2
28,1,75.76906982635757,1,0,1,3,2,3.551230544196666,3
3,9,58.312251822071666,4,0,2,5,24,3.371465999642239,0
8,3,35.48135706968592,3,0,1,2,24,3.112139520148806,1
14,7,41.37748637920886,4,0,2,4,11,4.113219763207205,1
37,0,56.08706058595818,0,1,2,4,28,4.243792081704955,2
0,13,35.0517339043401,7,1,3,5,10,3.337178967853258,3
3,6,67.94805581548809,1,0,2,2,51,3.8217436461870244,2
4,18,72.29889824831821,15,1,3,3,10,5.0,0
5,5,37.75293938800307,4,0,2,1,48,3.9059378467566823,4
4,5,55.727075867389644,1,0,1,4,60,4.0789408396698725,1
13,6,58.60412692613686,2,0,1,3,25,3.8679647869094285,1
32,3,70.33221499041552,0,0,1,5,52,3.8412417444676143,4
15,4,66.15047079151367,3,0,1,4,13,3.8404434023049947,0
4,4,53.79356419355989,2,0,2,4,15,3.36305033740456,4
29,3,38.78306994764462,4,0,2,4,55,4.345198792244438,3
14,3,60.022258661061784,5,0,1,2,9,4.373613781394246,0
3,9,58.0587317932778,4,0,0,4,30,5.0,0
6,8,47.69690216956136,4,0,2,5,30,4.598973606636824,1
23,4,91.76665060969569,1,0,1,5,35,4.294730079406098,1
20,1,62.59395653741079,1,1,2,5,9,3.0903763291526936,2
12,3,50.25142389487107,3,0,2,5,25,3.174470227860069,0
2,7,51.601255159025385,5,0,0,2,19,5.0,2
24,1,72.48535671173458,0,0,1,3,60,3.9239423741192123,2
5,12,77.83521611228505,9,0,1,1,43,3.800723572360374,3
22,3,69.25522319010058,0,0,1,3,8,2.5321292109847766,3
15,3,75.24728729671278,2,0,1,2,14,5.0,3
4,8,41.4251709679534,5,0,1,4,8,4.288137642935345,0
3,13,59.318240767907035,7,1,1,5,6,4.579925330496553,1
2,10,42.736880625249796,9,1,0,5,25,4.418562165044216,0
4,8,72.05481516703298,5,0,1,5,23,4.413638769049742,1
2,6,73.45897056505746,8,1,2,5,11,4.331462812290634,0
14,6,45.15192842266727,2,1,0,2,59,3.3646958574360877,0
13,8,51.008242808592584,9,0,1,1,19,4.748572850254341,0
13,7,45.545710810933414,3,0,2,5,55,4.618881365903319,1
15,6,63.38241769432332,3,0,2,3,13,4.951825672211357,0
25,2,58.48785501399844,0,0,1,3,21,3.4864205805055746,3
36,4,60.57402720656764,2,0,0,3,15,4.220070609211398,1
3,8,55.09927433297704,1,0,2,3,28,4.416861081307952,1
13,4,87.49206446857747,4,1,1,4,31,5.0,0
1,8,74.39709888031246,5,0,1,4,18,5.0,2
1,12,57.84427049541419,11,1,0,4,54,4.5635125856958325,0
15,7,37.04838238710407,2,0,1,5,34,3.409617458816343,2
9,12,34.57660283567348,7,1,1,4,42,3.9970845812915217,0
21,6,35.72930809456321,4,0,0,3,31,3.9444442646596527,1
8,2,66.57232523607662,1,0,0,3,54,4.580281269734494,2
2,8,57.539468799986544,5,0,0,3,52,4.75565917610059,3
30,7,78.47827406864334,10,1,3,5,19,4.50826393923369,3
1,12,70.75220238475612,13,1,0,5,50,4.728848498151381,1
3,6,30.0,4,0,1,5,39,4.721740187077046,1
4,8,47.68016575163526,4,1,1,3,19,3.070448297530885,3
80,1,34.824732541055425,3,1,1,4,7,3.089719049460815,2
8,3,53.969260501448574,2,0,0,4,57,3.167053716778814,2
10,6,64.65636218271099,7,0,2,4,34,4.2909348285842395,0
22,4,61.12957407051914,3,1,1,4,41,4.340970486045086,0
15,4,59.735555147891695,7,0,1,4,12,2.990279376297459,2
27,7,42.398150104819756,3,0,0,4,40,3.969169995898684,3
9,6,94.65752854411474,2,0,3,5,5,4.506327053573555,0
53,1,62.28832020827043,0,0,0,2,46,3.378924723870596,5
23,0,83.57969787652718,0,0,0,5,15,4.8897810068732666,2
7,8,72.25613336667018,8,0,1,2,4,5.0,3
7,8,69.14257140027199,5,0,1,2,52,3.6488149299887738,1
39,1,69.15870429740981,0,0,0,5,44,3.6462675784454524,2
17,5,51.67251748221848,4,0,1,5,50,4.472352959129447,1
14,4,51.1482832070014,1,0,0,2,33,3.9266315424735994,2
21,3,58.49701787249731,2,0,1,4,5,3.0888983376926196,3
12,10,57.55866005994933,9,0,0,3,58,5.0,1
2,10,30.0,8,1,2,4,32,4.373065347351609,0
5,4,59.76460467358938,3,1,1,5,14,4.1764318635071485,0
12,5,68.56451197064011,5,0,0,5,14,3.5473805975676744,0
0,14,40.46278959402208,5,0,1,4,13,3.4577794408061404,3
8,3,43.95771659691856,0,0,0,4,38,3.5960655995969057,7
21,5,60.97587496429355,3,0,2,4,4,5.0,2
2,11,66.1667153490458,7,0,0,3,51,3.460998902219424,1
1,12,57.49305353319638,9,1,0,5,56,4.0910708290022,0
27,5,65.18323607387094,8,1,1,5,25,3.53288389102128,0
14,6,61.99467006120451,0,0,0,4,47,3.4049343020675202,2
2,6,54.23032914243998,2,0,0,3,16,5.0,0
24,3,59.468096797274264,0,1,0,3,42,4.125599061437015,1
16,2,59.53163085334165,0,0,0,1,46,4.2601811685236735,2
6,12,60.33755523343315,9,1,1,5,51,3.9783486845489424,0
7,9,57.76380583191639,5,1,1,4,15,4.9000594190427345,1
2,7,65.11378646070654,3,0,1,3,34,3.8876959669577333,0
27,2,74.21800462007039,0,0,0,4,37,2.7540500080312116,2
10,8,66.52169965692056,4,1,1,5,52,3.8620346422768845,1
12,3,30.0,1,0,2,2,22,4.794305391684467,1
32,3,39.199938888324844,1,0,1,5,12,3.169867643650978,2
0,7,68.88136076826062,4,0,2,5,32,4.529230804224349,1
1,11,47.779104301862816,7,1,3,5,28,4.465347522184161,0
2,3,77.61018098479389,3,0,1,4,52,4.466265801083607,4
0,11,37.82932616128795,9,1,0,3,45,4.703624509653895,0
