cancel_prob,rating
0.099,2
0.156,3
0.063,2
0.139,3
0.263,4
0.256,2
0.525,3
0.185,4
0.414,4
0.529,2
0.547,1
0.123,4
0.243,3
0.166,1
0.701,2
0.278,3
0.188,5
0.408,2
0.175,4
0.457,3
0.126,5
0.17,5
0.089,4
0.278,2
0.051,3
0.281,4
0.582,2
0.58,3
0.224,2
0.002,4
0.308,4
0.018,4
0.221,3
0.213,4
0.222,3
0.072,2
0.306,4
0.651,5
0.261,4
0.728,4
0.059,3
0.235,5
0.188,3
0.568,2
0.196,4
0.074,5
0.637,2
0.137,3
0.138,3
0.392,2
0.251,3
0.148,3
0.139,3
0.488,4
0.565,2
0.053,4
0.0,3
0.136,4
0.599,3
0.303,4
0.694,4
0.701,5
0.025,4
0.413,3
0.269,2
0.032,4
0.27,4
0.04,4
0.372,3
0.129,1
0.104,3
0.206,3
0.225,4
0.235,4
0.486,1
0.431,2
0.062,5
0.0,4
0.259,4
0.009,4
0.546,2
0.316,3
0.158,3
0.075,4
0.281,3
0.119,1
0.316,4
0.222,4
0.137,3
0.098,2
0.495,3
0.302,4
0.195,6
0.283,5
0.087,4
0.0,5
0.064,3
0.528,1
0.421,3
0.302,4
0.0,4
0.325,1
0.201,2
0.4,2
0.509,3
0.055,4
0.592,4
0.621,2
0.0,5
0.552,1
0.371,3
0.204,2
0.233,2
0.08,2
0.327,5
0.387,4
0.062,4
0.022,6
0.149,5
0.0,3
0.294,5
0.322,5
0.084,3
0.159,3
0.289,3
0.19,3
0.184,4
0.181,5
0.276,3
0.55,3
0.069,5
0.118,3
0.295,1
0.205,2
0.058,3
0.206,2
0.628,2
0.349,5
0.505,4
0.052,2
0.241,4
0.08,4
0.288,4
0.49,1
0.383,4
0.469,3
0.343,4
0.498,3
0.333,3
0.176,5
0.26,3
0.221,3
0.207,3
0.155,5
0.238,4
0.032,3
0.192,4
0.038,5
0.609,3
0.467,3
0.229,5
0.15,5
0.257,1
0.491,2
0.193,3
0.383,3
0.137,3
0.568,3
0.352,3
0.131,4
0.148,3
0.0,4
0.377,3
0.209,4
0.103,4
0.644,5
0.269,2
0.372,3
0.398,3
0.557,3
0.149,4
0.142,3
0.08,3
0.29,3
0.206,3
0.512,2
0.061,3
0.488,2
0.139,2
0.239,3
0.502,3
0.226,7
0.204,5
0.31,3
0.52,2
0.392,5
0.271,3
0.337,5
0.096,2
0.289,3
0.366,3
0.355,3
0.212,1
0.203,2
0.54,3
0.421,1
0.377,3
0.584,2
0.393,3
0.301,4
0.417,3
0.234,3
0.496,5
0.553,3
0.42,2
0.314,5
0.423,2
0.256,3
0.183,3
0.251,3
0.513,4
0.282,4
0.207,3
0.202,2
0.433,3
0.287,3
0.263,4
0.437,3
0.675,2
0.158,3
0.226,3
0.247,2
0.271,4
0.367,2
0.562,2
0.386,3
0.232,4
0.247,1
0.245,3
0.246,5
0.392,4
0.092,3
0.454,3
0.1,3
0.231,3
0.293,4
0.288,3
0.212,5
0.166,5
0.14,4
0.81,4
0.48,1
0.262,4
0.279,5
0.012,4
0.415,2
0.31,3
0.221,4
0.237,3
0.586,4
0.326,3
0.0,2
0.204,3
0.303,3
0.082,3
0.322,4
0.402,2
0.102,3
0.386,2
0.582,3
0.268,1
0.332,3
0.32,2
0.524,4
0.51,4
0.252,3
0.092,2
0.525,3
0.567,3
0.361,4
0.507,4
0.16,3
0.217,3
0.03,5
0.165,3
0.135,3
0.438,4
0.281,2
0.303,3
0.023,6
0.217,2
0.269,4
0.319,2
0.358,6
0.224,2
0.192,1
0.234,2
0.557,4
0.597,3
0.62,2
0.322,3
0.144,3
0.284,3
0.002,6
0.251,4
0.273,5
0.13,5
0.25,3
0.171,4
0.031,4
0.178,3
0.13,3
0.16,4
0.623,2
0.398,1
0.647,3
0.249,4
0.528,4
0.258,3
0.307,4
0.117,3
0.544,4
0.19,2
0.626,1
0.495,1
0.181,4
0.476,3
0.0,4
0.559,3
0.151,4
0.484,2
0.158,3
0.374,3
0.234,3
0.345,1
0.133,2
0.324,3
0.154,3
0.032,5
0.196,4
0.168,4
0.229,5
0.457,2
0.556,3
0.27,4
0.34,2
0.228,3
0.115,3
0.329,4
0.141,2
0.366,2
0.69,2
0.526,5
0.226,2
0.567,3
0.595,1
0.184,3
0.108,5
0.583,3
0.385,4
0.056,3
0.187,6
0.184,4
0.219,3
0.536,3
0.332,3
0.108,1
0.525,4
0.217,4
0.401,4
0.589,2
0.173,2
0.378,2
0.181,4
0.704,4
0.328,2
0.318,3
0.248,2
0.135,3
0.183,4
0.386,3
0.0,3
0.024,3
0.416,3
0.12,6
0.161,4
0.57,3
0.171,4
0.381,1
0.196,4
0.0,2
0.198,5
0.343,4
0.087,3
0.394,2
0.079,3
0.29,5
0.091,4
0.365,2
0.254,4
0.363,5
0.143,3
0.0,3
0.297,4
0.121,3
0.268,5
0.313,2
0.163,3
0.451,4
0.526,2
0.759,1
0.878,4
0.228,2
0.101,5
0.526,3
0.479,4
0.152,2
0.502,3
0.451,2
0.201,4
0.418,2
0.034,4
0.66,2
0.224,4
0.431,2
0.495,4
0.201,4
0.469,2
0.362,3
0.539,3
0.355,3
0.551,3
0.136,4
0.256,5
0.555,1
0.0,3
0.049,4
0.485,2
0.379,5
0.4,4
0.298,3
0.194,3
0.286,5
0.227,4
0.315,4
0.201,3
0.51,4
0.465,1
0.032,2
0.305,5
0.412,4
0.332,4
0.308,2
0.608,3
0.142,3
0.347,2
0.483,4
0.0,4
0.221,5
0.131,4
0.255,4
0.282,3
0.093,1
0.406,4
0.17,4
0.093,3
0.247,2
0.217,4
0.552,1
0.025,3
0.254,1
0.178,4
0.186,3
0.191,2
0.232,4
0.513,3
0.221,2
0.616,3
0.309,3
0.294,4
0.429,4
0.253,3
0.203,4
0.342,4
0.363,2
0.217,2
0.18,2
0.284,6
0.16,3
0.319,3
0.256,2
0.486,1
0.382,4
0.266,4
0.315,3
0.457,4
0.236,4
0.215,4
0.0,3
0.246,4
0.0,2
0.073,3
0.137,4
0.526,3
0.451,2
0.182,4
0.396,2
0.167,3
0.197,4
0.215,3
0.114,4
0.453,2
0.313,3
0.481,2
0.665,1
0.257,2
0.261,3
0.495,3
0.39,4
0.316,4
0.114,2
0.323,5
0.607,3
0.631,3
0.163,5
0.376,5
0.206,3
0.166,4
0.194,5
0.361,4
0.654,5
0.683,4
0.213,2
0.2,3
0.456,3
0.09,3
0.255,3
0.0,6
0.264,2
0.158,2
0.31,3
0.51,3
0.383,3
0.665,1
0.298,3
0.682,2
0.164,4
0.009,5
0.235,3
0.302,2
0.325,3
0.34,4
0.276,3
0.517,2
0.448,1
0.232,4
0.231,2
0.026,3
0.347,5
0.004,5
0.309,5
0.547,4
0.229,4
0.075,3
0.0,1
0.457,1
0.614,2
0.248,3
0.71,3
0.347,3
0.284,1
0.306,3
0.593,2
0.486,4
0.34,3
0.032,4
0.419,5
0.074,4
0.08,4
0.306,4
0.141,3
0.351,4
0.067,4
0.357,4
0.124,4
0.094,5
0.391,4
0.657,2
0.054,4
0.146,3
0.166,2
0.567,2
0.519,2
0.47,3
0.246,3
0.0,4
0.294,5
0.282,4
0.43,1
0.314,4
0.358,2
0.288,4
0.04,4
0.558,2
0.266,5
0.182,3
0.439,3
0.274,4
0.497,3
0.535,3
0.435,2
0.374,3
0.526,3
0.194,3
0.426,3
0.171,3
0.366,4
0.639,1
0.206,3
0.524,6
0.274,5
0.162,1
0.192,4
0.292,3
0.236,3
0.067,4
0.438,3
0.319,4
0.184,4
0.132,3
0.327,4
0.645,3
0.005,2
0.0,4
0.267,2
0.463,2
0.771,3
0.476,2
0.061,5
0.537,4
0.204,4
0.047,2
0.602,4
0.418,2
0.177,4
0.008,3
0.343,4
0.181,3
0.438,4
0.065,3
0.315,3
0.377,1
0.11,3
0.216,2
0.193,5
0.331,4
0.583,1
0.366,4
0.049,3
0.434,4
0.515,1
0.054,3
0.37,3
0.061,5
0.033,3
0.436,1
0.539,3
0.316,3
0.182,3
0.219,4
0.498,3
0.803,2
0.471,3
0.514,3
0.155,3
0.084,3
0.354,3
0.455,2
0.542,2
0.309,4
0.102,4
0.148,4
0.141,1
0.454,4
0.588,4
0.482,4
0.113,3
0.603,2
0.216,5
0.195,3
0.046,5
0.586,4
0.128,4
0.633,1
0.502,3
0.294,3
0.172,5
0.22,3
0.165,4
0.333,1
0.074,4
0.34,4
0.396,4
0.409,4
0.584,3
0.405,4
0.036,2
0.456,4
0.146,4
0.428,2
0.501,1
0.005,4
0.39,4
0.211,4
0.485,5
0.078,2
0.278,4
0.386,4
0.487,2
0.626,3
0.304,2
0.269,3
0.041,2
0.528,4
0.242,3
0.611,5
0.154,2
0.0,5
0.519,4
0.313,1
0.175,4
0.625,4
0.673,3
0.386,3
0.188,4
0.082,3
0.69,2
0.133,4
0.158,4
0.042,3
0.519,4
0.088,6
0.625,2
0.0,2
0.41,4
0.176,3
0.18,4
0.05,3
0.478,1
0.258,4
0.192,2
0.54,5
0.025,3
0.195,2
0.209,4
0.064,3
0.232,4
0.361,2
0.566,4
0.114,4
0.552,3
0.198,4
0.133,3
0.0,1
0.183,4
0.445,3
0.25,3
0.146,5
0.137,4
0.402,2
0.187,4
0.256,3
0.174,6
0.268,1
0.541,4
0.311,2
0.329,3
0.549,3
0.325,3
0.1,3
0.095,3
0.413,2
0.21,3
0.34,2
0.143,2
0.121,3
0.615,4
0.4,1
0.31,3
0.305,5
0.193,4
0.138,5
0.41,2
0.226,2
0.672,1
0.402,1
0.031,3
0.615,2
0.382,4
0.431,4
0.543,2
0.051,2
0.574,4
0.292,2
0.387,2
0.242,4
0.107,2
0.018,5
0.236,3
0.249,5
0.127,2
0.157,3
0.577,3
0.1,4
0.067,5
0.337,3
0.425,3
0.23,3
0.278,6
0.077,2
0.206,3
0.213,5
0.487,4
0.193,4
0.039,3
0.047,2
0.214,2
0.155,3
0.2,1
0.218,4
0.261,4
0.145,2
0.701,2
0.508,1
0.239,2
0.0,4
0.056,4
0.216,5
0.01,4
0.231,2
0.553,3
0.302,4
0.331,3
0.32,3
0.104,4
0.65,4
0.0,5
0.146,4
0.193,4
0.123,3
0.275,3
0.138,3
0.135,4
0.201,3
0.154,5
0.219,3
0.089,3
0.124,5
0.0,4
0.664,3
0.394,4
0.0,4
0.01,4
0.254,3
0.314,4
0.083,3
0.331,4
0.345,3
0.702,3
0.381,5
0.214,2
0.246,4
0.204,2
0.014,4
0.565,2
0.093,3
0.291,3
0.118,5
0.157,4
0.505,2
0.204,4
0.232,6
0.124,5
0.221,5
0.303,5
0.34,5
0.396,2
0.131,4
0.643,3
0.195,2
0.128,4
0.127,4
0.34,3
0.485,3
0.161,3
0.717,2
0.302,3
0.174,4
0.341,5
0.423,4
0.205,4
0.492,5
0.143,4
0.137,4
0.507,2
0.245,5
0.345,2
0.302,2
0.226,4
0.512,3
0.336,4
0.612,5
0.226,2
0.02,4
0.255,3
0.148,5
0.421,3
0.412,4
0.447,4
0.385,3
0.631,2
0.181,2
0.309,2
0.116,4
0.351,6
0.235,4
0.072,2
0.323,3
0.22,4
0.559,1
0.24,2
0.276,3
0.159,4
0.0,5
0.225,2
0.529,3
0.356,4
0.126,4
0.666,4
0.224,4
0.245,2
0.108,3
0.318,4
0.178,3
0.051,4
0.32,4
0.148,2
0.369,3
0.046,4
0.034,3
0.319,4
0.139,5
0.532,2
0.104,3
0.155,3
0.267,3
0.385,3
0.392,5
0.383,3
0.107,3
0.229,3
0.196,4
0.038,3
0.164,3
0.108,3
0.515,1
0.291,1
0.281,2
0.25,4
0.163,5
0.152,4
0.077,5
0.113,4
0.114,3
0.441,5
0.48,3
0.418,2
0.249,2
0.452,4
0.505,1
0.311,2
0.301,2
0.247,3
0.5,2
0.439,5
0.287,5
0.201,3
0.539,3
0.781,2
0.171,4
0.249,1
0.024,5
0.202,4
0.244,3
0.268,2
0.652,1
0.225,1
0.015,3
0.427,4
0.0,4
0.278,3
0.072,5
0.256,4
0.327,3
0.319,4
0.164,3
0.475,5
0.028,3
0.287,5
0.707,5
0.251,4
0.544,4
0.191,2
0.198,4
0.296,5
0.132,1
0.297,4
0.178,3
0.355,5
0.214,4
0.71,2
0.349,4
0.138,1
0.275,4
0.342,4
0.159,1
0.216,1
0.303,5
0.215,4
0.168,2
0.298,3
0.412,4
0.645,4
0.152,5
0.443,4
0.331,4
0.109,4
0.065,5
0.104,4
0.55,2
0.374,3
0.417,3
0.332,4
0.344,2
0.759,4
0.0,1
0.314,3
0.165,3
0.322,2
0.202,2
0.446,4
0.217,3
0.211,3
0.178,5
0.481,2
0.329,3
0.261,3
0.17,4
0.556,1
0.183,2
0.366,4
0.39,4
0.084,5
0.313,3
0.315,2
0.511,1
0.26,2
0.304,3
0.428,3
0.136,4
0.185,2
0.645,3
0.241,6
0.42,3
0.406,2
0.365,4
0.368,2
0.548,4
0.257,3
0.152,1
0.778,4
0.536,3
0.258,3
0.194,6
0.485,3
0.339,3
0.387,3
0.5,3
0.0,5
0.13,1
0.271,3
0.104,5
0.129,2
0.539,2
0.187,2
0.324,1
0.016,3
0.569,2
0.123,5
0.251,5
0.496,2
0.138,4
0.234,4
0.373,3
0.155,3
0.497,3
0.138,5
0.533,3
0.292,3
0.634,3
0.453,1
0.251,3
0.628,2
0.385,2
0.131,4
0.098,3
0.725,4
0.039,3
0.45,3
0.051,4
0.569,4
0.333,2
0.305,3
0.519,1
0.021,3
0.357,2
0.339,3
0.126,2
0.196,5
0.087,3
0.253,5
0.392,4
0.257,5
0.694,3
0.315,2
0.373,5
0.675,3
0.605,3
0.243,6
0.535,2
0.257,2
0.122,2
0.0,2
0.43,3
0.044,4
0.634,3
0.341,3
0.385,5
0.47,3
0.449,4
0.278,3
0.167,3
0.274,3
0.236,2
0.549,2
0.135,4
0.367,3
0.26,3
0.181,4
0.18,3
0.523,3
0.128,2
0.489,3
0.362,4
0.047,4
0.432,2
0.398,5
0.272,4
0.266,4
0.6,3
0.258,5
0.365,4
0.23,5
0.0,5
0.035,6
0.0,5
0.134,2
0.224,4
0.344,2
0.183,5
0.451,2
0.151,4
0.154,2
0.049,3
0.549,1
0.543,4
0.252,3
0.082,5
0.274,3
0.309,5
0.353,2
0.584,5
0.096,6
0.294,4
0.0,2
0.293,2
0.053,4
0.195,2
0.441,3
0.568,3
0.303,4
0.39,4
0.407,2
0.214,2
0.476,3
0.405,2
0.119,1
0.166,4
0.181,3
0.313,4
0.464,2
0.465,4
0.052,2
0.364,3
0.337,3
0.278,3
0.313,4
0.0,5
0.058,3
0.307,3
0.091,5
0.152,3
0.401,3
0.042,4
0.592,3
0.29,4
0.343,4
0.143,4
0.255,2
0.166,4
0.076,5
0.26,3
0.363,2
0.441,4
0.506,4
0.52,2
0.113,3
0.247,4
0.292,4
0.369,3
0.62,2
0.185,4
0.359,2
0.061,3
0.355,2
0.043,3
0.555,2
0.166,4
0.26,1
0.088,5
0.245,3
0.239,3
0.37,4
0.0,2
0.077,6
0.6,4
0.369,3
0.575,3
0.143,3
0.051,4
0.525,2
0.148,4
0.098,3
0.498,2
0.572,4
0.105,2
0.512,2
0.187,3
0.458,1
0.262,2
0.558,3
0.155,2
0.134,2
0.21,1
0.326,4
0.121,4
0.152,4
0.189,4
0.134,4
0.068,3
0.196,4
0.343,4
0.23,5
0.246,2
0.052,3
0.12,3
0.205,2
0.205,5
0.407,5
0.133,3
0.085,2
0.076,5
0.394,3
0.456,3
0.159,5
0.216,1
0.679,1
0.272,1
0.533,2
0.591,4
0.0,3
0.593,3
0.379,4
0.361,4
0.519,3
0.272,2
0.223,4
0.471,5
0.167,3
0.075,5
0.193,4
0.209,4
0.179,2
0.374,2
0.391,1
0.194,4
0.0,4
0.411,5
0.334,5
0.063,1
0.126,3
0.372,2
0.19,4
0.229,3
0.156,4
0.251,3
0.065,3
0.197,3
0.181,5
0.13,4
0.583,3
0.0,6
0.602,4
0.452,3
0.231,5
0.207,2
0.062,4
0.22,3
0.588,4
0.163,3
0.648,4
0.301,4
0.166,2
0.049,3
0.218,2
0.056,6
0.557,3
0.372,3
0.613,2
0.464,4
0.417,5
0.308,3
0.255,4
0.27,2
0.092,3
0.489,3
0.571,2
0.18,4
0.25,3
0.253,5
0.444,2
0.36,3
0.575,3
0.507,3
0.151,4
0.455,3
0.544,3
0.157,5
0.166,1
0.281,4
0.241,3
0.347,1
0.481,1
0.082,4
0.646,5
0.0,1
0.019,4
0.37,4
0.243,4
0.513,2
0.346,4
0.307,3
0.667,3
0.195,3
0.0,4
0.309,3
0.15,4
0.338,3
0.606,3
0.297,4
0.542,3
0.182,2
0.097,4
0.567,3
0.162,4
0.348,4
0.45,1
0.05,5
0.07,3
0.171,4
0.32,3
0.358,2
0.386,5
0.153,3
0.307,3
0.202,2
0.07,1
0.051,5
0.325,3
0.229,2
0.288,4
0.354,3
0.17,3
0.442,4
0.026,2
0.428,2
0.236,3
0.53,5
0.373,2
0.352,3
0.084,3
0.255,3
0.45,1
0.322,3
0.113,3
0.474,3
0.212,4
0.599,2
0.387,5
0.23,4
0.319,3
0.239,3
0.343,2
0.358,2
0.43,3
0.416,3
0.371,3
0.186,2
0.211,3
0.139,5
0.175,3
0.424,4
0.575,2
0.561,3
0.286,5
0.154,3
0.195,4
0.364,2
0.247,4
0.037,2
0.398,2
0.334,4
0.558,3
0.248,2
0.103,1
0.61,3
0.639,4
0.577,2
0.035,3
0.551,3
0.523,4
0.47,4
0.271,3
0.31,3
0.331,2
0.327,4
0.379,3
0.007,4
0.272,2
0.245,3
0.227,3
0.378,2
0.216,6
0.171,4
0.14,2
0.536,3
0.375,4
0.432,3
0.205,2
0.205,4
0.592,2
0.169,2
0.0,4
0.651,2
0.098,5
0.038,4
0.0,5
0.104,3
0.246,4
0.073,3
0.193,3
0.0,3
0.0,1
0.521,1
0.179,3
0.585,2
0.156,4
0.247,4
0.347,3
0.553,4
0.276,2
0.643,2
0.496,4
0.193,4
0.591,3
0.118,4
0.202,3
0.049,1
0.509,3
0.133,4
0.494,1
0.282,3
0.311,3
0.085,1
0.239,6
0.201,1
0.491,5
0.116,3
0.446,3
0.171,3
0.585,4
0.256,2
0.271,2
0.206,2
0.0,6
0.061,2
0.229,4
0.139,5
0.159,4
0.461,3
0.0,4
0.308,3
0.107,5
0.588,3
0.378,2
0.065,3
0.6,4
0.584,3
0.162,5
0.149,4
0.68,4
0.717,1
0.125,6
0.0,3
0.439,4
0.174,2
0.246,2
0.517,2
0.213,1
0.602,4
0.065,3
0.181,2
0.196,4
0.286,5
0.425,3
0.629,4
0.513,3
0.119,3
0.454,4
0.283,4
0.023,4
0.414,1
0.189,5
0.487,4
0.616,3
0.236,2
0.157,3
0.514,4
0.192,3
0.272,2
0.285,3
0.127,2
0.137,2
0.374,4
0.097,5
0.01,7
0.364,4
0.253,2
0.445,3
0.638,4
0.32,3
0.871,1
0.0,4
0.204,3
0.497,3
0.238,3
0.277,3
0.368,5
0.292,3
0.071,3
0.617,4
0.422,4
0.216,3
0.095,4
0.272,4
0.188,3
0.035,3
0.518,4
0.537,4
0.674,4
0.122,4
0.214,2
0.28,2
0.228,4
0.232,5
0.22,3
0.028,4
0.555,2
0.281,5
0.61,3
0.31,5
0.133,2
0.365,3
0.294,2
0.305,5
0.035,3
0.281,5
0.487,1
0.0,3
0.562,2
0.349,2
0.691,3
0.178,3
0.71,2
0.603,4
0.076,3
0.158,6
0.607,2
0.156,3
0.288,7
0.686,3
0.208,2
0.36,5
0.673,2
0.084,4
0.212,2
0.381,2
0.637,1
0.225,3
0.156,3
0.0,2
0.257,2
0.389,4
0.243,4
0.491,3
0.307,4
0.079,4
0.103,5
0.194,5
0.207,3
0.34,5
0.111,3
0.087,2
0.368,2
0.638,2
0.437,3
0.186,3
0.194,5
0.186,2
0.105,3
0.35,5
0.304,5
0.519,2
0.0,2
0.254,4
0.343,4
0.124,4
0.441,2
0.308,3
0.287,5
0.656,4
0.0,4
0.077,4
0.174,4
0.235,4
0.238,3
0.168,4
0.041,4
0.041,3
0.157,3
0.219,4
0.007,1
0.204,5
0.144,3
0.039,3
0.285,2
0.535,4
0.35,3
0.214,3
0.104,2
0.35,4
0.107,3
0.187,2
0.181,3
0.491,3
0.639,4
0.168,4
0.487,3
0.55,2
0.18,3
0.119,4
0.324,4
0.489,4
0.205,5
0.0,2
0.485,2
0.176,2
0.603,3
0.337,3
0.597,4
0.583,4
0.423,2
0.267,2
0.228,3
0.172,3
0.087,2
0.332,2
0.072,4
0.032,5
0.209,4
0.082,5
0.253,3
0.221,4
0.124,3
0.53,1
0.191,2
0.318,4
0.404,4
0.449,1
0.0,3
0.488,2
0.475,5
0.433,2
0.062,4
0.196,3
0.671,1
0.229,4
0.238,3
0.48,4
0.182,3
0.18,2
0.422,3
0.146,5
0.102,5
0.0,3
0.598,5
0.38,4
0.265,3
0.434,2
0.41,3
0.0,4
0.0,2
0.287,1
0.0,2
0.627,4
0.414,3
0.172,5
0.21,1
0.107,3
0.093,3
0.104,2
0.344,4
0.104,6
0.241,2
0.239,5
0.462,2
0.239,4
0.315,3
0.514,4
0.533,2
0.222,4
0.017,6
0.196,5
0.265,3
0.147,3
0.251,4
0.241,2
0.53,1
0.515,2
0.322,3
0.012,2
0.277,1
0.067,4
0.501,4
0.121,4
0.607,2
0.289,5
0.105,4
0.234,3
0.563,2
0.277,4
0.234,2
0.455,4
0.212,5
0.221,4
0.293,2
0.048,3
0.25,4
0.105,3
0.583,5
0.1,3
0.178,3
0.77,2
0.584,2
0.284,5
0.202,5
0.267,3
0.509,2
0.452,2
0.222,4
0.304,2
0.051,2
0.128,4
0.186,4
0.103,4
0.143,4
0.222,4
0.739,4
0.205,3
0.218,2
0.462,2
0.296,4
0.0,4
0.178,2
0.201,5
0.159,3
0.18,1
0.567,3
0.21,4
0.508,2
0.195,3
0.271,4
0.604,3
0.092,3
0.403,4
0.206,3
0.565,3
0.585,3
0.17,3
0.134,1
0.125,5
0.141,1
0.344,2
0.486,1
0.258,4
0.359,2
0.044,3
0.075,4
0.142,6
0.5,4
0.41,3
0.403,5
0.573,4
0.171,4
0.402,4
0.127,4
0.187,4
0.301,3
0.239,5
0.478,4
0.404,3
0.513,3
0.401,2
0.6,1
0.67,3
0.295,2
0.397,3
0.381,2
0.649,1
0.167,4
0.221,4
0.483,2
0.0,4
0.395,2
0.284,1
0.611,3
0.287,3
0.169,4
0.222,3
0.167,4
0.161,4
0.0,3
0.247,4
0.644,1
0.147,2
0.44,1
0.429,2
0.061,3
0.163,2
0.251,3
0.137,2
0.063,2
0.225,3
0.042,4
0.313,2
0.216,5
0.05,2
0.403,3
0.471,2
0.147,3
0.214,5
0.366,4
0.716,1
0.247,3
0.175,4
0.281,3
0.167,4
0.427,4
0.602,1
0.175,2
0.117,4
0.169,1
0.551,4
0.0,3
0.509,2
0.21,3
0.146,4
0.303,6
0.131,4
0.165,4
0.139,3
0.157,1
0.238,3
0.455,5
0.611,2
0.0,5
0.126,4
0.356,2
0.493,3
0.0,5
0.306,4
0.34,3
0.0,3
0.315,4
0.139,3
0.126,4
0.197,4
0.569,3
0.0,3
0.256,2
0.241,6
0.136,2
0.399,6
0.367,2
0.146,2
0.517,3
0.247,6
0.223,2
0.0,4
0.216,3
0.346,2
0.149,4
0.271,3
0.107,5
0.253,5
0.57,4
0.244,3
0.341,5
0.313,1
0.56,4
0.203,4
0.058,3
0.149,3
0.433,2
0.374,3
0.176,4
0.052,4
0.486,3
0.05,4
0.277,4
0.341,4
0.392,1
0.303,5
0.302,3
0.377,3
0.239,3
0.076,3
0.043,2
0.092,2
0.446,3
0.342,3
0.255,4
0.325,4
0.376,4
0.322,4
0.512,3
0.458,2
0.436,3
0.293,4
0.309,5
0.011,3
0.374,3
0.434,1
0.263,3
0.686,3
0.141,1
0.577,1
0.094,3
0.162,4
0.267,3
0.15,3
0.124,3
0.299,3
0.264,4
0.415,4
0.316,2
0.508,2
0.484,3
0.456,2
0.56,4
0.0,4
0.227,5
0.428,3
0.384,3
0.37,1
0.059,3
0.344,3
0.284,3
0.219,4
0.055,3
0.101,6
0.342,6
0.409,3
0.041,4
0.53,1
0.229,2
0.825,3
0.519,3
0.296,2
0.25,5
0.155,4
0.17,3
0.341,4
0.709,2
0.355,3
0.422,3
0.573,3
0.234,3
0.106,4
0.24,4
0.492,1
0.641,2
0.27,1
0.59,5
0.07,4
0.153,4
0.311,4
0.291,4
0.072,3
0.383,4
0.11,4
0.0,4
0.001,5
0.266,2
0.541,5
0.214,5
0.278,3
0.153,4
0.043,5
0.54,3
0.23,5
0.095,2
0.0,3
0.485,4
0.448,3
0.167,4
0.609,2
0.273,4
0.275,4
0.256,4
0.792,3
0.462,4
0.033,3
0.266,2
0.475,2
0.308,4
0.1,3
0.236,4
0.149,3
0.199,3
0.206,3
0.142,3
0.092,2
0.081,2
0.25,3
0.138,4
0.222,5
0.097,5
0.21,4
0.192,4
0.218,3
0.359,5
0.185,3
0.269,2
0.419,3
0.335,3
0.465,2
0.345,4
0.205,4
0.062,3
0.153,4
0.377,3
0.299,4
0.281,2
0.178,4
0.322,6
0.269,3
0.0,3
0.272,1
0.469,4
0.452,2
0.092,2
0.478,2
0.499,3
0.649,2
0.591,4
0.491,4
0.158,2
0.129,2
0.143,5
0.096,6
0.494,3
0.19,3
0.19,3
0.716,1
0.302,4
0.185,2
0.222,5
0.0,4
0.19,3
0.13,2
0.19,4
0.22,4
0.62,2
0.115,2
0.286,3
0.387,5
0.105,3
0.406,4
0.464,3
0.4,2
0.249,3
0.249,3
0.329,5
0.058,4
0.378,2
0.231,4
0.123,2
0.497,4
0.039,3
0.271,2
0.406,4
0.657,3
0.436,3
0.142,3
0.0,4
0.602,2
0.281,4
0.021,4
0.148,4
0.217,3
0.0,5
0.555,3
0.539,1
0.0,1
0.124,4
0.559,2
0.293,3
0.11,4
0.264,4
0.152,3
0.191,3
0.162,2
0.356,2
0.612,4
0.334,3
0.551,5
0.0,3
0.223,2
0.42,3
0.264,3
0.455,6
0.039,2
0.219,5
0.113,3
0.08,4
0.423,5
0.059,3
0.086,3
0.532,3
0.09,2
0.0,3
0.513,2
0.624,2
0.259,4
0.114,4
0.417,2
0.612,2
0.269,2
0.55,2
0.38,4
0.571,2
0.098,4
0.185,5
0.129,3
0.522,2
0.444,4
0.436,3
0.269,3
0.0,4
0.506,2
0.043,4
0.708,5
0.697,2
0.256,3
0.476,2
0.636,3
0.155,3
0.222,5
0.232,5
0.049,3
0.45,4
0.098,5
0.279,2
0.302,1
0.56,4
0.102,2
0.559,2
0.466,4
0.105,4
0.054,3
0.256,4
0.162,4
0.501,2
0.272,2
0.0,4
0.002,4
0.258,2
0.138,2
0.235,2
0.573,4
0.227,3
0.56,5
0.198,5
0.229,4
0.645,2
0.237,5
0.29,5
0.296,5
0.062,4
0.226,4
0.458,3
0.263,5
0.427,1
0.531,4
0.417,1
0.0,5
0.155,6
0.163,5
0.146,4
0.261,4
0.285,1
0.168,4
0.376,4
0.642,3
0.206,3
0.111,4
0.352,6
0.336,3
0.489,5
0.304,3
0.07,4
0.139,4
0.049,6
0.442,1
0.431,2
0.05,2
0.163,3
0.209,2
0.118,3
0.508,2
0.127,3
0.701,2
0.349,3
0.752,3
0.418,3
0.23,3
0.249,3
0.276,2
0.721,4
0.034,3
0.131,5
0.016,4
0.261,5
0.0,1
0.129,3
0.564,4
0.313,2
0.215,3
0.292,6
0.085,4
0.283,3
0.067,2
0.314,3
0.145,4
0.487,1
0.181,1
0.447,5
0.537,5
0.438,2
0.181,2
0.4,3
0.204,3
0.609,1
0.058,2
0.253,2
0.606,4
0.592,2
0.127,4
0.182,3
0.009,4
0.568,4
0.447,3
0.434,1
0.477,3
0.0,1
0.214,3
0.15,2
0.0,5
0.67,2
0.151,3
0.664,5
0.469,4
0.458,5
0.261,3
0.448,4
0.193,2
0.123,3
0.44,2
0.305,4
0.188,5
0.48,4
0.782,3
0.465,1
0.54,3
0.338,5
0.308,4
0.449,1
0.226,4
0.174,2
0.098,3
0.46,1
0.634,3
0.0,4
0.188,4
0.55,1
0.15,3
0.659,2
0.188,3
0.0,6
0.475,1
0.229,4
0.298,2
0.357,2
0.406,2
0.284,2
0.518,2
0.305,5
0.572,3
0.58,1
0.338,2
0.246,3
0.366,2
0.232,4
0.16,4
0.55,4
0.164,6
0.256,3
0.489,3
0.007,4
0.615,1
0.485,3
0.564,4
0.36,2
0.167,3
0.252,3
0.326,4
0.355,3
0.239,4
0.386,2
0.615,2
0.286,3
0.306,4
0.39,2
0.269,3
0.161,3
0.112,2
0.329,3
0.696,3
0.12,4
0.0,3
0.226,3
0.221,3
0.112,4
0.354,3
0.21,2
0.552,3
0.385,3
0.143,2
0.319,4
0.098,6
0.236,5
0.11,3
0.48,3
0.532,2
0.469,2
0.317,2
0.564,2
0.328,4
0.458,3
0.194,3
0.176,2
0.336,4
0.196,3
0.61,4
0.0,5
0.303,5
0.085,2
0.192,3
0.257,4
0.0,3
0.248,5
0.318,2
0.561,2
0.306,3
0.253,5
0.266,3
0.056,5
0.095,4
0.365,3
0.156,3
0.1,1
0.117,4
0.256,3
0.618,1
0.244,3
0.514,4
0.3,2
0.193,3
0.255,5
0.263,4
0.356,2
0.108,4
0.257,5
0.177,3
0.277,3
0.241,3
0.192,4
0.0,2
0.52,3
0.217,3
0.018,5
0.536,3
0.313,4
0.581,1
0.252,5
0.23,3
0.242,3
0.097,4
0.589,5
0.101,2
0.206,4
0.212,6
0.421,2
0.104,4
0.453,1
0.062,4
0.417,4
0.165,4
0.221,2
0.638,4
0.644,4
0.282,4
0.192,3
0.538,1
0.214,4
0.169,3
0.401,4
0.055,3
0.12,2
0.191,3
0.618,2
0.218,4
0.169,3
0.274,4
0.382,2
0.55,2
0.105,5
0.223,4
0.082,4
0.161,3
0.041,2
0.239,4
0.468,3
0.099,2
0.285,3
0.187,3
0.119,4
0.46,2
0.395,5
0.135,4
0.473,2
0.219,3
0.154,4
0.413,3
0.392,2
0.304,5
0.241,4
0.344,3
0.178,4
0.288,6
0.332,4
0.266,3
0.152,5
0.34,4
0.253,3
0.048,3
0.243,3
0.483,4
0.267,4
0.318,4
0.495,1
0.458,2
0.194,3
0.293,4
0.186,3
0.0,3
0.042,5
0.213,5
0.346,3
0.633,1
0.186,3
0.485,2
0.598,1
0.035,5
0.49,3
0.455,3
0.451,4
0.501,3
0.693,3
0.248,3
0.245,4
0.393,4
0.018,3
0.223,4
0.133,2
0.066,2
0.161,2
0.499,2
0.307,2
0.125,4
0.254,4
0.315,2
0.125,3
0.58,3
0.423,3
0.358,3
0.437,2
0.272,1
0.368,4
0.26,1
0.268,1
0.418,4
0.52,3
0.302,2
0.315,3
0.456,1
0.261,2
0.234,6
0.327,5
0.254,5
0.534,4
0.301,2
0.244,3
0.161,3
0.008,3
0.377,4
0.143,2
0.366,3
0.137,3
0.559,2
0.226,3
0.315,4
0.528,2
0.542,3
0.185,3
0.557,3
0.268,3
0.403,4
0.0,3
0.12,3
0.595,3
0.506,5
0.396,2
0.359,1
0.261,3
0.527,3
0.017,2
0.301,2
0.176,2
0.584,2
0.247,5
0.494,2
0.134,2
0.251,4
0.255,3
0.198,3
0.261,4
0.372,2
0.095,3
0.329,3
0.323,4
0.518,4
0.148,4
0.592,4
0.034,4
0.543,5
0.096,1
0.106,4
0.207,4
0.121,1
0.2,5
0.401,2
0.581,3
0.54,5
0.371,1
0.291,5
0.137,3
0.515,2
0.685,2
0.231,4
0.185,4
0.091,4
0.318,1
0.21,4
0.261,2
0.336,2
0.414,3
0.182,6
0.508,1
0.201,4
0.564,4
0.0,2
0.286,3
0.698,4
0.356,2
0.317,5
0.199,2
0.332,3
0.261,4
0.201,4
0.187,4
0.44,5
0.474,2
0.387,3
0.437,1
0.304,3
0.608,3
0.207,5
0.413,4
0.15,3
0.712,2
0.145,4
0.006,1
0.406,4
0.159,4
0.396,4
0.31,3
0.248,4
0.236,1
0.438,4
0.513,2
0.431,3
0.108,4
0.173,3
0.148,3
0.197,3
0.323,3
0.254,5
0.0,2
0.49,1
0.232,4
0.363,6
0.444,3
0.453,2
0.654,4
0.137,3
0.203,3
0.208,4
0.014,4
0.198,3
0.418,3
0.333,5
0.085,3
0.18,3
0.329,2
0.0,4
0.422,3
0.182,2
0.352,2
0.573,2
0.4,3
0.321,5
0.255,5
0.508,4
0.799,2
0.073,2
0.29,5
0.103,5
0.236,2
0.429,2
0.25,2
0.427,5
0.263,4
0.18,3
0.361,2
0.283,2
0.139,4
0.4,1
0.587,2
0.187,3
0.033,5
0.129,2
0.34,2
0.528,4
0.255,4
0.241,5
0.222,6
0.174,5
0.786,2
0.112,3
0.28,4
0.268,2
0.394,3
0.396,2
0.25,4
0.184,3
0.396,1
0.485,2
0.262,4
0.114,3
0.637,2
0.359,5
0.308,5
0.584,3
0.374,3
0.667,3
0.446,2
0.161,4
0.168,6
0.387,4
0.023,4
0.527,3
0.085,5
0.151,5
0.0,4
0.386,3
0.262,1
0.033,3
0.281,2
0.002,3
0.007,3
0.326,2
0.213,4
0.109,2
0.392,4
0.253,1
0.538,4
0.143,3
0.128,4
0.533,3
0.032,5
0.472,5
0.258,3
0.552,3
0.207,3
0.091,3
0.215,3
0.475,2
0.249,4
0.603,6
0.683,4
0.38,2
0.455,3
0.466,2
0.227,4
0.287,3
0.461,4
0.249,3
0.474,2
0.669,2
0.089,5
0.186,6
0.24,4
0.47,3
0.262,2
0.408,2
0.232,3
0.294,4
0.32,4
0.755,2
0.432,2
0.29,5
0.213,4
0.398,5
0.383,3
0.339,5
0.196,3
0.331,4
0.369,3
0.265,1
0.352,4
0.013,5
0.717,3
0.214,2
0.227,4
0.465,2
0.145,3
0.183,1
0.321,5
0.235,4
0.246,3
0.252,2
0.12,2
0.534,2
0.158,3
0.136,6
0.228,3
0.0,4
0.096,5
0.114,3
0.053,3
0.22,2
0.388,3
0.136,3
0.255,3
0.136,1
0.0,4
0.229,4
0.23,5
0.528,3
0.121,4
0.164,4
0.162,2
0.292,5
0.231,3
0.368,4
0.466,4
0.205,4
0.206,1
0.131,3
0.291,3
0.509,3
0.731,4
0.034,3
0.109,4
0.447,3
0.165,4
0.287,4
0.328,1
0.669,2
0.0,4
0.545,3
0.383,5
0.216,4
0.114,4
0.166,4
0.155,2
0.034,5
0.679,1
0.828,2
0.143,1
0.596,4
0.483,3
0.0,2
0.041,6
0.182,2
0.034,1
0.261,2
0.314,3
0.343,4
0.188,4
0.229,5
0.054,3
0.134,3
0.105,1
0.151,4
0.305,2
0.243,4
0.387,3
0.415,4
0.0,6
0.309,3
0.286,4
0.006,3
0.399,4
0.115,4
0.111,5
0.187,4
0.486,1
0.058,4
0.273,4
0.628,2
0.135,5
0.145,3
0.141,4
0.592,3
0.217,4
0.076,3
0.078,4
0.306,3
0.533,3
0.046,2
0.328,3
0.137,2
0.186,4
0.125,4
0.513,3
0.046,4
0.365,4
0.579,4
0.237,3
0.554,2
0.113,3
0.32,4
0.771,2
0.076,6
0.07,4
0.461,3
0.5,2
0.158,4
0.529,2
0.184,3
0.406,3
0.216,3
0.175,1
0.109,3
0.438,4
0.0,3
0.607,3
0.337,3
0.383,3
0.46,4
0.212,4
0.41,4
0.531,1
0.26,4
0.138,3
0.565,4
0.429,3
0.249,4
0.248,4
0.602,1
0.537,3
0.443,4
0.146,5
0.175,2
0.41,4
0.129,3
0.301,4
0.436,3
0.519,3
0.2,4
0.252,2
0.601,5
0.519,2
0.282,2
0.136,4
0.026,4
0.547,4
0.147,2
0.203,4
0.376,3
0.105,4
0.265,5
0.012,4
0.322,3
0.268,3
0.405,3
0.273,3
0.554,3
0.121,2
0.238,2
0.143,5
0.565,3
0.059,3
0.148,3
0.25,4
0.311,2
0.493,3
0.081,5
0.34,1
0.62,3
0.218,3
0.544,3
0.118,3
0.634,1
0.345,3
0.251,2
0.104,3
0.183,2
0.382,5
0.29,4
0.051,5
0.298,4
0.271,2
0.029,4
0.087,5
0.069,3
0.226,5
0.082,3
0.375,2
0.147,2
0.577,3
0.367,2
0.381,2
0.018,1
0.19,5
0.338,5
0.45,2
0.429,2
0.292,3
0.122,4
0.649,2
0.607,2
0.235,4
0.512,3
0.391,2
0.629,3
0.11,4
0.2,2
0.089,5
0.198,5
0.241,5
0.29,1
0.097,3
0.231,5
0.155,3
0.656,4
0.409,3
0.731,4
0.293,3
0.053,4
0.433,4
0.309,2
0.257,2
0.301,1
0.154,5
0.465,4
0.562,3
0.679,2
0.237,5
0.446,5
0.238,2
0.053,3
0.847,3
0.377,1
0.462,6
0.732,3
0.308,4
0.508,3
0.543,2
0.45,4
0.18,4
0.471,3
0.246,2
0.184,5
0.492,1
0.691,1
0.557,1
0.359,4
0.202,3
0.241,4
0.16,1
0.344,3
0.253,1
0.427,4
0.429,5
0.362,1
0.115,5
0.658,3
0.148,4
0.446,2
0.544,3
0.28,3
0.346,3
0.507,2
0.0,3
0.239,2
0.352,2
0.298,3
0.13,5
0.216,2
0.271,2
0.008,4
0.083,1
0.356,4
0.364,5
0.222,5
0.649,1
0.021,3
0.531,3
0.264,4
0.258,4
0.142,2
0.253,4
0.488,3
0.199,2
0.162,1
0.384,3
0.39,4
0.167,6
0.49,4
0.608,1
0.565,1
0.072,3
0.168,4
0.581,3
0.136,3
0.476,5
0.752,3
0.393,4
0.334,4
0.164,2
0.253,3
0.493,2
0.412,4
0.163,3
0.295,4
0.195,5
0.4,3
0.371,4
0.368,3
0.582,3
0.237,3
0.382,5
0.371,3
0.469,1
0.64,3
0.429,4
0.081,4
0.457,1
0.446,3
0.282,2
0.323,3
0.548,2
0.232,3
0.11,3
0.483,2
0.126,3
0.705,3
0.672,2
0.034,4
0.507,2
0.181,3
0.204,4
0.608,2
0.27,4
0.109,2
0.15,3
0.248,2
0.0,3
0.0,5
0.217,4
0.243,5
0.262,4
0.2,4
0.065,2
0.387,3
0.583,2
0.122,5
0.684,3
0.354,4
0.48,2
0.267,5
0.29,4
0.231,1
0.296,2
0.104,4
0.068,2
0.124,3
0.293,4
0.254,3
0.522,3
0.25,4
0.0,2
0.111,3
0.335,4
0.331,4
0.085,3
0.128,5
0.379,3
0.399,4
0.608,2
0.19,4
0.151,4
0.337,4
0.043,2
0.486,5
0.057,5
0.38,2
0.498,2
0.007,5
0.678,1
0.34,4
0.444,1
0.341,2
0.0,4
0.183,2
0.198,4
0.223,3
0.186,3
0.652,2
0.335,3
0.258,1
0.579,4
0.434,3
0.155,3
0.287,5
0.386,3
0.441,4
0.234,1
0.333,2
0.554,3
0.548,2
0.137,3
0.679,2
0.537,3
0.158,1
0.399,3
0.081,3
0.165,4
0.357,3
0.084,2
0.152,4
0.266,6
0.212,2
0.342,1
0.511,4
0.448,5
0.286,4
0.211,3
0.123,2
0.142,3
0.159,3
0.427,3
0.294,3
0.445,2
0.634,2
0.155,4
0.137,3
0.569,4
0.276,5
0.561,1
0.16,5
0.462,2
0.289,6
0.486,3
0.41,2
0.0,1
0.289,4
0.339,5
0.572,2
0.332,2
0.392,3
0.179,4
0.674,2
0.193,3
0.052,3
0.307,4
0.408,3
0.238,3
0.347,4
0.187,4
0.48,6
0.407,2
0.029,2
0.332,3
0.138,1
0.208,3
0.048,4
0.228,3
0.194,2
0.135,3
0.119,4
0.0,2
0.172,2
0.365,2
0.494,1
0.432,4
0.104,4
0.054,3
0.082,5
0.348,2
0.28,4
0.206,4
0.0,4
0.128,4
0.326,2
0.433,2
0.422,1
0.0,1
0.541,3
0.134,4
0.443,3
0.292,3
0.052,4
0.279,4
0.468,4
0.0,5
0.34,5
0.406,3
0.079,3
0.275,4
0.4,3
0.259,2
0.182,3
0.237,2
0.392,2
0.31,3
0.429,2
0.426,2
0.092,4
0.249,3
0.401,3
0.467,2
0.201,4
0.162,4
0.453,3
0.127,3
0.33,3
0.561,3
0.238,2
0.299,3
0.444,4
0.314,4
0.042,4
0.22,3
0.224,4
0.514,5
0.035,5
0.578,3
0.0,4
0.265,3
0.436,2
0.094,4
0.374,3
0.006,3
0.528,2
0.381,3
0.065,6
0.491,3
0.058,2
0.205,3
0.207,4
0.311,2
0.323,3
0.104,2
0.397,3
0.164,5
0.511,1
0.271,2
0.217,5
0.119,6
0.301,5
0.247,5
0.327,3
0.385,5
0.012,4
0.326,3
0.307,5
0.432,5
0.513,2
0.113,4
0.324,4
0.514,3
0.263,4
0.153,4
0.551,4
0.401,2
0.328,3
0.102,2
0.382,4
0.417,4
0.255,2
0.0,5
0.321,2
0.524,2
0.0,4
0.047,3
0.051,5
0.405,4
0.297,2
0.415,2
0.452,3
0.448,3
0.257,4
0.191,5
0.213,3
0.3,2
0.099,3
0.22,2
0.587,3
0.076,3
0.182,2
0.235,3
0.223,4
0.389,4
0.481,3
0.238,2
0.294,2
0.0,4
0.0,2
0.281,2
0.689,1
0.07,4
0.432,2
0.329,3
0.81,4
0.0,5
0.463,4
0.491,2
0.119,3
0.275,2
0.787,2
0.461,2
0.222,3
0.05,3
0.0,3
0.38,1
0.305,4
0.57,1
0.0,2
0.615,4
0.214,2
0.144,4
0.101,2
0.221,2
0.191,3
0.272,5
0.502,4
0.622,2
0.141,6
0.142,3
0.203,2
0.407,2
0.096,3
0.763,2
0.144,3
0.528,4
0.471,3
0.097,3
0.16,4
0.421,2
0.147,3
0.479,4
0.312,2
0.678,2
0.634,3
0.375,5
0.166,4
0.123,3
0.608,3
0.731,2
0.689,1
0.091,3
0.237,4
0.298,3
0.0,4
0.245,2
0.741,3
0.604,3
0.029,5
0.168,4
0.154,3
0.286,2
0.163,4
0.09,4
0.481,2
0.236,4
0.12,5
0.612,3
0.26,2
0.658,3
0.366,2
0.441,3
0.382,4
0.201,4
0.11,4
0.068,2
0.245,3
0.0,4
0.546,3
0.0,3
0.147,3
0.472,2
0.0,5
0.394,3
0.487,3
0.165,1
0.213,5
0.22,3
0.208,4
0.382,5
0.192,1
0.001,5
0.114,2
0.392,4
0.186,4
0.687,2
0.659,2
0.276,2
0.639,3
0.0,4
0.313,3
0.067,3
0.299,5
0.444,2
0.557,4
0.621,2
0.141,5
0.124,2
0.273,4
0.088,4
0.504,4
0.196,3
0.068,2
0.238,4
0.257,4
0.127,4
0.579,1
0.57,1
0.13,3
0.32,3
0.579,5
0.242,5
0.069,2
0.0,4
0.045,3
0.718,1
0.548,2
0.089,4
0.205,3
0.034,5
0.517,2
0.298,1
0.599,2
0.087,5
0.479,3
0.148,5
0.255,4
0.0,2
0.06,4
0.332,3
0.22,5
0.06,2
0.56,4
0.148,4
0.171,5
0.004,2
0.207,4
0.416,2
0.466,4
0.183,1
0.229,2
0.067,5
0.482,4
0.414,3
0.169,5
0.117,3
0.301,5
0.554,3
0.495,6
0.022,4
0.52,3
0.366,2
0.109,6
0.671,4
0.451,4
0.365,3
0.065,3
0.537,4
0.133,4
0.183,4
0.0,4
0.357,3
0.031,4
0.071,5
0.27,2
0.332,4
0.148,4
0.12,2
0.205,4
0.177,2
0.109,3
0.147,3
0.75,3
0.198,4
0.372,2
0.293,3
0.377,2
0.45,2
0.363,5
0.542,1
0.557,5
0.43,2
0.533,3
0.519,2
0.1,6
0.378,2
0.135,2
0.539,4
0.381,3
0.541,3
0.293,4
0.028,4
0.179,3
0.281,4
0.233,4
0.599,1
0.285,5
0.058,3
0.284,2
0.164,4
0.117,3
0.279,4
0.274,4
0.018,5
0.184,5
0.452,4
0.277,4
0.294,1
0.347,4
0.493,2
0.162,2
0.499,5
0.164,2
0.153,4
0.468,4
0.207,5
0.229,5
0.276,3
0.258,5
0.329,5
0.379,2
0.296,3
0.116,4
0.226,3
0.323,5
0.741,1
0.1,2
0.767,3
0.241,1
0.008,5
0.695,5
0.615,4
0.198,4
0.134,3
0.158,3
0.202,3
0.199,4
0.0,3
0.529,1
0.187,1
0.078,2
0.328,1
0.349,5
0.343,5
0.25,4
0.037,3
0.297,4
0.704,3
0.197,3
0.641,4
0.255,4
0.536,2
0.0,4
0.567,4
0.263,1
0.214,3
0.372,3
0.219,2
0.194,3
0.152,3
0.38,1
0.18,3
0.267,2
0.097,4
0.206,3
0.635,4
0.469,4
0.093,2
0.0,4
0.149,5
0.185,4
0.539,2
0.625,3
0.13,3
0.234,3
0.459,3
0.524,5
0.437,3
0.444,3
0.109,3
0.063,2
0.566,4
0.0,4
0.631,3
0.203,4
0.352,4
0.539,3
0.521,4
0.271,3
0.296,4
0.305,4
0.052,1
0.456,3
0.301,5
0.294,4
0.067,5
0.322,5
0.443,3
0.27,3
0.03,2
0.081,3
0.056,3
0.212,3
0.576,3
0.142,2
0.073,4
0.126,4
0.637,2
0.342,3
0.198,4
0.178,4
0.021,1
0.174,5
0.139,4
0.181,5
0.365,2
0.482,3
0.226,4
0.144,3
0.116,4
0.214,4
0.615,5
0.28,2
0.191,4
0.628,3
0.129,3
0.178,4
0.392,3
0.249,2
0.451,3
0.269,3
0.253,3
0.186,3
0.425,3
0.014,2
0.531,3
0.288,3
0.095,3
0.584,1
0.385,5
0.342,3
0.482,2
0.241,2
0.0,3
0.124,3
0.576,2
0.267,4
0.204,3
0.298,2
0.006,3
0.323,4
0.165,4
0.3,5
0.248,3
0.215,2
0.61,4
0.201,4
0.437,3
0.395,2
0.14,2
0.352,2
0.201,5
0.229,4
0.474,4
0.21,5
0.232,3
0.27,4
0.327,1
0.188,2
0.252,4
0.276,2
0.151,3
0.195,4
0.412,2
0.031,4
0.222,5
0.103,4
0.432,2
0.355,4
0.503,3
0.696,3
0.523,3
0.122,2
0.4,3
0.41,1
0.384,1
0.376,4
0.175,3
0.195,5
0.462,5
0.335,4
0.289,1
0.0,3
0.145,3
0.215,5
0.613,3
0.081,4
0.0,4
0.0,4
0.081,4
0.337,3
0.201,4
0.468,2
0.29,3
0.062,1
0.531,1
0.359,3
0.13,3
0.098,4
0.177,2
0.116,4
0.244,4
0.239,5
0.238,5
0.257,4
0.038,4
0.685,3
0.244,2
0.298,4
0.132,5
0.303,3
0.311,3
0.0,1
0.385,2
0.472,2
0.151,5
0.48,3
0.169,3
0.418,3
0.161,4
0.343,3
0.186,5
0.657,3
0.511,3
0.255,5
0.277,1
0.249,2
0.189,4
0.617,3
0.368,3
0.462,3
0.124,4
0.215,4
0.189,3
0.166,4
0.611,2
0.574,2
0.315,1
0.257,3
0.401,4
0.241,2
0.083,4
0.186,4
0.48,4
0.513,2
0.492,4
0.157,3
0.58,3
0.792,2
0.0,3
0.113,3
0.438,2
0.444,5
0.482,2
0.217,3
0.032,2
0.25,4
0.148,3
0.198,6
0.243,6
0.468,2
0.458,2
0.261,6
0.46,5
0.148,3
0.301,3
0.332,2
0.679,4
0.165,4
0.52,4
0.259,2
0.092,3
0.265,2
0.157,3
0.206,3
0.179,4
0.231,2
0.066,3
0.497,1
0.194,2
0.534,4
0.445,5
0.373,5
0.378,3
0.0,3
0.408,3
0.261,2
0.401,3
0.672,1
0.268,4
0.185,4
0.341,4
0.082,3
0.266,5
0.233,4
0.067,5
0.249,3
0.211,3
0.563,2
0.175,2
0.464,3
0.176,3
0.463,5
0.556,3
0.161,3
0.495,4
0.385,4
0.29,3
0.424,4
0.339,3
0.42,4
0.191,2
0.417,4
0.069,4
0.278,2
0.24,2
0.275,3
0.331,5
0.429,3
0.453,4
0.255,6
0.396,3
0.183,4
0.233,4
0.306,4
0.228,1
0.259,5
0.025,4
0.664,2
0.666,2
0.051,3
0.593,3
0.362,3
0.245,2
0.399,5
0.104,4
0.239,4
0.211,4
0.051,2
0.309,4
0.235,4
0.559,1
0.003,4
0.519,3
0.142,5
0.349,2
0.568,3
0.14,2
0.07,2
0.177,5
0.475,4
0.238,1
0.06,3
0.625,1
0.525,4
0.523,4
0.488,4
0.574,3
0.313,3
0.472,1
0.329,4
0.112,3
0.555,4
0.195,4
0.441,3
0.186,5
0.428,4
0.356,4
0.559,5
0.21,3
0.371,3
0.452,3
0.247,2
0.108,4
0.63,4
0.109,5
0.54,3
0.507,5
0.025,6
0.244,4
0.155,2
0.264,2
0.351,4
0.287,2
0.242,3
0.119,2
0.686,6
0.416,5
0.112,3
0.163,6
0.024,3
0.163,2
0.3,2
0.295,3
0.32,2
0.601,2
0.185,4
0.0,5
0.416,3
0.52,4
0.725,3
0.095,3
0.574,2
0.324,4
0.327,4
0.473,3
0.061,4
0.298,3
0.509,2
0.483,2
0.563,1
0.479,3
0.355,3
0.116,2
0.304,3
0.428,4
0.308,6
0.427,3
0.5,2
0.219,4
0.279,5
0.128,3
0.292,1
0.42,1
0.284,2
0.058,1
0.178,5
0.016,4
0.204,4
0.194,5
0.225,4
0.117,3
0.288,5
0.506,3
0.018,4
0.347,3
0.479,3
0.193,4
0.319,6
0.12,4
0.552,2
0.137,5
0.157,3
0.474,4
0.398,3
0.12,3
0.474,4
0.447,1
0.279,2
0.123,4
0.134,3
0.405,3
0.3,5
0.198,4
0.591,2
0.0,3
0.029,3
0.107,4
0.203,4
0.492,4
0.46,3
0.204,4
0.319,2
0.305,3
0.293,4
0.57,2
0.088,4
0.075,3
0.206,3
0.196,5
0.269,4
0.435,3
0.622,2
0.194,2
0.585,4
0.066,3
0.208,2
0.164,4
0.0,3
0.276,2
0.503,1
0.628,1
0.172,3
0.167,3
0.067,3
0.535,3
0.129,3
0.339,4
0.247,3
0.0,5
0.262,5
0.606,1
0.081,4
0.151,3
0.27,2
0.07,4
0.575,3
0.311,4
0.136,1
0.54,3
0.38,2
0.044,3
0.42,3
0.162,4
0.311,2
0.549,1
0.39,3
0.542,5
0.248,5
0.057,6
0.202,5
0.205,2
0.068,2
0.599,3
0.605,3
0.205,1
0.414,4
0.561,4
0.169,2
0.0,1
0.623,4
0.491,4
0.5,2
0.079,5
0.02,3
0.205,3
0.667,3
0.684,1
0.269,4
0.43,4
0.504,2
0.148,2
0.485,3
0.144,3
0.579,2
0.192,2
0.53,3
0.486,2
0.752,2
0.261,3
0.398,3
0.216,3
0.127,5
0.127,3
0.139,1
0.224,4
0.267,3
0.228,4
0.505,1
0.095,2
0.33,5
0.587,3
0.13,4
0.198,2
0.194,2
0.189,3
0.071,4
0.156,2
0.333,3
0.385,1
0.53,4
0.043,2
0.533,4
0.056,1
0.405,4
0.148,3
0.255,4
0.234,4
0.166,2
0.143,3
0.177,2
0.246,3
0.134,3
0.494,2
0.206,4
0.456,3
0.63,2
0.038,2
0.37,4
0.581,2
0.243,4
0.041,5
0.384,6
0.697,3
0.189,4
0.0,2
0.419,2
0.126,4
0.155,3
0.302,4
0.305,3
0.351,5
0.361,4
0.328,1
0.457,5
0.205,3
0.0,3
0.305,3
0.243,3
0.307,4
0.513,4
0.584,2
0.143,2
0.177,4
0.37,5
0.528,1
0.633,3
0.44,3
0.305,2
0.698,4
0.452,3
0.229,3
0.355,3
0.294,3
0.036,4
0.307,3
0.0,4
0.064,4
0.538,2
0.266,4
0.421,3
0.093,4
0.586,3
0.559,3
0.138,3
0.1,3
0.291,3
0.381,4
0.419,3
0.281,2
0.5,4
0.098,3
0.249,1
0.149,4
0.227,5
0.173,3
0.34,3
0.197,5
0.213,1
0.178,4
0.175,3
0.552,1
0.156,4
0.568,4
0.525,3
0.206,4
0.287,2
0.226,5
0.176,2
0.424,2
0.293,5
0.153,3
0.473,3
0.219,3
0.621,4
0.663,2
0.311,3
0.335,3
0.492,2
0.386,3
0.358,3
0.55,1
0.334,1
0.251,4
0.079,2
0.236,4
0.047,4
0.269,2
0.087,4
0.359,4
0.251,4
0.474,2
0.408,4
0.378,1
0.209,2
0.024,6
0.247,2
0.086,4
0.301,4
0.326,3
0.148,4
0.567,4
0.451,4
0.554,3
0.122,2
0.305,4
0.109,4
0.61,3
0.074,4
0.07,3
0.335,4
0.214,2
0.131,3
0.617,2
0.522,1
0.137,4
0.1,2
0.295,3
0.111,4
0.025,3
0.178,2
0.306,4
0.086,1
0.179,5
0.595,2
0.23,2
0.162,2
0.175,2
0.153,2
0.382,2
0.221,5
0.233,2
0.4,2
0.593,5
0.064,4
0.0,3
0.179,4
0.197,5
0.316,4
0.193,3
0.215,4
0.015,5
0.443,2
0.384,3
0.162,2
0.24,2
0.54,2
0.046,5
0.337,1
0.176,5
0.525,2
0.376,3
0.426,2
0.144,2
0.17,4
0.185,2
0.175,3
0.267,3
0.083,3
0.214,4
0.674,4
0.023,3
0.589,3
0.192,5
0.174,2
0.472,3
0.449,2
0.234,3
0.107,2
0.572,2
0.423,4
0.156,5
0.088,3
0.07,6
0.309,4
0.276,3
0.465,4
0.116,2
0.366,5
0.326,2
0.308,1
0.143,3
0.059,3
0.465,3
0.316,3
0.251,2
0.212,1
0.306,3
0.21,2
0.461,3
0.539,3
0.315,4
0.196,3
0.243,3
0.544,2
0.175,4
0.302,3
0.131,1
0.436,6
0.137,3
0.368,2
0.396,1
0.206,5
0.188,4
0.057,4
0.15,4
0.537,4
0.115,6
0.479,3
0.146,3
0.593,2
0.367,4
0.597,2
0.077,3
0.438,4
0.518,2
0.093,5
0.129,2
0.691,3
0.158,3
0.507,4
0.243,4
0.045,2
0.258,4
0.101,6
0.262,5
0.323,4
0.501,1
0.453,4
0.107,5
0.116,3
0.282,2
0.17,4
0.426,2
0.332,4
0.187,3
0.156,3
0.285,5
0.195,6
0.177,3
0.224,3
0.117,4
0.362,3
0.076,4
0.505,3
0.012,6
0.374,3
0.085,4
0.09,2
0.155,3
0.357,4
0.409,4
0.638,2
0.122,5
0.49,3
0.209,4
0.265,3
0.475,3
0.201,4
0.515,2
0.529,1
0.596,2
0.152,4
0.554,4
0.649,2
0.473,4
0.086,3
0.28,3
0.472,1
0.294,5
0.08,3
0.486,4
0.198,4
0.262,4
0.168,4
0.265,3
0.081,4
0.128,4
0.193,5
0.163,4
0.394,3
0.168,2
0.012,3
0.3,4
0.328,2
0.273,1
0.519,4
0.468,4
0.012,4
0.182,4
0.073,3
0.115,4
0.479,4
0.536,3
0.248,1
0.3,3
0.301,4
0.114,2
0.076,4
0.133,4
0.092,3
0.254,5
0.415,3
0.184,4
0.295,3
0.152,5
0.584,1
0.636,4
0.199,3
0.122,6
0.405,2
0.456,2
0.183,2
0.444,1
0.211,4
0.214,2
0.608,1
0.476,2
0.725,3
0.53,3
0.062,4
0.361,4
0.501,3
0.317,2
0.077,3
0.335,4
0.286,4
0.372,4
0.261,4
0.332,3
0.119,4
0.173,3
0.071,4
0.509,3
0.178,3
0.235,3
0.482,3
0.123,5
0.232,3
0.391,3
0.011,2
0.096,3
0.628,3
0.371,4
0.156,3
0.0,4
0.059,3
0.195,3
0.235,3
0.433,3
0.087,4
0.559,4
0.213,3
0.333,1
0.535,2
0.258,3
0.301,2
0.122,5
0.21,3
0.455,4
0.666,1
0.425,3
0.278,2
0.258,1
0.194,3
0.166,5
0.309,3
0.496,2
0.318,3
0.202,3
0.599,3
0.309,1
0.047,3
0.462,4
0.103,5
0.517,4
0.27,3
0.161,3
0.412,5
0.617,4
0.169,3
0.228,4
0.601,3
0.015,5
0.113,5
0.243,4
0.63,3
0.13,5
0.382,2
0.187,6
0.282,3
0.355,2
0.229,2
0.128,3
0.439,4
0.235,2
0.259,1
0.357,2
0.359,2
0.185,3
0.179,4
0.0,3
0.539,3
0.165,4
0.426,3
0.451,2
0.42,6
0.245,2
0.461,3
0.305,4
0.393,2
0.244,4
0.002,7
0.082,2
0.418,4
0.366,3
0.188,3
0.217,4
0.198,2
0.129,5
0.125,3
0.265,5
0.0,4
0.103,3
0.254,4
0.165,3
0.143,2
0.232,2
0.571,3
0.148,4
0.426,4
0.179,5
0.382,3
0.151,1
0.116,3
0.391,2
0.168,4
0.0,2
0.231,5
0.142,5
0.428,3
0.248,4
0.006,4
0.19,2
0.219,2
0.597,2
0.17,4
0.507,1
0.321,3
0.146,3
0.565,2
0.126,4
0.456,2
0.289,3
0.222,2
0.023,3
0.569,4
0.523,5
0.336,3
0.296,3
0.284,4
0.148,4
0.472,3
0.241,2
0.445,3
0.545,2
0.007,4
0.216,2
0.071,6
0.697,3
0.113,2
0.595,4
0.027,4
0.352,3
0.123,4
0.248,1
0.18,4
0.213,5
0.676,4
0.622,2
0.502,4
0.703,3
0.244,4
0.075,3
0.536,3
0.203,2
0.345,3
0.705,1
0.099,3
0.516,2
0.121,3
0.137,5
0.289,4
0.095,5
0.568,3
0.567,1
0.144,3
0.528,4
0.179,3
0.407,2
0.108,2
0.332,4
0.221,4
0.26,6
0.089,5
0.136,4
0.101,6
0.092,3
0.274,5
0.181,4
0.001,5
0.206,3
0.097,5
0.565,2
0.557,3
0.301,3
0.222,3
0.601,2
0.516,2
0.445,1
0.446,4
0.543,5
0.082,6
0.145,3
0.539,3
0.249,3
0.248,5
0.691,2
0.225,4
0.603,4
0.013,2
0.512,3
0.358,3
0.199,2
0.229,4
0.366,1
0.296,5
0.261,4
0.665,1
0.269,2
0.294,2
0.301,3
0.472,3
0.284,3
0.333,4
0.193,3
0.526,3
0.085,3
0.248,4
0.375,3
0.812,4
0.479,1
0.046,1
0.261,4
0.47,3
0.624,3
0.288,3
0.359,4
0.19,5
0.215,1
0.274,3
0.222,5
0.195,4
0.3,2
0.234,3
0.247,2
0.433,3
0.176,3
0.142,2
0.323,3
0.329,3
0.369,3
0.192,3
0.0,3
0.162,4
0.039,3
0.0,4
0.243,2
0.17,2
0.305,3
0.144,6
0.392,4
0.085,1
0.114,3
0.0,2
0.161,3
0.374,4
0.539,1
0.547,2
0.137,1
0.54,2
0.345,5
0.553,5
0.152,3
0.19,5
0.213,2
0.28,4
0.169,6
0.655,3
0.253,5
0.198,2
0.259,1
0.519,2
0.193,4
0.176,3
0.152,3
0.175,4
0.649,4
0.443,2
0.579,3
0.222,2
0.14,4
0.29,1
0.0,2
0.261,5
0.087,5
0.455,4
0.676,2
0.062,2
0.138,4
0.16,4
0.39,4
0.482,2
0.104,4
0.636,1
0.674,2
0.001,3
0.297,2
0.0,3
0.216,2
0.438,3
0.201,2
0.581,4
0.414,1
0.28,2
0.391,3
0.566,2
0.326,3
0.191,4
0.204,5
0.321,3
0.469,2
0.21,2
0.373,4
0.341,4
0.54,5
0.19,3
0.104,3
0.067,5
0.488,5
0.201,1
0.088,5
0.295,3
0.378,5
0.191,3
0.566,5
0.088,5
0.1,4
0.515,3
0.245,3
0.056,4
0.306,4
0.22,2
0.229,4
0.126,4
0.47,5
0.245,2
0.371,4
0.325,4
0.151,4
0.227,4
0.033,3
0.187,3
0.395,5
0.208,2
0.138,3
0.107,2
0.234,2
0.277,2
0.212,3
0.239,3
0.478,3
0.418,2
0.278,5
0.671,3
0.067,2
0.222,4
0.016,4
0.331,1
0.332,5
0.182,3
0.333,5
0.125,1
0.165,5
0.227,2
0.192,4
0.281,3
0.287,2
0.459,3
0.358,4
0.559,1
0.272,3
0.395,5
0.29,3
0.025,3
0.109,3
0.288,2
0.618,1
0.134,2
0.107,1
0.111,1
0.108,4
0.176,4
0.333,3
0.208,4
0.0,1
0.362,4
0.298,5
0.498,5
0.174,2
0.199,3
0.185,3
0.207,4
0.546,4
0.354,2
0.103,4
0.364,2
0.0,4
0.521,6
0.397,4
0.158,4
0.042,4
0.374,2
0.153,2
0.463,4
0.11,1
0.612,5
0.268,4
0.724,3
0.437,4
0.104,4
0.302,4
0.0,1
0.392,5
0.193,4
0.561,1
0.089,3
0.671,1
0.214,5
0.316,2
0.147,4
0.655,2
0.249,6
0.179,3
0.584,2
0.166,2
0.361,3
0.073,4
0.208,3
0.116,5
0.385,1
0.011,4
0.151,3
0.508,3
0.332,4
0.0,4
0.354,4
0.458,6
0.245,2
0.061,6
0.277,3
0.292,2
0.108,5
0.312,2
0.418,3
0.575,5
0.194,4
0.308,1
0.577,4
0.143,1
0.2,4
0.678,2
0.604,4
0.161,2
0.221,2
0.0,4
0.318,2
0.26,2
0.234,5
0.034,5
0.677,4
0.224,3
0.264,4
0.218,1
0.104,4
0.479,3
0.155,5
0.218,4
0.397,2
0.427,3
0.147,4
0.27,3
0.253,4
0.0,4
0.298,5
0.238,4
0.358,2
0.133,5
0.359,3
0.349,4
0.101,4
0.304,5
0.196,3
0.222,3
0.525,3
0.232,3
0.457,3
0.0,1
0.29,3
0.496,2
0.365,2
0.101,3
0.166,3
0.518,3
0.131,4
0.257,3
0.047,3
0.115,3
0.108,2
0.104,2
0.122,4
0.604,2
0.01,2
0.164,2
0.067,4
0.327,1
0.037,4
0.245,3
0.246,5
0.266,1
0.629,3
0.299,3
0.113,5
0.532,3
0.0,4
0.259,1
0.146,3
0.567,2
0.12,5
0.033,4
0.171,4
0.242,1
0.268,3
0.408,4
0.209,6
0.313,5
0.263,4
0.514,4
0.114,3
0.332,3
0.297,4
0.443,2
0.226,3
0.499,2
0.19,3
0.105,3
0.412,2
0.573,1
0.022,6
0.231,2
0.234,4
0.412,3
0.218,3
0.174,5
0.167,4
0.173,4
0.272,3
0.195,3
0.11,3
0.327,3
0.484,2
0.227,5
0.392,5
0.055,5
0.022,5
0.408,4
0.013,4
0.075,5
0.567,3
0.44,2
0.024,4
0.212,3
0.296,2
0.492,2
0.356,3
0.582,2
0.28,3
0.21,2
0.69,3
0.41,3
0.164,3
0.315,2
0.296,4
0.404,3
0.491,2
0.171,4
0.06,3
0.065,2
0.317,4
0.065,5
0.0,4
0.473,4
0.434,3
0.21,5
0.515,4
0.31,4
0.291,3
0.213,4
0.128,3
0.113,3
0.288,4
0.036,2
0.372,4
0.0,3
0.18,2
0.435,3
0.488,4
0.19,4
0.178,3
0.0,4
0.235,4
0.315,2
0.228,2
0.56,2
0.522,3
0.31,3
0.014,5
0.025,4
0.296,2
0.111,1
0.271,4
0.13,3
0.0,4
0.349,3
0.186,6
0.625,3
0.696,4
0.368,4
0.162,5
0.554,4
0.328,2
0.442,4
0.232,5
0.318,2
0.559,3
0.0,1
0.0,5
0.067,5
0.329,5
0.533,4
0.075,4
0.119,4
0.312,4
0.388,4
0.454,2
0.108,4
0.185,2
0.64,2
0.148,2
0.213,4
0.254,5
0.205,2
0.095,4
0.402,3
0.326,3
0.118,4
0.656,2
0.152,3
0.107,3
0.263,4
0.166,3
0.578,3
0.352,3
0.009,4
0.186,5
0.125,2
0.255,2
0.234,4
0.437,4
0.039,5
0.249,3
0.143,5
0.275,4
0.217,4
0.107,2
0.582,2
0.311,1
0.382,4
0.155,4
0.371,3
0.551,5
0.473,3
0.216,2
0.477,5
0.215,4
0.256,4
0.194,4
0.299,4
0.364,3
0.483,3
0.0,5
0.148,6
0.341,3
0.082,5
0.11,2
0.237,3
0.59,4
0.488,3
0.199,2
0.193,4
0.188,4
0.287,3
0.18,3
0.086,5
0.291,4
0.442,3
0.226,4
0.245,4
0.54,3
0.159,3
0.242,2
0.124,3
0.122,2
0.065,3
0.205,2
0.513,5
0.137,5
0.148,4
0.499,3
0.056,2
0.077,4
0.385,1
0.404,4
0.109,3
0.513,1
0.302,3
0.0,4
0.365,3
0.486,1
0.382,3
0.271,3
0.104,2
0.436,2
0.162,4
0.476,3
0.097,3
0.284,4
0.302,3
0.212,3
0.057,4
0.384,4
0.0,2
0.621,2
0.41,3
0.45,2
0.722,2
0.53,2
0.641,2
0.216,2
0.254,3
0.175,3
0.204,4
0.741,4
0.337,2
0.144,4
0.419,3
0.0,4
0.422,2
0.365,2
0.07,2
0.189,4
0.132,4
0.281,2
0.372,2
0.242,3
0.494,5
0.575,5
0.205,4
0.047,5
0.092,4
0.286,5
0.338,3
0.389,3
0.248,4
0.374,3
0.157,4
0.632,2
0.408,2
0.224,4
0.0,6
0.565,1
0.191,3
0.286,2
0.156,5
0.598,3
0.237,4
0.162,3
0.524,5
0.433,4
0.294,3
0.309,6
0.094,5
0.269,3
0.214,4
0.254,5
0.163,3
0.495,5
0.424,4
0.328,2
0.558,1
0.304,5
0.649,2
0.0,3
0.28,2
0.249,3
0.482,3
0.016,3
0.121,2
0.211,4
0.115,5
0.245,3
0.461,3
0.313,3
0.492,4
0.214,4
0.103,3
0.158,5
0.41,1
0.066,2
0.255,4
0.488,6
0.157,3
0.277,5
0.468,3
0.204,3
0.55,2
0.125,3
0.227,4
0.335,3
0.007,3
0.158,5
0.0,5
0.232,3
0.247,3
0.187,2
0.035,4
0.218,4
0.0,3
0.358,3
0.529,3
0.19,1
0.454,3
0.392,3
0.069,3
0.427,1
0.35,2
0.556,5
0.514,5
0.497,2
0.323,4
0.49,4
0.273,2
0.151,4
0.164,3
0.124,5
0.462,4
0.337,3
0.279,3
0.011,2
0.332,4
0.0,3
0.119,3
0.259,4
0.41,3
0.333,3
0.0,5
0.0,4
0.161,3
0.689,4
0.266,4
0.081,3
0.158,3
0.364,4
0.565,4
0.145,3
0.099,2
0.35,2
0.512,2
0.239,5
0.622,4
0.534,3
0.458,3
0.21,4
0.369,4
0.255,2
0.033,3
0.721,2
0.382,4
0.129,4
0.216,4
0.54,4
0.244,3
0.494,3
0.226,4
0.399,4
0.062,5
0.03,5
0.029,4
0.237,3
0.374,4
0.58,3
0.484,2
0.271,3
0.267,3
0.144,4
0.104,3
0.449,3
0.209,3
0.389,2
0.365,2
0.147,4
0.028,3
0.239,3
0.119,5
0.243,1
0.114,2
0.176,2
0.579,4
0.365,3
0.0,5
0.497,4
0.623,3
0.425,4
0.198,5
0.219,6
0.171,2
0.24,3
0.084,4
0.559,3
0.348,3
0.256,4
0.001,4
0.26,2
0.038,5
0.056,4
0.355,3
0.019,4
0.102,3
0.292,5
0.334,4
0.181,5
0.659,3
0.199,4
0.0,4
0.21,2
0.314,5
0.2,5
0.465,6
0.149,2
0.19,4
0.229,3
0.361,2
0.482,4
0.24,4
0.138,3
0.542,3
0.319,4
0.226,1
0.198,2
0.102,4
0.108,4
0.695,4
0.091,4
0.0,3
0.684,3
0.443,4
0.15,4
0.162,4
0.368,1
0.221,3
0.209,3
0.148,4
0.162,2
0.04,4
0.288,4
0.445,3
0.081,2
0.175,5
0.404,4
0.418,3
0.178,4
0.116,2
0.359,2
0.676,3
0.0,5
0.458,3
0.357,2
0.163,3
0.299,3
0.134,4
0.115,4
0.486,3
0.151,3
0.379,3
0.249,4
0.142,3
0.488,4
0.685,5
0.201,4
0.627,3
0.155,3
0.221,3
0.379,5
0.338,4
0.329,4
0.219,2
0.048,5
0.201,3
0.184,3
0.164,5
0.204,3
0.382,2
0.429,3
0.157,4
0.539,1
0.206,1
0.166,4
0.221,4
0.0,4
0.21,2
0.0,4
0.118,4
0.245,2
0.155,3
0.173,3
0.437,4
0.391,3
0.19,4
0.029,3
0.325,3
0.276,4
0.373,2
0.457,5
0.223,3
0.464,3
0.211,2
0.246,4
0.112,3
0.067,3
0.346,4
0.518,4
0.257,4
0.555,3
0.229,3
0.305,1
0.415,3
0.055,2
0.0,3
0.248,3
0.551,2
0.097,2
0.042,2
0.125,3
0.283,2
0.209,3
0.251,2
0.576,2
0.191,2
0.205,5
0.601,5
0.066,4
0.652,3
0.075,3
0.564,2
0.307,2
0.155,1
0.304,4
0.279,4
0.497,3
0.37,3
0.023,3
0.19,5
0.584,3
0.249,4
0.673,2
0.623,2
0.0,2
0.089,1
0.43,5
0.58,2
0.342,5
0.328,5
0.339,5
0.221,3
0.589,4
0.151,3
0.411,3
0.466,2
0.173,2
0.724,4
0.267,2
0.306,3
0.354,4
0.057,3
0.278,1
0.548,2
0.248,5
0.0,5
0.086,3
0.182,2
0.267,5
0.237,5
0.218,3
0.281,3
0.297,4
0.44,4
0.194,3
0.552,2
0.384,2
0.505,2
0.275,3
0.164,4
0.243,4
0.104,4
0.0,4
0.32,4
0.35,2
0.254,2
0.119,4
0.386,3
0.116,3
0.532,2
0.3,2
0.098,2
0.548,2
0.303,3
0.16,2
0.234,3
0.32,2
0.325,3
0.173,4
0.414,2
0.595,4
0.699,4
0.253,4
0.729,5
0.055,3
0.343,4
0.182,4
0.264,3
0.516,4
0.131,4
0.332,2
0.071,3
0.186,5
0.136,3
0.205,3
0.236,4
0.238,3
0.231,6
0.419,1
0.0,6
0.385,2
0.325,3
0.618,3
0.397,1
0.262,4
0.55,3
0.481,3
0.278,3
0.207,3
0.259,5
0.067,4
0.244,5
0.14,3
0.152,3
0.16,4
0.549,3
0.412,2
0.06,2
0.318,3
0.255,5
0.139,3
0.767,3
0.0,6
0.109,2
0.228,4
0.16,3
0.159,3
0.516,3
0.287,3
0.496,2
0.171,2
0.144,5
0.176,4
0.177,4
0.527,1
0.203,4
0.121,3
0.319,2
0.19,3
0.064,5
0.543,1
0.632,4
0.213,4
0.397,2
0.269,4
0.292,4
0.341,2
0.126,3
0.025,5
0.395,4
0.123,3
0.407,3
0.161,4
0.424,2
0.224,2
0.497,5
0.239,2
0.605,3
0.417,3
0.171,1
0.321,5
0.305,4
0.024,4
0.285,2
0.244,4
0.581,3
0.277,3
0.169,3
0.121,4
0.456,3
0.696,2
0.043,6
0.488,4
0.186,4
0.136,5
0.085,2
0.0,5
0.548,2
0.182,6
0.545,3
0.266,4
0.16,5
0.226,1
0.101,3
0.517,3
0.144,3
0.574,1
0.31,4
0.294,4
0.626,2
0.576,3
0.331,4
0.601,1
0.53,3
0.406,2
0.207,2
0.33,4
0.219,2
0.32,3
0.285,4
0.528,4
0.042,3
0.531,3
0.629,3
0.254,2
0.354,2
0.229,3
0.272,1
0.087,2
0.354,2
0.369,4
0.535,2
0.497,2
0.581,2
0.682,4
0.202,3
0.247,2
0.307,2
0.226,3
0.603,2
0.359,5
0.225,2
0.124,4
0.306,4
0.279,4
0.314,4
0.594,2
0.099,4
0.114,2
0.145,5
0.05,5
0.171,4
0.147,2
0.131,4
0.251,4
0.475,4
0.154,5
0.417,2
0.457,3
0.105,4
0.13,4
0.284,3
0.24,3
0.164,4
0.216,6
0.543,2
0.52,4
0.242,3
0.523,5
0.256,3
0.25,2
0.32,2
0.196,2
0.582,4
0.153,3
0.214,2
0.06,5
0.445,2
0.034,2
0.209,1
0.248,4
0.48,2
0.705,4
0.258,5
0.55,6
0.19,3
0.597,2
0.208,4
0.386,4
0.096,3
0.153,6
0.408,3
0.403,5
0.178,3
0.362,5
0.117,5
0.125,3
0.301,2
0.189,3
0.146,3
0.229,1
0.365,4
0.55,2
0.249,2
0.408,5
0.125,2
0.427,3
0.175,4
0.535,1
0.0,1
0.26,1
0.31,2
0.258,3
0.215,4
0.0,3
0.569,3
0.411,2
0.236,3
0.122,3
0.322,5
0.346,4
0.082,5
0.102,4
0.277,5
0.147,5
0.115,4
0.365,4
0.226,2
0.697,3
0.391,6
0.261,3
0.685,2
0.355,3
0.302,2
0.333,4
0.596,1
0.368,5
0.702,1
0.218,2
0.261,3
0.421,2
0.464,3
0.343,2
0.604,2
0.568,2
0.0,5
0.409,2
0.196,3
0.433,1
0.263,1
0.261,1
0.424,5
0.398,5
0.466,4
0.691,2
0.38,3
0.081,5
0.557,5
0.363,5
0.536,3
0.559,4
0.64,4
0.274,4
0.407,3
0.521,1
0.116,2
0.349,5
0.286,3
0.092,3
0.238,2
0.41,2
0.327,4
0.1,5
0.034,2
0.158,7
0.05,2
0.185,3
0.564,1
0.349,4
0.34,3
0.359,3
0.531,3
0.407,3
0.187,6
0.158,2
0.097,3
0.111,4
0.152,3
0.081,4
0.0,4
0.019,2
0.289,3
0.051,3
0.022,4
0.592,2
0.166,3
0.14,4
0.281,2
0.061,4
0.036,4
0.476,3
0.058,3
0.316,4
0.351,2
0.094,4
0.134,3
0.031,5
0.518,3
0.526,3
0.061,4
0.711,1
0.415,1
0.218,4
0.119,3
0.009,2
0.393,3
0.225,5
0.395,2
0.107,2
0.112,6
0.315,3
0.248,3
0.499,2
0.099,3
0.238,5
0.042,5
0.181,2
0.154,4
0.106,4
0.504,4
0.0,3
0.144,4
0.267,3
0.58,2
0.168,3
0.417,3
0.0,3
0.231,3
0.008,4
0.154,3
0.22,5
0.165,5
0.175,4
0.509,3
0.008,5
0.353,4
0.243,1
0.39,5
0.047,3
0.173,4
0.449,4
0.495,3
0.439,3
0.607,3
0.439,1
0.346,3
0.372,3
0.624,2
0.136,5
0.12,3
0.138,5
0.206,3
0.323,5
0.436,2
0.425,5
0.449,4
0.279,3
0.148,6
0.451,5
0.081,7
0.221,5
0.215,3
0.48,2
0.064,4
0.279,2
0.007,4
0.356,2
0.039,3
0.319,3
0.466,3
0.358,4
0.548,5
0.044,4
0.199,4
0.456,3
0.211,3
0.09,5
0.387,2
0.31,3
0.832,3
0.616,4
0.124,1
0.127,2
0.029,4
0.171,4
0.062,4
0.235,2
0.089,5
0.294,2
0.087,4
0.144,4
0.321,4
0.399,3
0.145,4
0.112,1
0.588,3
0.319,5
0.519,4
0.292,2
0.342,2
0.102,4
0.124,7
0.534,4
0.177,4
0.03,4
0.211,2
0.125,4
0.21,3
0.203,5
0.17,3
0.281,1
0.269,2
0.283,4
0.315,3
0.297,4
0.169,4
0.312,4
0.29,2
0.019,4
0.125,3
0.019,2
0.548,3
0.311,4
0.393,2
0.305,2
0.031,6
0.524,1
0.285,4
0.393,3
0.422,2
0.1,4
0.0,4
0.126,2
0.473,2
0.013,3
0.282,4
0.0,2
0.467,4
0.25,4
0.173,3
0.391,5
0.405,4
0.03,3
0.145,1
0.115,4
0.493,1
0.144,4
0.211,5
0.416,2
0.137,3
0.63,5
0.0,5
0.192,2
0.528,4
0.102,4
0.42,2
0.229,3
0.006,4
0.285,3
0.129,5
0.012,2
0.556,3
0.3,1
0.543,4
0.518,4
0.178,2
0.527,4
0.231,2
0.193,2
0.273,4
0.469,4
0.652,3
0.318,1
0.278,3
0.219,1
0.114,3
0.356,6
0.18,2
0.116,3
0.645,2
0.436,2
0.229,1
0.243,4
0.0,4
0.615,3
0.494,3
0.312,3
0.432,5
0.235,4
0.29,2
0.194,4
0.501,2
0.151,2
0.282,3
0.201,3
0.152,3
0.157,2
0.144,4
0.541,3
0.223,3
0.106,3
0.129,4
0.318,2
0.171,3
0.215,3
0.302,2
0.293,4
0.49,3
0.477,3
0.522,2
0.077,4
0.361,3
0.297,4
0.216,4
0.244,4
0.192,3
0.325,3
0.048,4
0.242,3
0.147,5
0.69,2
0.0,2
0.198,3
0.21,4
0.467,3
0.738,3
0.056,5
0.183,3
0.613,4
0.365,5
0.368,4
0.591,4
0.112,4
0.505,4
0.153,3
0.559,3
0.173,3
0.234,4
0.051,3
0.27,4
0.115,2
0.276,5
0.005,5
0.152,1
0.112,3
0.0,4
0.586,4
0.208,3
0.155,3
0.438,2
0.462,2
0.28,2
0.259,4
0.423,4
0.555,1
0.433,5
0.127,3
0.185,6
0.462,2
0.192,4
0.605,3
0.317,3
0.228,4
0.246,4
0.045,5
0.313,5
0.17,2
0.752,2
0.636,5
0.027,4
0.628,3
0.11,3
0.076,2
0.31,1
0.37,2
0.263,2
0.122,4
0.246,1
0.016,4
0.523,1
0.265,1
0.141,2
0.329,5
0.268,2
0.355,3
0.149,5
0.138,3
0.097,3
0.133,3
0.694,5
0.366,2
0.526,5
0.294,5
0.154,2
0.259,4
0.436,2
0.731,1
0.851,3
0.17,4
0.237,4
0.187,2
0.296,3
0.563,2
0.133,3
0.434,3
0.497,3
0.187,3
0.452,2
0.377,4
0.0,5
0.595,3
0.213,5
0.192,3
0.132,2
0.302,5
0.0,4
0.197,4
0.073,3
0.184,4
0.006,5
0.398,5
0.347,4
0.557,2
0.109,3
0.181,3
0.03,5
0.216,3
0.743,2
0.21,2
0.398,2
0.139,6
0.305,1
0.24,2
0.375,5
0.086,3
0.239,6
0.198,4
0.37,1
0.401,3
0.0,5
0.0,5
0.366,4
0.539,3
0.175,6
0.238,3
0.277,1
0.091,4
0.0,5
0.433,3
0.471,5
0.375,4
0.173,2
0.467,1
0.464,4
0.412,3
0.564,2
0.312,3
0.218,4
0.399,4
0.585,3
0.396,2
0.138,5
0.172,4
0.186,1
0.341,5
0.536,2
0.504,1
0.343,3
0.426,3
0.18,3
0.344,4
0.089,4
0.301,2
0.128,3
0.208,4
0.359,2
0.424,4
0.528,4
0.454,4
0.511,2
0.587,3
0.378,3
0.486,4
0.079,2
0.197,3
0.301,4
0.313,2
0.288,3
0.556,3
0.394,2
0.312,4
0.221,2
0.209,4
0.179,4
0.224,4
0.391,3
0.517,3
0.366,4
0.217,4
0.404,1
0.073,3
0.089,3
0.26,3
0.556,2
0.101,3
0.0,4
0.059,3
0.449,3
0.237,4
0.486,5
0.204,3
0.232,2
0.228,3
0.117,3
0.0,3
0.046,3
0.149,4
0.324,5
0.442,7
0.444,5
0.284,4
0.277,3
0.398,4
0.333,5
0.38,2
0.575,3
0.128,5
0.529,3
0.083,3
0.436,4
0.205,1
0.119,2
0.613,2
0.489,5
0.559,3
0.099,5
0.136,4
0.434,2
0.466,5
0.225,4
0.17,3
0.146,2
0.173,4
0.089,2
0.02,3
0.598,1
0.299,4
0.484,1
0.35,3
0.068,5
0.236,3
0.511,3
0.017,3
0.37,2
0.168,2
0.322,5
0.33,3
0.244,2
0.339,5
0.702,3
0.778,3
0.345,3
0.0,5
0.356,4
0.185,5
0.022,3
0.11,3
0.212,5
0.522,3
0.379,3
0.378,2
0.32,1
0.103,4
0.139,5
0.262,2
0.12,2
0.076,3
0.598,3
0.394,3
0.0,5
0.058,4
0.423,3
0.433,3
0.504,1
0.105,3
0.203,4
0.287,2
0.3,4
0.43,4
0.456,2
0.454,3
0.331,2
0.149,2
0.251,4
0.708,4
0.26,2
0.284,3
0.187,4
0.203,4
0.625,4
0.282,3
0.531,5
0.595,5
0.24,3
0.382,5
0.554,2
0.308,2
0.184,3
0.184,3
0.276,3
0.33,4
0.652,1
0.401,3
0.249,4
0.452,3
0.347,1
0.271,3
0.084,3
0.456,5
0.283,2
0.15,2
0.581,3
0.214,4
0.181,3
0.516,5
0.286,3
0.134,5
0.74,2
0.0,5
0.629,2
0.364,4
0.202,3
0.155,4
0.461,4
0.343,4
0.264,5
0.041,2
0.474,2
0.106,5
0.176,1
0.471,2
0.096,6
0.341,3
0.088,5
0.0,6
0.363,5
0.084,4
0.051,2
0.16,5
0.071,5
0.613,1
0.177,3
0.489,4
0.232,3
0.128,2
0.508,1
0.227,5
0.333,2
0.278,5
0.4,3
0.127,3
0.369,3
0.176,5
0.547,2
0.302,3
0.12,3
0.052,2
0.212,4
0.267,3
0.309,2
0.081,1
0.121,2
0.146,3
0.079,2
0.472,1
0.163,6
0.698,2
0.153,4
0.048,5
0.206,3
0.801,1
0.237,3
0.402,4
0.408,3
0.076,1
0.363,4
0.183,4
0.355,3
0.49,4
0.0,4
0.089,5
0.34,2
0.709,2
0.315,1
0.29,3
0.042,5
0.157,4
0.264,3
0.0,4
0.219,3
0.083,3
0.387,3
0.0,3
0.534,4
0.367,3
0.178,3
0.322,5
0.2,3
0.186,2
0.244,5
0.384,3
0.614,2
0.62,2
0.146,5
0.073,1
0.291,2
0.615,2
0.347,2
0.606,3
0.545,4
0.447,4
0.431,3
0.109,4
0.324,3
0.513,2
0.0,4
0.031,4
0.045,3
0.026,4
0.003,4
0.56,2
0.386,5
0.151,1
0.142,3
0.697,1
0.565,3
0.087,3
0.655,3
0.292,2
0.083,3
0.307,2
0.405,3
0.333,5
0.008,4
0.356,3
0.3,3
0.284,1
0.292,2
0.0,4
0.216,4
0.27,4
0.484,3
0.243,3
0.146,4
0.536,2
0.0,3
0.245,3
0.458,4
0.21,3
0.129,6
0.219,3
0.381,3
0.349,4
0.216,4
0.16,3
0.237,4
0.653,2
0.099,3
0.44,2
0.211,4
0.178,2
0.037,4
0.506,2
0.152,2
0.567,1
0.06,3
0.207,1
0.0,5
0.343,4
0.059,5
0.0,4
0.715,1
0.109,4
0.585,2
0.149,3
0.247,3
0.538,3
0.04,5
0.0,4
0.0,5
0.001,3
0.463,4
0.143,1
0.242,3
0.803,3
0.094,5
0.396,2
0.332,2
0.523,1
0.461,4
0.121,4
0.475,3
0.0,6
0.198,5
0.194,3
0.318,5
0.194,4
0.016,6
0.193,3
0.198,2
0.193,3
0.734,4
0.289,4
0.259,5
0.0,4
0.359,3
0.0,2
0.009,3
0.162,4
0.747,2
0.24,3
0.116,3
0.517,1
0.026,3
0.193,4
0.71,1
0.216,2
0.384,2
0.143,7
0.181,4
0.287,3
0.207,2
0.148,3
0.251,3
0.671,4
0.375,2
0.222,4
0.167,4
0.515,4
0.239,5
0.282,5
0.486,3
0.196,4
0.138,3
0.366,4
0.477,2
0.0,3
0.434,1
0.574,1
0.133,3
0.428,3
0.04,3
0.623,2
0.256,6
0.388,3
0.104,2
0.279,4
0.497,2
0.453,4
0.057,4
0.711,1
0.009,4
0.35,3
0.39,2
0.17,2
0.539,3
0.055,2
0.152,3
0.19,3
0.479,2
0.461,2
0.205,5
0.129,3
0.433,2
0.544,2
0.172,6
0.298,5
0.111,4
0.121,3
0.263,3
0.042,3
0.002,3
0.433,4
0.358,4
0.303,1
0.151,3
0.378,4
0.15,2
0.424,2
0.164,4
0.498,5
0.038,4
0.102,3
0.18,5
0.379,3
0.59,4
0.072,5
0.172,4
0.079,3
0.302,3
0.227,1
0.361,2
0.273,3
0.585,1
0.163,4
0.196,4
0.577,2
0.187,5
0.257,6
0.09,2
0.0,3
0.315,5
0.261,2
0.043,5
0.536,3
0.169,2
0.0,3
0.686,3
0.052,3
0.571,1
0.37,4
0.637,3
0.19,3
0.19,5
0.549,3
0.466,4
0.326,4
0.146,2
0.045,2
0.07,6
0.52,2
0.383,1
0.138,3
0.236,1
0.243,4
0.183,3
0.564,2
0.436,2
0.605,3
0.538,4
0.178,2
0.167,1
0.404,4
0.192,4
0.042,1
0.303,3
0.479,3
0.576,4
0.113,4
0.319,4
0.19,4
0.5,3
0.642,2
0.0,5
0.423,4
0.257,2
0.18,4
0.152,4
0.407,3
0.0,1
0.167,4
0.26,5
0.407,3
0.164,2
0.097,4
0.1,5
0.574,4
0.54,2
0.112,3
0.223,2
0.127,2
0.165,4
0.099,3
0.103,5
0.307,3
0.377,3
0.193,3
0.182,4
0.318,3
0.273,2
0.06,4
0.233,4
0.364,5
0.27,3
0.307,1
0.325,3
0.418,3
0.136,4
0.457,5
0.0,4
0.29,5
0.182,5
0.259,2
0.119,3
0.332,4
0.358,4
0.535,3
0.457,4
0.195,3
0.214,2
0.032,3
0.433,3
0.503,4
0.468,3
0.278,3
0.179,3
0.144,5
0.158,4
0.553,5
0.01,3
0.0,4
0.414,4
0.215,2
0.042,2
0.176,5
0.162,4
0.443,4
0.52,1
0.63,1
0.188,4
0.307,3
0.213,4
0.168,5
0.414,4
0.3,4
0.538,4
0.275,2
0.237,3
0.059,4
0.626,2
0.152,4
0.303,2
0.339,3
0.226,4
0.382,2
0.074,3
0.472,3
0.397,1
0.136,3
0.052,4
0.049,6
0.0,4
0.265,4
0.326,2
0.293,5
0.55,3
0.226,5
0.326,3
0.158,4
0.458,3
0.0,6
0.116,5
0.109,3
0.084,2
0.177,1
0.237,3
0.266,4
0.311,4
0.113,4
0.545,2
0.092,3
0.297,2
0.0,4
0.71,3
0.218,3
0.532,2
0.121,3
0.187,4
0.155,5
0.109,3
0.4,4
0.316,3
0.088,5
0.214,3
0.229,1
0.573,4
0.182,3
0.381,5
0.027,2
0.106,4
0.191,3
0.341,2
0.314,3
0.285,5
0.373,2
0.002,4
0.549,3
0.204,4
0.295,4
0.572,3
0.143,3
0.233,1
0.279,4
0.208,4
0.296,2
0.137,4
0.569,5
0.192,3
0.448,5
0.162,2
0.0,4
0.427,5
0.248,5
0.142,2
0.259,4
0.291,4
0.187,4
0.405,3
0.035,4
0.521,2
0.564,4
0.495,2
0.044,6
0.424,4
0.32,2
0.618,2
0.391,3
0.503,2
0.301,1
0.021,1
0.0,4
0.14,1
0.508,3
0.374,3
0.18,3
0.341,3
0.53,4
0.325,3
0.805,3
0.604,3
0.138,4
0.12,5
0.613,3
0.231,4
0.22,5
0.267,4
0.0,2
0.214,3
0.241,3
0.694,3
0.152,5
0.446,5
0.142,5
0.225,2
0.417,3
0.085,3
0.218,3
0.609,4
0.58,2
0.349,3
0.27,1
0.141,4
0.313,4
0.224,1
0.248,2
0.663,3
0.552,2
0.121,3
0.277,1
0.023,3
0.343,3
0.251,5
0.506,3
0.535,4
0.267,1
0.0,2
0.318,6
0.106,2
0.206,6
0.3,4
0.695,1
0.229,5
0.658,3
0.248,4
0.159,5
0.473,2
0.219,5
0.475,3
0.189,4
0.18,4
0.433,2
0.335,2
0.394,2
0.597,1
0.725,2
0.158,1
0.171,4
0.592,3
0.499,2
0.092,4
0.141,2
0.351,3
0.378,3
0.372,3
0.35,3
0.04,5
0.273,2
0.351,3
0.364,6
0.419,2
0.359,4
0.458,2
0.278,3
0.687,2
0.452,2
0.73,3
0.359,5
0.041,4
0.311,3
0.268,4
0.693,3
0.093,2
0.351,3
0.041,5
0.337,4
0.522,3
0.254,3
0.179,3
0.22,4
0.242,3
0.277,1
0.139,3
0.113,5
0.136,4
0.551,2
0.518,3
0.118,4
0.155,3
0.12,4
0.268,4
0.059,5
0.566,3
0.208,4
0.389,4
0.312,2
0.035,4
0.345,5
0.19,3
0.427,3
0.566,4
0.478,3
0.218,5
0.365,3
0.205,4
0.212,3
0.049,2
0.241,4
0.141,3
0.185,4
0.0,3
0.159,4
0.111,1
0.363,1
0.444,3
0.115,5
0.189,4
0.241,5
0.154,2
0.181,4
0.237,5
0.358,5
0.156,3
0.0,1
0.171,2
0.237,4
0.597,3
0.533,3
0.308,3
0.001,4
0.055,5
0.165,2
0.217,3
0.166,5
0.255,2
0.184,4
0.069,4
0.098,2
0.172,3
0.458,4
0.391,4
0.004,4
0.548,1
0.135,4
0.358,1
0.262,4
0.22,3
0.4,2
0.408,2
0.288,2
0.309,2
0.069,2
0.373,3
0.226,2
0.6,3
0.231,2
0.635,3
0.276,3
0.105,5
0.307,2
0.0,4
0.277,4
0.204,4
0.363,2
0.168,3
0.31,2
0.341,2
0.241,3
0.327,4
0.002,3
0.154,4
0.133,4
0.58,3
0.199,3
0.371,3
0.44,3
0.239,2
0.422,2
0.258,4
0.202,1
0.418,5
0.125,5
0.417,4
0.425,3
0.211,4
0.257,3
0.61,2
0.483,4
0.009,1
0.302,1
0.328,3
0.666,4
0.184,4
0.238,2
0.242,4
0.386,1
0.347,2
0.493,4
0.543,3
0.154,3
0.551,2
0.211,2
0.62,3
0.155,6
0.347,2
0.194,3
0.184,3
0.063,4
0.252,3
0.111,1
0.251,3
0.078,3
0.277,4
0.621,1
0.231,4
0.099,1
0.7,1
0.201,5
0.602,5
0.253,5
0.537,2
0.543,4
0.119,5
0.236,2
0.526,1
0.397,4
0.017,3
0.546,3
0.527,4
0.334,1
0.064,4
0.18,3
0.41,3
0.238,3
0.639,3
0.32,3
0.655,2
0.134,5
0.275,3
0.184,4
0.513,3
0.017,4
0.0,1
0.226,3
0.102,3
0.176,3
0.461,4
0.2,3
0.265,3
0.654,3
0.205,4
0.059,4
0.229,4
0.0,3
0.282,4
0.151,5
0.061,2
0.3,3
0.664,3
0.0,4
0.091,4
0.654,2
0.294,3
0.507,3
0.755,3
0.505,3
0.09,3
0.104,3
0.654,2
0.215,3
0.343,4
0.371,3
0.533,2
0.146,4
0.054,4
0.17,5
0.168,5
0.371,4
0.275,2
0.226,3
0.314,3
0.031,4
0.084,4
0.353,3
0.105,3
0.364,4
0.177,6
0.169,4
0.533,3
0.151,4
0.0,4
0.516,1
0.439,3
0.305,4
0.521,2
0.064,4
0.168,3
0.374,4
0.168,4
0.488,3
0.491,4
0.117,6
0.311,3
0.027,5
0.186,2
0.317,2
0.195,3
0.145,4
0.0,3
0.489,5
0.0,3
0.418,4
0.29,3
0.707,2
0.083,1
0.087,3
0.206,4
0.192,3
0.003,3
0.173,4
0.221,5
0.52,3
0.323,3
0.577,3
0.501,3
0.101,4
0.116,4
0.644,5
0.204,5
0.263,3
0.183,1
0.411,5
0.101,5
0.0,3
0.626,4
0.381,4
0.514,1
0.681,3
0.362,3
0.149,2
0.182,5
0.113,4
0.544,3
0.11,6
0.16,2
0.583,2
0.175,3
0.745,5
0.44,2
0.368,2
0.292,3
0.0,2
0.317,7
0.073,5
0.297,4
0.321,3
0.175,2
0.264,4
0.256,5
0.145,6
0.26,2
0.219,3
0.149,2
0.435,4
0.21,5
0.161,3
0.225,2
0.583,3
0.388,2
0.0,3
0.305,2
0.09,4
0.0,4
0.248,3
0.168,2
0.344,5
0.28,3
0.448,2
0.332,4
0.279,3
0.134,5
0.281,3
0.01,3
0.465,2
0.461,3
0.416,3
0.359,4
0.0,3
0.107,2
0.221,4
0.008,4
0.102,4
0.184,3
0.193,5
0.388,3
0.115,2
0.613,4
0.112,3
0.041,5
0.023,2
0.284,3
0.24,4
0.141,3
0.681,2
0.215,2
0.572,4
0.2,5
0.141,3
0.067,3
0.29,2
0.036,3
0.574,2
0.197,1
0.161,3
0.57,4
0.188,2
0.142,3
0.183,4
0.259,4
0.118,3
0.407,3
0.246,3
0.22,4
0.063,3
0.697,3
0.164,3
0.209,2
0.165,2
0.0,2
0.534,3
0.462,3
0.21,2
0.144,3
0.316,4
0.176,4
0.208,5
0.374,2
0.211,5
0.151,5
0.516,1
0.232,5
0.604,1
0.446,4
0.388,2
0.301,4
0.153,4
0.21,3
0.257,3
0.259,5
0.295,2
0.227,3
0.383,3
0.078,2
0.008,5
0.377,4
0.557,1
0.199,3
0.016,4
0.577,3
0.52,2
0.319,3
0.048,4
0.356,3
0.213,3
0.545,3
0.651,2
0.261,3
0.13,5
0.393,4
0.013,1
0.411,4
0.471,2
0.333,3
0.0,3
0.264,4
0.137,2
0.032,5
0.445,5
0.484,4
0.222,4
0.16,2
0.102,3
0.687,1
0.504,2
0.418,3
0.053,2
0.0,4
0.177,4
0.585,2
0.245,3
0.434,2
0.522,2
0.255,5
0.421,3
0.278,3
0.37,3
0.141,4
0.581,1
0.264,6
0.213,4
0.155,2
0.282,3
0.569,6
0.184,4
0.141,2
0.219,3
0.356,2
0.302,4
0.747,2
0.6,2
0.319,6
0.385,4
0.208,3
0.142,2
0.558,4
0.252,3
0.466,4
0.531,2
0.26,3
0.52,4
0.104,4
0.129,4
0.052,3
0.169,4
0.196,3
0.208,3
0.223,2
0.184,2
0.587,3
0.297,5
0.217,5
0.378,4
0.424,1
0.084,3
0.002,3
0.316,4
0.177,3
0.0,3
0.275,5
0.252,5
0.605,1
0.372,5
0.195,3
0.465,2
0.192,3
0.286,3
0.488,4
0.031,2
0.002,2
0.189,2
0.128,2
0.208,4
0.424,3
0.343,6
0.12,5
0.354,1
0.091,4
0.279,2
0.702,3
0.29,3
0.162,4
0.728,1
0.247,3
0.401,4
0.601,1
0.455,3
0.712,3
0.389,3
0.491,2
0.175,3
0.344,5
0.166,3
0.721,3
0.452,3
0.113,3
0.239,3
0.297,2
0.215,2
0.002,3
0.321,5
0.459,4
0.389,3
0.117,4
0.432,3
0.183,5
0.204,3
0.376,3
0.148,4
0.127,3
0.575,2
0.411,4
0.634,1
0.29,5
0.249,5
0.324,3
0.482,2
0.487,4
0.196,1
0.237,3
0.179,4
0.205,4
0.247,3
0.527,3
0.053,4
0.1,4
0.059,5
0.54,5
0.321,3
0.058,4
0.174,4
0.314,3
0.145,4
0.534,3
0.143,4
0.34,3
0.105,3
0.536,1
0.07,3
0.182,4
0.136,2
0.206,3
0.123,3
0.404,3
0.113,2
0.274,4
0.039,5
0.393,1
0.395,1
0.356,2
0.701,3
0.505,4
0.363,2
0.273,4
0.629,2
0.451,2
0.317,1
0.049,3
0.325,2
0.203,3
0.247,4
0.243,3
0.333,3
0.218,4
0.279,2
0.0,4
0.245,2
0.201,3
0.252,3
0.514,4
0.173,5
0.412,4
0.107,3
0.014,2
0.185,4
0.576,3
0.16,3
0.178,3
0.051,6
0.358,3
0.226,3
0.128,2
0.417,2
0.236,5
0.433,3
0.253,5
0.318,3
0.263,3
0.145,4
0.237,4
0.26,5
0.686,1
0.609,4
0.464,2
0.39,4
0.324,6
0.074,1
0.537,4
0.503,2
0.066,4
0.089,3
0.34,4
0.152,3
0.573,4
0.597,2
0.638,2
0.42,5
0.503,5
0.093,3
0.69,3
0.381,3
0.493,3
0.0,4
0.58,3
0.0,4
0.054,5
0.239,3
0.61,2
0.209,3
0.666,4
0.326,5
0.074,3
0.165,4
0.245,5
0.37,2
0.03,4
0.216,2
0.128,1
0.046,2
0.329,5
0.272,5
0.025,7
0.245,2
0.464,4
0.227,5
0.0,1
0.069,3
0.417,3
0.19,2
0.237,3
0.513,2
0.229,4
0.0,3
0.449,4
0.0,2
0.581,2
0.611,3
0.235,5
0.12,4
0.44,4
0.145,6
0.312,3
0.0,3
0.15,3
0.585,4
0.136,2
0.0,2
0.056,3
0.184,4
0.195,2
0.231,5
0.173,4
0.259,3
0.437,4
0.605,1
0.489,2
0.336,2
0.353,3
0.477,3
0.232,4
0.298,4
0.381,2
0.213,1
0.277,4
0.157,2
0.421,2
0.451,2
0.537,2
0.129,2
0.11,3
0.376,4
0.329,2
0.137,4
0.4,2
0.39,4
0.682,1
0.488,3
0.058,2
0.188,4
0.475,4
0.029,5
0.015,3
0.618,4
0.169,2
0.284,2
0.108,5
0.574,4
0.461,2
0.336,5
0.528,2
0.181,4
0.382,3
0.164,4
0.382,5
0.245,4
0.6,4
0.58,2
0.315,4
0.13,3
0.22,2
0.203,3
0.138,3
0.0,5
0.112,3
0.208,1
0.156,3
0.405,2
0.253,4
0.221,2
0.203,3
0.064,2
0.4,3
0.198,3
0.167,1
0.086,4
0.124,5
0.559,3
0.089,3
0.551,4
0.466,3
0.093,3
0.359,3
0.768,3
0.219,5
0.575,4
0.378,4
0.075,4
0.313,5
0.229,4
0.292,2
0.473,3
0.271,3
0.122,3
0.0,3
0.253,2
0.051,5
0.152,5
0.334,3
0.181,3
0.313,2
0.116,3
0.658,2
0.058,4
0.707,3
0.526,2
0.0,2
0.426,5
0.117,4
0.174,3
0.298,2
0.151,3
0.373,3
0.0,6
0.03,2
0.122,4
0.486,5
0.496,3
0.0,3
0.317,4
0.051,5
0.365,2
0.187,5
0.169,2
0.39,4
0.067,5
0.647,2
0.377,4
0.077,3
0.175,4
0.0,4
0.412,1
0.238,3
0.49,3
0.474,3
0.092,4
0.038,1
0.391,3
0.205,5
0.18,5
0.0,2
0.301,2
0.199,5
0.211,3
0.299,4
0.215,5
0.564,4
0.403,3
0.281,2
0.201,4
0.285,4
0.256,5
0.239,4
0.337,2
0.184,5
0.469,3
0.085,4
0.439,5
0.352,3
0.687,2
0.406,1
0.165,4
0.237,4
0.34,4
0.64,4
0.621,3
0.384,3
0.228,3
0.242,3
0.453,4
0.207,4
0.378,3
0.137,4
0.225,2
0.454,4
0.134,3
0.173,3
0.21,4
0.478,3
0.407,3
0.716,2
0.528,3
0.235,3
0.261,4
0.085,2
0.511,4
0.241,3
0.224,5
0.25,4
0.237,5
0.054,2
0.383,3
0.273,4
0.298,3
0.36,3
0.529,2
0.363,3
0.23,3
0.07,5
0.313,3
0.105,3
0.171,3
0.171,2
0.36,2
0.636,2
0.147,3
0.469,3
0.423,5
0.437,3
0.407,3
0.176,3
0.318,3
0.565,2
0.462,3
0.514,3
0.593,3
0.179,5
0.227,2
0.162,3
0.418,3
0.089,3
0.183,4
0.174,3
0.297,4
0.064,5
0.148,4
0.263,3
0.0,4
0.0,4
0.203,3
0.419,5
0.301,4
0.033,3
0.16,3
0.225,2
0.496,2
0.575,3
0.273,5
0.338,2
0.42,4
0.492,3
0.236,4
0.386,5
0.399,3
0.314,2
0.099,4
0.167,4
0.468,3
0.248,3
0.209,3
0.24,3
0.417,4
0.271,3
0.374,5
0.318,4
0.314,4
0.566,2
0.043,2
0.481,3
0.134,3
0.019,4
0.557,2
0.0,2
0.442,3
0.564,3
0.477,2
0.439,3
0.166,3
0.251,3
0.045,3
0.265,3
0.681,3
0.031,4
0.634,3
0.304,3
0.054,3
0.591,3
0.541,4
0.264,2
0.332,1
0.452,2
0.651,2
0.268,4
0.208,4
0.655,3
0.385,2
0.08,1
0.465,4
0.219,3
0.094,3
0.182,5
0.203,4
0.258,6
0.376,3
0.0,5
0.315,1
0.076,4
0.116,4
0.581,1
0.326,2
0.525,4
0.598,2
0.013,2
0.193,2
0.263,3
0.282,3
0.313,3
0.605,4
0.306,5
0.554,3
0.272,4
0.0,1
0.134,2
0.0,5
0.506,4
0.0,3
0.195,4
0.199,4
0.415,3
0.21,3
0.421,3
0.286,2
0.0,5
0.158,3
0.468,5
0.489,3
0.424,4
0.583,3
0.362,1
0.696,3
0.206,4
0.47,4
0.245,2
0.166,2
0.259,5
0.17,4
0.076,3
0.047,2
0.168,3
0.083,2
0.216,2
0.23,4
0.443,1
0.267,4
0.07,3
0.027,4
0.105,5
0.175,3
0.386,3
0.18,4
0.159,2
0.014,2
0.34,2
0.356,4
0.05,5
0.209,5
0.667,1
0.19,3
0.139,4
0.17,3
0.526,2
0.206,4
0.245,2
0.222,3
0.278,1
0.2,5
0.172,1
0.164,4
0.374,2
0.672,3
0.795,3
0.022,5
0.506,4
0.226,2
0.316,3
0.589,2
0.472,2
0.718,2
0.392,4
0.064,3
0.194,4
0.194,4
0.511,3
0.198,2
0.034,2
0.275,5
0.044,5
0.3,1
0.005,3
0.681,3
0.394,4
0.706,1
0.081,4
0.17,6
0.262,4
0.299,3
0.519,5
0.252,2
0.099,3
0.566,4
0.393,2
0.441,3
0.375,4
0.247,4
0.29,4
0.471,3
0.64,3
0.114,2
0.44,5
0.116,4
0.172,2
0.147,3
0.33,4
0.654,3
0.64,3
0.3,3
0.334,3
0.76,3
0.526,1
0.092,4
0.359,4
0.195,4
0.216,3
0.382,3
0.007,2
0.022,4
0.338,3
0.281,4
0.225,2
0.477,2
0.656,3
0.25,3
0.074,2
0.19,4
0.281,3
0.35,3
0.16,3
0.048,4
0.233,1
0.418,1
0.624,5
0.229,4
0.084,4
0.199,4
0.741,3
0.415,4
0.501,4
0.017,3
0.478,4
0.255,1
0.112,4
0.232,4
0.236,2
0.307,2
0.212,4
0.265,4
0.654,3
0.308,5
0.565,3
0.423,4
0.399,4
0.156,4
0.672,3
0.0,6
0.168,4
0.29,6
0.06,2
0.423,4
0.005,5
0.59,3
0.566,4
0.221,1
0.492,4
0.17,3
0.313,2
0.176,3
0.15,3
0.549,3
0.404,3
0.0,4
0.629,3
0.263,5
0.241,5
0.117,2
0.159,2
0.256,5
0.0,4
0.598,2
0.229,1
0.505,4
0.477,4
0.438,3
0.231,3
0.224,4
0.268,4
0.654,3
0.057,4
0.657,4
0.275,2
0.344,4
0.261,5
0.0,5
0.447,3
0.262,3
0.093,3
0.02,4
0.264,5
0.334,2
0.356,4
0.356,4
0.22,2
0.511,2
0.201,6
0.296,3
0.712,4
0.005,3
0.148,2
0.193,4
0.112,3
0.084,3
0.109,4
0.16,5
0.456,3
0.623,4
0.016,4
0.139,3
0.232,3
0.334,2
0.455,4
0.177,3
0.597,3
0.224,4
0.071,5
0.503,4
0.695,3
0.633,4
0.083,4
0.282,3
0.401,4
0.089,4
0.153,2
0.29,5
0.225,4
0.414,2
0.097,1
0.329,3
0.336,2
0.498,4
0.653,4
0.392,4
0.46,4
0.096,6
0.319,3
0.248,2
0.208,4
0.558,3
0.138,2
0.197,3
0.371,5
0.321,4
0.117,3
0.34,2
0.208,5
0.497,3
0.242,3
0.109,5
0.055,2
0.121,2
0.415,2
0.534,3
0.291,5
0.204,4
0.243,2
0.0,5
0.091,5
0.043,1
0.261,5
0.069,4
0.242,2
0.445,3
0.597,3
0.22,4
0.312,3
0.059,4
0.673,2
0.252,1
0.07,4
0.11,4
0.057,3
0.554,2
0.365,3
0.25,4
0.609,4
0.104,2
0.335,6
0.382,3
0.0,5
0.076,3
0.618,1
0.268,2
0.581,1
0.076,2
0.205,5
0.28,5
0.278,4
0.444,4
0.247,4
0.303,4
0.545,1
0.244,6
0.492,2
0.174,2
0.316,4
0.165,6
0.16,4
0.327,3
0.65,3
0.271,2
0.12,5
0.405,4
0.217,3
0.425,2
0.158,4
0.193,2
0.458,5
0.411,3
0.533,3
0.507,3
0.177,4
0.229,2
0.341,2
0.075,4
0.228,4
0.244,3
0.282,3
0.389,2
0.259,4
0.08,5
0.142,6
0.035,2
0.321,4
0.434,2
0.33,2
0.171,5
0.263,4
0.387,2
0.348,2
0.327,2
0.559,2
0.318,5
0.503,3
0.412,3
0.501,2
0.423,2
0.236,3
0.255,4
0.179,2
0.081,3
0.292,4
0.347,4
0.538,2
0.296,3
0.199,5
0.318,2
0.451,2
0.136,3
0.246,5
0.329,2
0.191,2
0.455,3
0.147,2
0.316,4
0.001,4
0.057,5
0.205,4
0.446,2
0.577,3
0.481,3
0.575,4
0.413,3
0.332,1
0.129,3
0.217,5
0.0,5
0.46,2
0.284,3
0.738,3
0.285,4
0.079,4
0.492,4
0.518,3
0.244,5
0.448,5
0.387,3
0.345,3
0.453,3
0.439,2
0.039,4
0.133,2
0.448,4
0.192,2
0.639,1
0.069,3
0.183,5
0.233,3
0.164,4
0.053,4
0.366,5
0.625,2
0.18,4
0.239,5
0.414,5
0.356,3
0.201,3
0.189,4
0.151,4
0.374,4
0.493,5
0.147,2
0.627,3
0.132,3
0.258,4
0.117,4
0.489,2
0.38,1
0.078,2
0.119,3
0.606,3
0.329,3
0.185,3
0.399,4
0.069,3
0.458,3
0.116,4
0.05,4
0.288,3
0.114,2
0.356,1
0.272,2
0.21,3
0.096,1
0.324,3
0.217,2
0.25,5
0.253,3
0.083,4
0.203,4
0.3,5
0.321,4
0.292,5
0.434,2
0.021,3
0.226,3
0.181,4
0.209,3
0.218,5
0.081,3
0.441,6
0.17,1
0.26,5
0.462,1
0.259,3
0.087,4
0.232,3
0.51,4
0.309,3
0.477,4
0.584,3
0.407,3
0.215,3
0.0,3
0.145,3
0.234,4
0.136,1
0.129,4
0.149,2
0.415,2
0.137,2
0.249,3
0.205,4
0.102,2
0.681,1
0.254,4
0.055,2
0.463,1
0.362,4
0.235,4
0.404,5
0.269,6
0.232,4
0.0,1
0.472,3
0.472,2
0.558,4
0.186,5
0.175,2
0.117,3
0.275,4
0.243,3
0.222,4
0.605,3
0.353,3
0.257,4
0.291,3
0.635,1
0.141,4
0.558,2
0.258,2
0.17,2
0.41,3
0.315,4
0.613,2
0.501,5
0.126,3
0.198,3
0.024,5
0.467,1
0.261,2
0.413,1
0.322,4
0.44,5
0.323,4
0.4,4
0.75,3
0.387,3
0.471,3
0.13,5
0.461,2
0.504,3
0.137,2
0.043,3
0.208,5
0.364,3
0.0,4
0.16,3
0.165,5
0.124,3
0.49,3
0.147,1
0.505,4
0.068,3
0.573,1
0.399,3
0.186,3
0.477,4
0.167,4
0.579,5
0.302,4
0.245,4
0.462,4
0.237,6
0.411,1
0.637,3
0.341,4
0.067,4
0.154,4
0.187,4
0.172,2
0.117,3
0.014,5
0.553,2
0.258,3
0.098,4
0.14,5
0.388,2
0.109,3
0.0,1
0.27,3
0.061,2
0.096,2
0.399,2
0.353,5
0.143,4
0.431,1
0.19,2
0.122,6
0.646,3
0.102,3
0.259,2
0.03,4
0.187,3
0.026,2
0.616,2
0.622,2
0.331,5
0.0,3
0.288,1
0.41,2
0.478,2
0.214,3
0.384,4
0.497,3
0.353,4
0.146,3
0.373,4
0.525,1
0.293,2
0.14,5
0.0,4
0.63,2
0.328,3
0.711,3
0.166,5
0.164,3
0.554,1
0.179,2
0.229,4
0.384,2
0.268,4
0.209,4
0.09,3
0.365,2
0.113,4
0.37,3
0.261,4
0.462,3
0.431,3
0.151,3
0.19,3
0.101,4
0.334,3
0.66,1
0.245,4
0.433,4
0.096,3
0.236,3
0.0,5
0.554,2
0.371,4
0.102,3
0.517,3
0.171,3
0.758,3
0.548,3
0.186,2
0.566,3
0.039,2
0.316,4
0.329,2
0.069,4
0.68,4
0.019,4
0.168,2
0.347,3
0.02,4
0.023,4
0.353,3
0.219,4
0.569,4
0.182,4
0.272,3
0.071,1
0.473,2
0.528,4
0.069,3
0.416,4
0.139,4
0.643,3
0.324,4
0.625,2
0.021,1
0.258,2
0.222,1
0.263,5
0.414,5
0.363,4
0.172,3
0.331,4
0.239,3
0.219,4
0.222,2
0.279,1
0.233,2
0.196,4
0.258,2
0.106,6
0.638,2
0.184,2
0.687,2
0.259,2
0.162,3
0.573,2
0.164,2
0.404,2
0.292,4
0.072,3
0.36,3
0.357,1
0.151,3
0.503,2
0.099,4
0.173,2
0.48,3
0.166,3
0.0,3
0.24,4
0.575,4
0.041,4
0.252,4
0.574,4
0.621,4
0.453,4
0.562,2
0.107,3
0.301,3
0.152,4
0.183,4
0.387,2
0.739,2
0.234,1
0.109,4
0.32,1
0.301,1
0.644,3
0.179,3
0.313,3
0.0,2
0.547,3
0.265,4
0.738,1
0.565,2
0.672,3
0.081,1
0.089,2
0.194,1
0.183,2
0.226,3
0.538,1
0.237,3
0.458,4
0.112,5
0.165,2
0.566,3
0.343,2
0.159,3
0.314,4
0.0,3
0.198,4
0.477,6
0.259,3
0.702,3
0.619,3
0.451,3
0.0,3
0.35,1
0.762,3
0.0,3
0.786,1
0.113,4
0.587,2
0.134,3
0.324,5
0.253,1
0.283,3
0.378,4
0.199,3
0.228,2
0.14,2
0.393,1
0.441,4
0.324,3
0.09,2
0.244,3
0.053,3
0.14,3
0.421,3
0.113,4
0.082,5
0.243,2
0.34,2
0.313,2
0.214,5
0.243,5
0.03,1
0.468,2
0.642,5
0.392,2
0.022,2
0.546,4
0.193,5
0.343,6
0.233,3
0.07,2
0.531,4
0.34,5
0.485,2
0.31,3
0.227,3
0.229,3
0.0,6
0.199,5
0.135,4
0.142,3
0.192,1
0.005,4
0.484,4
0.567,3
0.287,6
0.437,3
0.157,2
0.057,3
0.403,2
0.446,3
0.098,4
0.116,4
0.203,6
0.122,3
0.074,5
0.171,2
0.062,4
0.086,3
0.108,5
0.209,3
0.388,5
0.224,3
0.243,5
0.148,3
0.187,3
0.201,4
0.268,5
0.534,1
0.205,2
0.439,1
0.29,4
0.0,5
0.177,3
0.233,5
0.245,4
0.136,4
0.327,2
0.254,5
0.514,5
0.374,2
0.675,1
0.192,2
0.237,2
0.15,3
0.542,3
0.544,2
0.002,4
0.427,3
0.151,5
0.074,5
0.144,3
0.064,2
0.277,3
0.391,2
0.489,2
0.157,2
0.283,5
0.524,3
0.276,5
0.323,5
0.155,2
0.424,2
0.28,3
0.105,3
0.025,4
0.134,3
0.307,3
0.174,2
0.298,4
0.544,3
0.12,1
0.468,3
0.518,2
0.146,5
0.068,4
0.085,3
0.209,3
0.273,2
0.235,3
0.277,5
0.398,4
0.216,3
0.492,3
0.469,2
0.213,3
0.346,3
0.45,4
0.36,3
0.371,2
0.232,2
0.274,2
0.164,3
0.0,3
0.0,4
0.398,4
0.193,4
0.624,2
0.312,5
0.149,4
0.467,4
0.28,4
0.353,1
0.0,3
0.387,2
0.194,3
0.708,3
0.379,5
0.047,2
0.268,5
0.265,4
0.116,5
0.166,5
0.333,4
0.562,3
0.0,3
0.164,3
0.315,5
0.306,2
0.341,4
0.672,1
0.293,2
0.431,4
0.482,2
0.145,4
0.237,3
0.39,3
0.171,3
0.376,3
0.525,1
0.15,2
0.249,2
0.132,3
0.079,4
0.553,3
0.164,5
0.269,5
0.15,5
0.264,4
0.173,5
0.252,4
0.26,4
0.312,5
0.409,2
0.335,4
0.417,3
0.501,3
0.517,3
0.32,3
0.103,5
0.289,4
0.307,4
0.262,4
0.106,4
0.031,4
