machine_id,hour,day_type,drinks_sold,beans_level,milk_level,pressure,last_clean_hours,water_temp,brew_time,water_consumption
51,17,0,15,80.4,70.2,3.58,4,84.1,15.0,0.219
92,19,1,6,59.0,49.6,5.74,106,72.9,15.0,0.254
14,20,0,11,23.9,43.1,6.87,33,87.8,15.0,0.182
71,21,0,14,32.6,95.4,7.42,43,91.0,15.0,0.193
60,6,0,16,76.5,20.6,2.3,112,70.8,18.1,0.166
20,15,0,16,82.5,31.2,5.0,107,77.4,15.0,0.206
82,13,0,5,35.1,30.8,2.86,9,78.5,15.0,0.18
86,23,0,14,43.1,28.9,5.02,98,77.0,15.0,0.212
74,6,0,8,17.0,46.9,5.04,103,73.0,15.0,0.261
74,7,1,11,74.2,98.9,5.49,51,81.7,15.0,0.251
87,6,0,15,10.3,88.9,8.25,94,83.8,15.0,0.255
99,6,0,11,14.2,32.8,7.64,114,76.8,15.0,0.243
23,14,0,7,10.4,42.3,6.46,20,86.0,15.0,0.196
2,18,0,16,68.1,66.9,8.2,39,,15.5,0.232
21,6,0,15,47.6,1.7,6.75,23,90.3,15.0,0.15
52,18,0,11,36.8,82.0,7.73,41,85.0,15.0,0.203
1,12,0,14,92.1,88.0,5.95,44,86.7,15.0,0.158
87,7,0,19,27.4,85.7,5.68,35,85.0,15.0,0.177
29,11,0,7,45.0,37.5,7.07,23,87.8,15.0,0.228
37,12,0,13,94.6,46.2,2.14,118,65.9,16.8,0.179
1,19,0,10,48.4,1.2,6.83,58,83.3,15.0,0.166
63,23,0,10,59.9,39.9,8.54,48,85.6,15.0,0.225
59,20,0,17,17.2,46.0,7.0,103,82.5,15.0,0.221
20,7,1,17,81.1,90.7,2.26,87,74.7,15.2,0.246
32,15,0,12,48.0,89.4,4.65,58,80.2,15.0,0.252
75,17,1,12,82.0,96.6,7.67,101,79.8,15.0,0.27
57,22,0,14,32.8,88.5,8.71,57,87.8,15.0,0.172
21,13,0,8,48.0,0.8,4.59,87,74.6,15.0,0.23
88,16,0,8,80.8,64.1,7.89,39,86.6,15.0,0.196
48,8,0,11,97.6,6.8,8.05,28,88.1,15.0,0.212
90,11,0,8,15.4,27.3,2.86,64,80.8,15.0,0.15
58,14,1,8,83.1,57.8,7.92,62,83.6,15.0,0.254
41,11,0,10,37.1,70.1,4.27,83,76.0,15.0,0.162
91,14,1,12,59.6,65.5,6.15,113,89.0,15.0,0.239
59,12,0,15,36.1,4.9,5.77,112,77.6,15.1,0.198
79,14,1,16,65.2,10.4,6.64,62,90.1,15.0,0.255
14,23,0,16,41.8,12.9,7.18,94,85.4,15.0,0.178
61,17,1,15,40.0,9.1,5.09,85,89.4,15.0,0.174
61,13,0,12,13.4,17.8,8.22,88,,15.0,0.213
46,13,0,14,23.2,68.8,7.67,85,78.8,15.0,0.237
61,23,0,10,92.5,83.1,7.5,26,84.6,15.0,0.174
50,20,1,12,99.8,40.9,5.21,51,85.2,15.0,0.23
54,12,0,11,80.2,69.3,2.26,50,74.2,16.1,0.218
63,16,1,13,35.8,20.0,5.45,115,,15.0,0.213
2,21,0,11,46.2,97.3,8.29,36,85.6,15.0,0.22
50,9,1,9,76.6,35.0,3.33,26,83.2,15.0,0.224
6,11,1,16,97.2,84.6,8.88,33,90.6,15.0,0.243
20,8,1,20,51.0,94.5,7.65,100,90.0,15.0,0.247
72,14,0,16,84.7,86.5,6.97,68,81.8,15.4,0.18
38,15,0,10,97.8,6.7,6.74,73,81.4,15.0,0.222
17,19,1,12,88.6,65.0,6.11,8,89.1,15.0,0.224
3,16,0,13,30.4,12.0,7.04,66,84.7,15.0,0.215
88,23,0,8,10.7,0.6,4.95,93,77.3,15.0,0.261
59,17,0,12,54.3,5.2,7.92,23,94.1,15.0,0.19
13,17,1,7,57.8,91.6,6.87,70,84.6,15.0,0.237
8,18,0,13,28.1,90.8,7.4,55,84.6,15.0,0.252
89,18,0,9,35.6,22.6,7.55,43,87.2,15.0,0.2
52,19,1,11,78.9,54.7,2.64,100,77.6,15.0,0.196
1,9,0,18,52.3,95.5,2.39,110,,15.0,0.206
83,18,1,10,38.6,49.7,7.61,21,89.6,15.0,0.208
91,13,0,9,66.0,39.4,3.82,22,81.2,15.0,0.221
59,17,0,13,68.7,48.3,6.07,9,92.4,15.0,0.203
70,23,0,15,79.2,79.0,5.11,34,80.1,15.0,0.184
43,11,0,14,24.1,47.7,2.15,59,77.0,16.4,0.154
7,23,1,13,76.7,78.3,2.28,26,85.7,15.0,0.207
46,10,0,7,63.9,43.2,7.79,1,91.5,15.0,0.198
34,14,0,10,15.2,25.2,6.25,100,,15.0,0.188
77,8,0,9,80.0,32.6,5.67,108,71.3,16.5,0.242
80,15,0,11,44.5,7.8,8.61,5,84.0,15.0,0.239
35,8,0,16,39.7,49.7,3.21,41,,15.0,0.199
49,20,0,14,50.3,14.8,3.81,63,81.0,15.0,0.218
3,6,0,10,41.2,81.2,7.3,22,91.0,15.0,0.164
1,12,1,6,40.4,42.1,7.43,68,82.8,15.0,0.205
5,17,0,13,82.7,76.5,4.83,48,89.4,15.0,0.177
53,22,0,19,21.2,95.4,8.66,66,87.2,15.0,0.211
3,10,0,15,97.4,84.9,8.57,16,90.9,15.0,0.229
53,9,1,15,59.9,95.1,2.09,80,79.0,16.5,0.243
92,17,0,12,26.5,56.8,3.21,53,77.1,17.5,0.174
62,23,0,12,21.8,16.5,7.74,120,81.2,15.0,0.195
17,22,0,12,63.2,93.5,4.35,120,,15.0,0.234
89,14,1,10,67.0,86.9,2.67,86,75.4,17.1,0.191
43,9,0,15,14.8,86.4,7.49,107,80.8,15.0,0.217
33,7,1,11,31.9,69.3,5.18,65,83.9,15.0,0.194
73,9,0,17,81.6,62.5,5.45,79,80.9,15.0,0.197
61,7,0,8,14.5,1.5,3.3,64,72.2,15.0,0.152
99,20,1,16,87.0,74.8,6.63,88,85.3,15.0,0.281
13,7,0,11,69.2,9.2,5.86,68,78.6,15.0,0.24
94,9,1,16,49.1,26.0,3.45,63,79.0,15.7,0.207
47,11,1,13,41.2,55.1,4.38,62,77.0,15.0,0.25
14,12,1,12,11.7,45.2,6.18,82,85.2,15.0,0.188
71,15,0,23,84.3,1.6,8.47,81,91.7,15.0,0.247
77,17,1,11,22.8,82.4,8.44,71,91.0,15.0,0.208
86,8,0,10,37.9,87.9,4.02,114,72.7,17.7,0.242
61,18,1,11,61.2,68.2,7.15,45,90.8,15.0,0.24
39,23,0,10,32.1,54.1,7.43,52,82.4,15.0,0.201
84,13,1,12,54.7,96.1,7.66,116,75.6,15.0,0.249
79,20,0,15,82.8,12.0,6.0,74,80.8,15.0,0.219
81,6,0,4,52.3,73.8,2.07,65,71.0,15.3,0.154
52,8,0,8,95.4,12.8,7.33,2,89.0,15.0,0.227
23,13,1,19,86.3,38.2,2.75,49,88.0,15.0,0.223
25,9,0,10,40.0,58.5,2.82,22,81.2,15.0,0.209
88,21,0,7,46.0,73.7,6.24,96,84.1,15.0,0.15
59,15,1,13,48.1,0.4,8.88,29,92.8,15.0,0.239
40,17,0,12,66.4,26.1,3.7,35,82.1,15.0,0.196
28,19,0,15,35.8,53.8,6.52,81,84.1,15.0,0.212
14,19,0,19,97.2,53.3,4.13,76,83.1,15.0,0.205
44,7,0,18,64.8,63.8,8.29,24,93.2,15.0,0.204
64,10,0,12,45.9,30.4,6.15,94,75.4,15.0,0.288
88,10,0,9,68.1,54.1,3.45,108,74.7,15.0,0.203
70,11,0,13,45.6,19.0,3.83,30,90.1,15.0,0.179
8,18,0,11,83.6,18.7,5.03,84,75.8,15.0,0.237
87,14,1,14,61.1,57.7,2.85,42,,18.8,0.199
0,20,0,5,13.8,68.5,2.55,71,69.1,17.6,0.153
7,19,0,12,25.9,12.0,6.76,106,81.7,15.0,0.24
87,12,1,11,87.8,12.3,4.85,50,,15.0,0.208
62,7,0,10,60.7,56.5,7.08,118,72.4,15.0,0.27
10,12,0,14,95.5,27.0,2.77,102,70.4,15.0,0.248
80,11,1,15,16.5,39.2,6.27,71,78.9,15.0,0.181
7,22,1,12,36.6,40.1,5.1,60,88.5,15.0,0.218
34,7,1,15,27.4,17.9,2.41,113,72.3,22.4,0.267
34,8,1,7,59.8,0.1,5.81,30,83.9,15.0,0.168
32,10,1,7,44.5,85.3,2.58,12,80.3,15.0,0.214
4,10,0,16,24.2,71.5,7.79,49,,15.0,0.229
40,6,1,9,67.8,69.1,6.42,95,81.6,15.0,0.232
27,13,0,10,58.3,54.7,5.9,82,80.9,15.0,0.202
6,17,1,14,34.7,70.1,2.93,46,80.1,15.0,0.257
72,9,0,12,53.2,93.6,4.01,43,82.9,15.0,0.15
71,18,0,10,77.1,66.6,5.45,2,89.6,15.0,0.207
11,20,0,9,28.5,26.5,6.43,117,78.4,15.0,0.224
33,16,1,8,36.4,57.1,3.28,97,71.0,17.2,0.268
32,15,0,12,41.1,44.2,2.06,75,71.8,18.0,0.168
47,8,1,6,77.2,55.6,4.41,98,80.1,15.0,0.26
22,19,1,9,86.2,51.8,5.38,80,86.3,15.0,0.175
61,21,0,18,43.9,85.9,3.29,54,82.4,15.0,0.187
87,15,1,11,36.7,65.2,5.45,35,85.5,15.0,0.188
36,15,1,9,90.1,18.9,4.37,52,81.9,15.0,0.239
98,17,0,14,99.9,6.3,5.19,33,86.9,15.0,0.171
43,14,0,13,70.3,42.4,4.43,85,73.8,15.0,0.247
85,6,0,12,99.1,1.6,6.4,84,80.9,15.0,0.161
90,10,0,16,69.4,31.8,2.3,72,,16.8,0.188
34,13,0,17,76.0,36.8,3.2,51,81.6,18.9,0.25
64,16,1,8,45.0,37.6,5.03,26,81.9,15.0,0.198
98,17,0,7,49.0,97.9,4.49,97,72.3,16.6,0.235
46,6,1,7,23.0,30.4,4.74,62,79.9,15.0,0.241
77,16,0,14,84.0,26.5,7.63,61,84.1,15.0,0.179
2,10,0,15,93.8,12.9,8.2,26,87.1,15.0,0.225
0,20,1,15,66.1,51.1,3.74,37,89.7,15.0,0.256
4,10,1,13,40.9,15.4,7.85,30,87.3,15.0,0.229
89,17,0,11,23.9,61.6,5.21,95,70.6,15.0,0.2
13,10,0,16,33.9,15.5,3.92,97,,15.0,0.214
26,22,0,12,33.0,57.7,8.9,11,91.6,15.0,0.202
8,22,0,9,65.2,82.6,7.77,53,,15.0,0.162
78,17,0,11,95.1,4.3,8.96,41,89.0,15.0,0.205
14,20,0,19,14.3,42.0,3.18,5,91.6,15.0,0.166
89,20,0,7,10.1,46.1,3.01,66,81.0,15.0,0.171
41,11,1,12,64.0,79.1,5.52,13,89.0,15.0,0.15
76,17,0,9,35.6,46.8,6.47,63,,15.0,0.222
50,23,0,14,89.2,56.8,3.2,82,,15.0,0.15
62,19,0,12,39.5,79.1,8.02,90,84.7,15.0,0.238
95,7,1,11,36.1,56.0,5.72,25,89.6,15.1,0.249
51,14,1,10,34.3,35.8,4.88,44,83.8,15.4,0.16
95,10,0,10,23.0,8.6,6.21,14,84.5,15.0,0.237
3,6,1,11,62.3,73.0,6.44,69,80.5,15.0,0.237
93,8,0,15,25.1,87.1,2.3,59,77.8,16.3,0.225
22,11,0,13,48.2,97.0,9.0,56,83.2,15.0,0.256
14,10,0,9,51.5,92.7,4.55,106,,15.0,0.159
42,10,0,9,11.8,79.7,2.43,52,,15.5,0.158
28,6,1,16,11.5,64.3,7.97,66,88.9,15.0,0.294
35,22,1,4,56.8,78.1,8.95,68,87.0,15.0,0.194
12,19,0,13,72.6,43.2,7.71,12,95.1,15.0,0.206
31,17,0,11,94.8,59.5,7.96,75,83.4,15.0,0.193
70,15,0,11,26.1,34.9,6.38,68,,15.0,0.179
58,23,0,12,19.3,32.7,8.46,43,87.6,15.0,0.213
85,16,0,8,14.7,75.7,2.25,73,,16.9,0.248
27,7,0,14,49.2,45.4,7.37,74,83.7,15.0,0.24
65,23,0,10,66.1,21.2,6.69,91,83.7,16.1,0.172
41,12,0,7,85.6,20.2,2.35,6,83.2,15.0,0.172
44,20,0,5,71.4,85.9,5.81,15,84.6,15.0,0.15
61,16,0,12,28.8,67.8,5.61,42,83.6,15.0,0.15
56,23,1,11,51.6,54.6,6.84,31,,15.0,0.233
5,17,0,10,91.9,40.1,2.54,86,75.4,16.9,0.211
27,11,1,10,39.4,43.1,7.64,53,87.9,15.0,0.279
27,18,0,13,54.9,5.7,2.98,6,83.3,15.0,0.194
43,21,1,15,96.3,45.5,4.93,33,88.5,15.0,0.221
83,23,1,15,76.1,79.5,8.17,29,90.8,15.0,0.231
29,15,0,16,77.3,38.8,5.92,21,89.7,15.0,0.214
61,13,0,16,32.7,38.4,4.66,54,80.9,15.0,0.17
74,23,1,10,47.3,1.6,2.34,56,81.5,15.5,0.185
91,6,0,9,17.4,45.8,6.71,116,75.0,15.0,0.184
88,13,0,13,64.6,2.5,8.91,94,88.9,15.0,0.2
61,11,0,12,19.3,57.0,8.38,21,,15.0,0.186
96,10,0,11,85.2,50.7,7.02,100,80.0,15.0,0.192
0,20,0,15,83.3,84.0,2.74,55,75.9,16.6,0.181
26,20,1,10,58.0,58.2,3.68,58,84.9,15.0,0.215
61,7,0,9,22.7,32.3,3.31,64,76.0,15.0,0.23
76,6,0,17,12.3,51.6,4.49,86,84.8,15.0,0.208
2,16,1,11,81.7,70.0,3.65,46,82.2,15.4,0.199
69,15,0,22,64.0,9.4,3.71,84,81.1,16.8,0.225
71,23,1,12,74.0,62.1,6.32,22,88.0,15.0,0.23
26,23,0,18,37.3,91.7,4.23,116,80.0,15.0,0.214
8,22,0,8,55.9,29.9,6.74,60,83.8,15.0,0.199
61,13,1,12,77.2,62.7,8.64,104,80.0,15.0,0.312
36,20,0,13,51.6,82.1,6.47,11,87.4,15.0,0.204
96,13,1,9,64.1,51.2,7.26,47,88.3,15.0,0.21
50,22,1,10,81.1,71.8,7.26,31,,15.0,0.208
43,17,1,17,29.4,31.1,4.31,115,76.7,15.0,0.271
23,13,0,12,15.9,30.6,2.1,104,72.8,19.3,0.16
78,19,1,13,57.9,66.8,2.39,77,78.5,15.8,0.259
58,9,0,7,15.6,70.5,3.97,18,79.4,15.0,0.15
31,6,0,13,79.0,93.7,6.83,22,92.8,15.0,0.229
95,6,1,16,74.7,22.5,8.35,56,89.5,15.0,0.271
87,21,0,9,89.4,46.8,8.71,17,86.1,15.0,0.199
51,19,1,18,67.6,25.1,2.18,38,79.5,15.0,0.202
61,21,1,10,16.0,8.0,8.93,25,95.0,15.0,0.265
57,10,1,10,32.8,40.3,4.26,32,80.1,15.0,0.277
51,14,0,7,82.7,37.4,7.9,15,,15.0,0.181
11,7,1,12,25.0,27.0,3.26,13,82.0,15.0,0.233
38,23,0,15,72.9,29.7,2.44,58,79.4,18.6,0.22
1,11,1,13,80.2,36.0,4.65,90,80.8,15.0,0.248
2,14,0,19,39.7,98.9,8.01,50,85.9,15.0,0.229
55,6,0,11,39.0,78.3,3.55,11,81.3,16.0,0.175
80,14,0,10,60.2,7.1,3.08,13,79.8,15.0,0.193
58,21,0,13,87.5,87.2,8.37,97,80.5,15.0,0.166
1,18,0,14,30.2,63.3,8.57,50,87.5,15.0,0.259
1,14,1,13,94.7,89.1,2.09,101,73.2,16.5,0.175
91,18,0,12,63.9,34.2,7.09,38,89.3,15.0,0.174
53,14,0,14,99.3,46.5,4.16,1,84.5,15.0,0.181
86,16,0,8,18.1,89.6,4.62,39,,16.1,0.157
95,9,0,19,21.4,27.3,5.28,27,89.1,15.0,0.167
96,7,0,7,84.4,91.6,4.99,36,75.9,15.0,0.242
0,11,0,7,87.8,82.8,5.6,32,80.5,15.0,0.249
18,19,0,14,50.1,98.1,6.08,41,,15.0,0.25
1,9,0,17,74.3,32.4,5.26,15,88.9,15.0,0.222
52,11,0,10,88.1,23.6,6.91,31,84.9,15.0,0.277
43,11,0,10,13.9,33.1,7.03,6,91.4,15.0,0.183
89,7,0,13,61.7,95.5,5.08,89,78.6,15.1,0.197
31,23,1,12,86.8,33.3,3.0,113,76.8,16.2,0.224
69,18,1,10,45.8,56.5,6.48,52,83.5,15.0,0.275
31,14,0,10,37.2,40.4,7.41,82,,15.0,0.228
67,18,1,6,81.6,39.6,6.47,22,92.1,15.0,0.259
54,16,0,10,40.2,19.3,6.12,31,86.3,15.0,0.196
74,6,0,11,10.3,53.7,3.61,100,77.2,15.4,0.151
55,12,1,20,96.4,84.9,6.52,73,,15.0,0.226
16,20,0,9,63.3,4.9,4.34,46,83.2,15.0,0.216
37,6,1,9,83.8,88.9,8.44,67,88.5,15.0,0.22
23,17,0,13,84.3,66.5,6.58,97,81.1,15.0,0.217
68,12,0,16,16.0,61.7,3.95,91,78.0,15.0,0.214
97,20,0,8,25.4,62.6,5.31,43,77.2,15.0,0.256
69,6,1,11,38.0,29.6,7.93,1,92.2,15.0,0.254
85,22,0,17,38.9,41.5,4.35,44,86.5,15.0,0.216
10,22,1,19,69.3,79.9,5.68,57,86.2,15.0,0.245
15,8,0,13,66.1,30.6,6.76,9,85.0,15.0,0.183
96,17,0,12,54.5,47.0,7.28,5,,15.0,0.206
72,11,0,8,29.0,2.0,3.22,79,74.9,17.5,0.256
58,16,0,12,44.4,73.4,5.96,114,73.1,15.0,0.239
69,8,1,16,58.9,41.8,8.39,9,94.9,15.0,0.22
79,13,0,13,52.1,52.5,8.78,45,89.5,15.0,0.201
92,19,1,12,21.5,11.5,6.59,92,86.5,15.0,0.274
2,19,1,11,68.5,99.2,8.89,77,85.6,15.0,0.232
19,15,0,12,16.6,30.2,6.0,24,,15.0,0.179
58,7,0,9,44.0,63.5,5.1,109,74.5,15.0,0.174
35,19,0,7,73.9,58.1,5.86,74,75.2,15.0,0.2
18,14,0,9,11.8,78.5,2.81,42,,15.0,0.2
89,8,0,5,61.3,29.4,4.81,22,77.3,15.0,0.183
66,13,0,7,40.1,75.6,5.21,103,73.9,15.0,0.207
18,21,0,11,10.8,38.3,7.94,60,86.9,15.0,0.174
19,7,0,8,27.1,41.1,7.31,86,80.2,15.0,0.194
95,11,0,10,94.7,67.3,6.21,37,80.5,15.0,0.27
70,17,0,14,56.9,78.4,4.43,116,72.0,16.7,0.214
51,10,0,9,99.8,66.7,3.31,39,80.1,15.0,0.194
32,7,1,11,57.2,90.0,4.43,84,80.7,15.0,0.201
39,21,0,9,59.0,28.5,6.76,74,79.8,15.0,0.211
38,10,0,13,45.3,90.1,3.84,74,70.5,17.7,0.207
81,20,1,20,37.9,13.1,4.99,90,81.0,15.0,0.28
0,17,0,13,32.6,66.0,4.71,89,81.3,15.0,0.231
10,9,0,17,40.9,54.8,7.36,53,85.2,15.0,0.255
91,20,0,10,51.4,49.5,8.19,120,78.2,15.0,0.228
56,16,0,15,27.3,31.1,6.9,28,90.4,15.0,0.263
88,21,0,10,30.2,50.4,4.39,77,77.0,15.0,0.224
49,11,0,17,34.4,16.2,5.03,15,92.0,15.0,0.15
22,19,0,18,50.4,36.9,3.0,60,,16.4,0.246
30,23,0,6,68.8,9.9,3.18,60,73.5,15.0,0.189
93,17,1,14,87.1,57.2,3.15,6,90.4,15.0,0.236
41,16,1,10,35.8,9.6,2.91,52,80.0,16.0,0.181
98,18,0,15,26.5,16.0,3.26,12,81.8,15.8,0.19
6,16,1,9,44.1,8.5,3.42,19,84.8,15.0,0.227
15,21,0,9,90.5,38.1,2.78,96,72.3,15.0,0.202
89,20,0,6,10.9,84.2,6.48,75,75.8,15.0,0.205
59,20,1,11,71.0,90.7,8.93,102,85.0,15.0,0.176
1,9,0,7,52.9,7.2,8.15,97,78.7,15.0,0.196
0,16,0,14,24.5,63.5,2.32,2,78.9,17.6,0.159
47,20,0,15,38.9,68.4,4.96,55,80.2,15.0,0.152
11,9,0,10,30.2,53.4,8.02,15,94.3,15.0,0.171
68,18,1,15,89.0,66.7,2.94,64,81.6,15.0,0.276
36,7,1,7,53.4,23.4,7.93,100,84.5,15.0,0.27
31,19,1,10,60.7,49.0,6.15,69,,15.0,0.204
8,9,1,13,63.4,39.1,8.52,15,,15.0,0.21
98,21,0,10,67.6,9.0,8.13,43,,15.0,0.187
18,19,0,14,54.6,62.6,6.74,74,80.8,15.0,0.241
47,20,0,18,11.6,49.5,6.6,17,93.0,15.0,0.213
79,8,0,13,40.1,27.5,3.49,98,72.2,15.0,0.187
2,13,0,13,26.5,47.4,2.82,116,75.3,15.8,0.18
19,21,1,11,71.2,77.5,4.91,24,87.2,15.0,0.248
23,15,0,8,15.1,80.2,3.31,74,75.2,15.0,0.237
53,9,0,8,60.7,65.0,2.72,116,68.3,18.9,0.174
32,23,0,14,29.0,46.8,4.12,30,86.9,15.7,0.183
23,7,0,19,95.4,57.6,8.02,67,87.4,15.0,0.229
74,22,1,11,40.2,38.5,2.12,51,74.0,15.5,0.215
71,18,0,15,39.3,12.7,4.05,60,76.2,18.1,0.243
35,9,0,17,93.1,38.6,4.97,101,75.2,15.0,0.218
37,16,1,8,47.6,53.0,5.57,3,90.1,15.0,0.265
83,12,0,11,96.7,59.9,3.27,104,75.9,16.2,0.232
98,17,0,13,12.2,93.6,8.75,5,,15.0,0.185
88,15,0,15,37.6,77.7,6.05,28,88.3,15.0,0.202
98,12,1,12,70.0,15.2,5.65,108,83.4,15.0,0.201
24,18,0,14,90.2,17.4,2.06,78,77.1,17.4,0.179
92,12,1,12,33.1,10.0,5.4,103,81.1,15.0,0.259
17,22,1,7,93.7,73.8,7.86,11,90.3,15.0,0.23
81,15,0,14,63.5,70.6,3.54,72,77.3,16.2,0.264
65,15,1,6,82.1,98.6,4.46,101,74.3,15.0,0.191
53,9,1,9,45.7,52.2,2.14,72,81.8,15.0,0.2
34,9,1,12,29.1,82.6,8.84,76,,15.0,0.239
79,12,1,19,92.0,57.6,2.47,15,88.0,15.0,0.203
60,6,0,17,94.0,87.4,8.29,83,,15.0,0.237
40,17,0,11,54.8,72.1,4.19,48,78.9,15.0,0.176
99,18,0,10,10.6,64.3,6.11,46,,15.0,0.224
32,15,0,12,19.9,56.5,6.76,28,81.5,15.0,0.265
67,20,0,7,61.6,72.3,2.99,7,84.0,15.0,0.15
32,18,1,10,12.1,42.0,5.11,104,84.2,15.0,0.263
13,14,1,14,45.7,9.7,4.28,71,82.9,15.0,0.301
20,14,0,21,37.3,4.0,2.4,94,82.0,16.4,0.203
47,20,1,7,74.3,47.9,7.83,82,83.8,15.0,0.217
19,15,1,9,15.0,59.9,2.32,88,76.9,15.0,0.195
7,15,0,16,54.0,7.9,6.57,6,92.2,15.0,0.189
6,13,0,18,62.1,28.7,4.2,58,81.4,15.0,0.219
66,21,0,7,65.6,32.2,3.34,115,69.3,15.5,0.188
16,22,1,10,46.5,56.3,6.67,68,87.9,15.0,0.223
32,10,0,14,37.4,27.8,6.02,55,83.6,15.0,0.178
47,9,0,13,71.4,9.6,4.21,67,78.9,15.0,0.187
75,23,0,7,86.3,16.5,5.59,49,80.8,15.0,0.183
58,9,1,3,72.4,17.4,3.72,118,71.4,15.0,0.22
85,12,1,14,93.9,84.3,8.05,51,85.8,15.0,0.204
21,15,1,10,74.6,28.4,4.2,59,80.4,15.0,0.212
29,23,1,16,78.8,71.5,3.72,111,79.7,17.8,0.225
37,9,1,8,25.1,56.8,7.26,6,85.6,15.0,0.235
50,15,1,9,47.8,97.7,2.12,90,74.9,15.0,0.257
53,6,1,12,53.7,27.3,3.88,108,73.3,15.0,0.234
7,23,1,14,33.1,15.8,4.63,51,,15.0,0.185
26,10,0,17,57.6,5.2,8.18,38,96.7,15.0,0.207
26,20,0,9,36.2,24.1,8.65,11,90.0,15.0,0.182
97,22,0,16,71.9,68.4,7.02,52,84.3,15.0,0.195
20,8,0,16,52.3,8.5,5.45,93,,15.0,0.204
29,17,0,13,51.3,24.5,6.48,20,,15.0,0.181
96,7,0,13,98.5,85.5,4.9,10,83.1,15.0,0.166
27,6,1,13,45.3,58.3,4.09,26,79.9,16.0,0.213
63,22,1,9,42.6,7.0,8.65,48,86.0,15.0,0.255
96,21,1,16,38.7,4.8,2.81,91,,15.0,0.228
68,10,0,9,90.5,6.1,4.42,114,71.6,15.0,0.179
60,20,0,6,54.7,94.2,8.29,14,91.2,15.0,0.166
47,8,0,7,64.0,85.0,7.06,100,78.7,15.0,0.214
18,12,0,17,26.3,84.5,2.2,59,79.6,18.0,0.163
3,16,0,7,58.7,92.4,2.16,12,73.9,15.0,0.156
34,15,0,10,34.7,50.5,5.62,116,77.3,15.0,0.191
63,14,1,15,75.8,24.7,5.39,23,94.7,15.0,0.183
48,19,1,11,84.9,40.1,5.1,85,83.1,15.0,0.228
16,18,0,10,74.3,71.9,4.12,72,75.8,15.0,0.191
43,7,0,7,75.7,87.6,8.91,39,85.6,15.0,0.252
91,8,0,16,56.1,43.5,3.9,9,87.4,15.0,0.153
29,12,0,6,74.1,53.5,5.43,88,79.9,15.0,0.228
92,23,1,12,48.0,93.2,4.83,95,77.9,15.0,0.243
45,8,0,10,68.6,10.7,3.19,25,79.0,15.0,0.231
5,15,0,13,33.3,86.2,3.42,17,83.4,17.2,0.227
98,12,0,10,16.3,15.9,8.43,42,,15.0,0.198
36,14,0,10,47.2,48.4,8.01,29,90.0,15.0,0.159
23,22,0,12,51.6,21.8,3.39,60,80.0,15.0,0.186
92,16,1,13,33.1,60.3,8.13,67,83.4,15.0,0.192
45,12,0,15,75.5,55.9,3.46,85,75.6,15.0,0.226
52,19,0,15,16.6,38.0,6.39,57,83.4,15.0,0.217
94,9,0,11,30.0,86.3,2.57,72,68.7,20.6,0.187
98,11,0,10,77.4,66.0,8.16,14,91.9,15.0,0.185
59,15,1,10,49.3,72.1,2.36,39,80.6,15.0,0.177
96,12,0,10,73.5,15.1,5.88,16,84.0,15.0,0.196
62,18,0,8,61.1,88.3,7.46,18,89.9,15.0,0.163
84,19,0,9,95.6,16.7,2.82,95,74.0,16.3,0.191
31,9,0,6,63.8,22.3,4.83,75,72.1,15.0,0.215
86,13,0,9,11.3,12.8,2.29,102,73.0,15.0,0.209
32,10,0,10,41.8,44.0,6.78,20,90.5,15.0,0.204
66,6,0,13,22.9,88.8,4.15,117,73.6,15.0,0.202
17,9,1,11,93.2,25.2,5.92,46,84.7,15.0,0.241
24,8,0,10,19.4,37.4,8.53,117,79.5,15.0,0.23
94,14,1,12,44.9,84.6,4.14,45,79.6,15.0,0.231
53,13,0,7,30.3,61.8,2.34,4,80.5,16.0,0.15
57,6,1,13,86.2,75.2,6.73,84,80.5,15.4,0.209
66,11,1,10,37.8,21.4,7.51,95,82.0,15.0,0.251
45,14,0,12,99.3,71.6,8.71,20,91.1,15.0,0.223
23,12,1,12,13.5,22.8,3.1,11,86.5,15.0,0.187
31,9,0,7,21.5,98.7,4.74,114,74.1,15.0,0.237
46,18,1,13,30.2,56.0,7.91,65,84.9,15.0,0.313
85,22,0,7,83.0,69.6,7.65,108,78.9,15.0,0.267
22,7,0,14,89.1,11.8,6.37,18,90.7,15.0,0.188
65,10,0,17,16.4,25.1,3.89,39,80.2,18.4,0.191
26,17,1,10,12.9,14.0,3.99,44,,15.0,0.229
1,13,0,13,77.0,39.0,2.87,97,71.6,15.0,0.226
89,11,0,12,22.0,28.4,8.45,118,85.1,15.0,0.185
16,13,1,7,22.0,73.3,3.21,100,70.9,15.0,0.22
32,23,1,6,12.0,10.9,6.01,18,86.3,15.0,0.235
8,8,0,8,14.5,75.2,6.09,47,81.0,15.0,0.173
42,17,0,8,33.7,4.6,4.59,31,,15.0,0.174
47,8,0,12,15.9,20.2,4.47,99,,15.9,0.185
38,11,0,9,43.2,79.2,6.68,39,86.2,15.0,0.184
92,7,0,17,84.9,74.3,4.72,38,86.7,15.0,0.15
41,17,1,11,39.4,47.6,3.79,79,78.3,15.0,0.246
25,7,0,13,75.5,5.0,4.79,47,79.9,16.2,0.181
98,11,0,10,18.5,61.0,7.65,70,86.1,15.0,0.212
49,22,0,10,69.3,40.7,8.77,8,92.2,15.0,0.205
24,8,0,13,38.5,31.7,6.45,104,76.6,15.0,0.192
23,7,0,14,77.5,64.0,7.47,86,83.3,15.0,0.166
12,13,0,12,22.3,43.7,5.73,65,,15.0,0.218
59,17,0,11,90.8,9.2,6.37,13,87.8,15.0,0.182
6,9,1,6,31.8,91.6,8.92,55,88.0,15.0,0.247
56,10,0,6,41.8,77.8,5.07,88,74.5,15.0,0.226
35,18,1,8,95.5,5.6,2.46,85,77.1,17.6,0.15
44,20,1,13,62.1,52.5,8.7,109,87.1,15.0,0.241
19,21,0,17,42.9,8.3,7.55,43,90.4,15.0,0.242
64,15,1,9,95.5,83.7,4.79,4,92.2,15.0,0.243
7,21,0,18,39.6,61.3,8.88,71,93.4,15.0,0.162
15,17,0,10,18.5,17.2,4.42,60,81.2,15.0,0.226
13,22,1,14,99.7,2.1,4.6,12,89.9,15.0,0.184
75,21,0,18,34.1,3.2,6.27,59,85.8,15.0,0.234
86,17,0,9,86.6,50.7,3.92,77,74.5,15.0,0.183
14,13,1,13,24.9,73.4,6.89,54,89.3,15.0,0.253
91,8,0,15,75.8,12.1,3.07,44,80.2,15.0,0.183
97,21,0,11,57.2,22.1,2.76,16,79.1,17.0,0.15
65,18,1,11,98.3,32.7,5.74,6,86.9,15.0,0.205
31,13,0,6,59.8,21.8,5.89,14,81.9,15.0,0.209
86,10,0,12,12.3,39.1,2.75,115,77.1,15.0,0.179
62,13,0,8,64.3,56.0,8.75,112,81.9,15.0,0.186
85,17,0,11,23.1,68.5,6.01,58,82.5,15.0,0.165
50,6,0,14,81.9,96.4,3.06,31,82.7,15.0,0.162
24,11,1,9,87.1,93.1,4.18,100,77.7,15.0,0.2
57,23,0,12,53.4,57.0,7.6,101,79.0,15.0,0.241
62,13,0,8,80.5,73.4,5.66,41,78.3,15.0,0.191
61,12,1,10,23.1,95.1,3.32,120,76.5,15.0,0.214
21,6,1,7,54.3,8.3,2.72,35,75.0,16.0,0.21
57,21,0,17,45.5,0.6,5.02,118,,15.0,0.233
57,17,0,12,65.0,3.0,4.36,10,83.1,16.5,0.211
85,11,0,12,14.0,56.3,6.59,81,,15.0,0.195
48,7,0,10,77.7,76.3,8.48,115,78.5,15.0,0.22
51,19,0,19,17.1,36.7,3.73,106,80.0,15.0,0.227
41,9,0,14,69.1,54.5,7.99,30,82.2,15.0,0.204
69,6,1,15,11.7,51.6,8.44,44,94.1,15.0,0.22
14,23,1,13,84.9,9.5,8.31,55,92.0,15.0,0.255
53,18,0,12,25.7,32.2,8.66,71,88.7,15.0,0.195
59,7,0,12,56.4,1.9,7.89,18,91.8,15.0,0.208
96,14,0,11,33.5,11.1,6.15,83,80.9,15.2,0.16
7,7,0,8,75.0,81.2,4.87,79,74.5,15.8,0.222
52,14,0,12,38.9,82.9,5.44,103,78.7,15.0,0.202
59,6,1,10,75.2,80.2,8.11,108,82.2,15.0,0.259
4,16,0,10,35.6,72.7,4.11,86,78.8,15.6,0.228
67,8,0,14,77.7,79.3,3.11,39,82.7,15.0,0.177
5,9,1,8,12.8,67.1,2.99,42,79.7,15.6,0.164
95,23,0,12,35.5,67.0,7.79,120,,15.0,0.21
93,11,0,10,54.9,66.7,7.33,54,85.5,15.0,0.241
46,8,0,12,14.1,51.4,5.48,30,87.6,15.0,0.196
98,16,0,10,26.7,36.3,3.92,20,87.7,15.0,0.15
54,20,1,8,94.1,73.0,6.74,96,,15.0,0.227
39,10,0,10,97.9,29.9,2.27,42,79.0,15.0,0.194
51,15,0,14,76.6,54.3,5.98,89,80.0,15.0,0.21
15,17,0,10,32.7,43.3,4.79,87,76.2,15.0,0.2
12,20,1,11,33.4,27.7,8.85,5,92.1,15.0,0.214
29,22,0,14,68.1,97.5,5.55,50,74.9,16.2,0.202
18,15,0,11,20.6,25.9,5.87,41,81.3,15.0,0.211
16,11,0,11,95.3,30.9,6.99,94,79.4,15.0,0.231
62,23,0,7,30.2,16.2,5.39,112,73.8,15.0,0.202
18,18,0,14,100.0,82.3,3.57,39,83.6,15.2,0.174
91,8,0,14,54.6,58.7,5.76,57,80.6,15.0,0.234
57,15,0,17,79.4,61.3,8.61,91,83.6,15.0,0.22
54,19,0,14,10.2,82.1,4.87,57,76.1,15.0,0.222
89,11,1,15,90.0,34.3,6.76,106,83.7,15.0,0.261
89,8,0,18,34.3,19.4,8.85,37,89.0,15.0,0.188
61,21,0,9,70.1,19.8,7.81,7,87.4,15.0,0.207
22,12,0,17,82.6,73.3,6.61,5,93.0,15.0,0.15
8,19,1,13,24.8,61.4,7.15,79,82.6,15.0,0.242
11,14,0,15,49.8,20.6,8.56,51,89.9,15.0,0.233
0,20,1,12,54.4,14.5,8.72,106,80.8,15.0,0.269
57,8,1,18,38.1,12.1,8.78,8,96.4,15.0,0.265
0,7,0,8,53.4,62.8,6.38,56,79.2,15.0,0.217
33,7,1,14,38.6,0.0,4.69,73,81.0,15.0,0.216
95,8,0,14,42.5,1.8,2.93,11,87.9,15.0,0.15
47,23,0,19,70.2,39.0,4.7,22,83.7,15.0,0.211
88,19,1,7,66.9,69.1,8.6,98,86.8,15.0,0.25
0,23,1,14,30.9,69.5,8.23,99,83.0,15.0,0.202
15,15,0,17,90.8,43.0,5.67,77,85.5,15.0,0.219
60,7,0,11,87.7,69.1,5.76,11,89.3,15.0,0.19
63,6,0,14,55.8,52.1,4.16,60,81.5,15.0,0.186
62,9,1,8,49.0,97.7,5.18,96,73.7,15.0,0.251
68,19,0,13,43.9,16.2,7.0,106,81.1,15.0,0.209
21,6,0,11,73.7,60.1,4.82,15,,15.0,0.165
92,19,0,11,70.4,49.1,3.32,38,80.6,15.0,0.15
66,21,0,15,27.7,19.4,5.79,1,89.9,15.0,0.207
75,19,1,12,70.4,75.0,3.58,46,82.1,15.0,0.178
25,8,0,11,32.7,27.6,8.82,114,82.0,15.0,0.205
15,8,1,15,11.7,38.2,4.73,88,80.6,16.0,0.249
50,14,0,9,72.9,37.5,8.37,43,87.1,15.0,0.202
85,11,1,7,68.0,24.4,3.58,104,72.9,15.0,0.277
56,18,0,7,47.0,43.1,3.32,22,77.0,15.0,0.203
28,7,0,13,57.3,47.3,6.32,3,95.7,15.0,0.206
77,13,0,14,95.2,74.4,7.46,14,89.9,15.0,0.231
91,7,0,15,63.6,76.5,5.97,2,98.0,15.0,0.173
68,9,0,8,69.2,15.9,3.61,61,77.8,15.0,0.172
46,20,1,9,15.8,59.3,2.27,32,82.5,15.0,0.164
93,9,0,6,24.9,89.6,6.33,112,73.5,15.0,0.169
61,18,0,14,37.1,10.9,2.92,38,79.6,15.0,0.226
68,17,0,14,58.5,47.3,4.4,97,76.8,17.9,0.19
75,18,0,9,79.9,75.0,6.73,46,,15.0,0.233
15,19,0,8,38.9,61.1,2.69,42,74.9,15.5,0.15
89,23,1,11,42.1,10.1,2.89,6,90.9,15.0,0.187
89,11,1,13,33.1,39.7,2.43,41,83.7,15.0,0.246
47,16,0,6,32.9,50.7,8.97,103,,15.0,0.219
84,7,0,12,95.4,99.6,4.71,25,87.0,15.0,0.195
38,10,0,9,67.2,17.9,8.34,98,78.6,15.0,0.207
99,7,0,12,24.0,98.2,4.06,11,79.4,17.7,0.17
32,15,0,16,75.0,37.6,7.27,110,,15.0,0.226
93,7,0,14,75.0,20.0,3.53,101,75.5,15.0,0.171
22,16,0,11,70.0,41.4,5.49,41,86.7,15.0,0.187
9,23,0,12,22.1,61.4,7.77,71,84.7,15.0,0.243
68,20,1,15,46.7,21.3,7.71,57,,15.0,0.185
99,14,0,12,19.6,29.1,7.56,46,84.9,15.0,0.231
33,14,0,14,83.5,85.5,7.77,112,82.7,15.0,0.252
51,8,0,10,69.0,99.9,3.48,86,72.9,15.7,0.193
94,14,0,22,55.6,31.8,5.38,48,89.0,15.0,0.209
9,19,1,9,40.9,14.9,5.39,63,81.8,15.0,0.211
18,12,1,16,26.6,79.3,8.23,39,91.1,15.0,0.234
57,21,1,9,19.6,60.0,4.08,10,83.8,18.0,0.236
95,21,0,14,97.2,10.0,8.52,85,85.8,15.0,0.243
0,6,1,11,28.0,94.7,5.16,70,,15.0,0.236
68,9,0,17,15.4,7.8,6.69,113,77.5,15.0,0.249
3,9,1,8,96.6,62.5,3.88,65,,15.0,0.225
15,12,0,10,59.4,42.4,4.87,98,,15.0,0.166
23,13,1,10,81.7,55.7,6.97,59,87.0,15.0,0.261
79,22,1,18,13.9,21.3,5.59,78,91.3,15.0,0.2
1,10,1,17,61.0,68.8,8.51,36,94.6,15.0,0.237
91,12,0,13,45.8,96.0,7.16,27,86.7,15.0,0.233
31,9,0,9,79.5,45.8,5.95,73,77.6,15.0,0.166
90,11,1,15,13.5,52.3,8.21,55,87.9,15.0,0.266
83,12,0,14,46.2,24.0,6.66,70,81.4,15.0,0.181
23,23,1,6,81.9,89.2,6.53,95,80.2,15.0,0.249
11,10,0,16,57.0,97.1,3.72,81,80.0,15.0,0.237
49,8,0,7,59.5,78.6,4.76,53,80.9,15.0,0.166
34,12,1,17,18.7,54.3,6.78,107,85.3,15.0,0.22
32,19,0,13,21.9,95.7,8.24,60,90.5,15.0,0.21
32,12,0,14,70.9,15.4,4.21,61,78.6,15.1,0.177
60,10,0,9,70.8,47.8,3.51,36,84.3,15.0,0.15
50,10,0,15,98.1,53.8,6.16,85,79.6,15.9,0.217
42,7,1,12,74.1,49.2,2.47,27,83.1,15.0,0.217
11,11,0,9,54.4,80.2,7.0,41,83.6,15.0,0.194
66,20,1,10,87.2,67.0,6.92,28,88.5,15.0,0.229
64,15,1,17,19.4,12.7,4.48,16,91.2,15.0,0.248
32,12,0,13,50.4,34.6,8.25,35,84.4,15.0,0.209
39,10,1,14,35.8,33.9,5.52,36,84.4,15.0,0.225
73,6,0,16,19.4,56.6,6.52,56,87.4,15.0,0.207
42,18,0,14,78.7,29.1,3.47,99,,15.0,0.194
43,23,1,15,56.0,11.7,4.92,109,79.5,15.0,0.23
28,18,0,11,60.1,65.4,8.04,19,86.1,15.0,0.262
12,23,0,16,47.0,85.1,3.49,57,81.1,15.0,0.201
11,10,0,11,51.4,93.2,4.73,85,79.4,15.0,0.191
94,18,0,12,20.4,97.3,4.23,33,81.2,15.0,0.236
45,9,0,12,70.6,78.1,3.06,23,85.6,15.0,0.209
1,22,1,10,48.9,14.0,4.03,119,78.6,15.0,0.243
34,8,0,10,83.5,85.3,3.63,63,76.2,17.1,0.177
86,22,0,10,27.7,40.0,8.47,70,83.1,15.0,0.3
80,16,0,14,28.5,73.0,7.19,96,73.5,15.0,0.189
89,9,0,12,68.1,53.1,4.21,22,80.1,15.0,0.15
7,7,0,18,86.1,82.9,7.34,67,82.9,15.0,0.238
92,21,0,11,52.5,42.6,2.15,99,68.6,18.7,0.191
25,23,0,19,75.4,6.2,5.69,80,84.2,15.0,0.15
73,13,0,12,99.9,55.7,3.75,106,,15.0,0.198
89,8,0,9,99.1,17.1,2.8,59,,15.0,0.179
33,14,0,17,77.0,96.6,8.19,25,92.0,15.0,0.208
6,11,1,8,76.6,52.7,3.4,17,76.6,15.0,0.228
67,15,1,13,32.3,55.4,7.76,39,87.6,15.0,0.226
57,15,0,14,85.0,90.7,4.89,77,82.0,15.0,0.198
74,18,1,14,46.5,62.5,2.1,92,76.5,15.0,0.261
28,22,1,11,96.6,30.3,7.13,75,87.4,15.0,0.26
35,14,0,10,17.3,29.6,6.17,74,78.8,15.0,0.203
88,22,0,10,49.2,50.2,4.41,39,85.3,15.0,0.2
20,14,1,10,60.0,86.7,3.97,24,84.8,15.0,0.237
35,14,1,11,46.5,79.5,2.52,38,,15.9,0.18
9,6,0,19,29.0,96.3,8.59,88,87.0,15.0,0.24
72,7,1,11,63.4,7.2,5.46,97,76.7,15.0,0.245
23,21,0,9,78.0,26.8,2.6,81,74.2,17.5,0.21
63,6,1,14,68.0,8.0,8.08,57,89.3,15.0,0.213
98,15,1,13,31.1,75.1,3.95,44,79.4,17.5,0.227
48,23,0,6,75.8,14.1,3.43,36,79.1,15.0,0.157
98,13,1,9,33.1,10.0,3.97,99,,15.1,0.229
35,16,0,11,25.8,56.2,5.95,70,82.4,15.0,0.178
81,7,0,11,72.2,41.1,2.52,80,78.4,15.0,0.169
95,13,1,11,85.9,71.5,5.37,45,85.7,15.0,0.225
23,13,0,12,53.3,48.7,8.27,92,79.9,15.0,0.199
22,22,0,13,57.8,42.5,3.32,105,77.5,15.4,0.15
61,20,0,16,37.2,42.6,4.32,96,75.4,15.0,0.246
95,22,0,15,54.5,87.2,4.77,26,85.6,15.7,0.177
36,18,0,11,21.9,39.5,6.1,11,86.5,15.0,0.154
11,10,1,10,96.0,33.3,8.43,52,85.6,15.0,0.21
54,17,0,17,82.0,33.9,4.76,25,94.0,15.0,0.18
12,6,0,16,70.1,19.7,2.48,31,81.4,15.0,0.236
22,10,0,13,58.4,86.1,4.44,85,,15.0,0.19
88,13,1,17,81.3,14.7,3.33,45,,15.0,0.237
98,18,1,15,54.5,90.9,6.56,119,78.8,16.9,0.241
29,13,1,12,37.0,28.3,2.2,115,72.0,16.5,0.233
16,16,1,11,24.4,89.9,4.04,67,80.4,15.0,0.216
61,6,1,14,68.3,79.1,5.82,76,82.1,15.0,0.256
83,18,0,11,93.6,58.2,3.94,115,72.9,17.6,0.173
88,8,0,10,23.8,66.9,5.86,40,84.6,15.0,0.198
85,22,0,14,26.2,32.6,2.8,46,81.9,15.0,0.191
12,10,1,13,49.0,57.4,8.6,54,91.3,15.0,0.251
58,13,1,10,82.6,29.2,4.04,41,87.0,15.0,0.167
18,19,0,11,36.5,40.2,8.46,89,,15.0,0.208
48,9,1,15,32.9,76.5,4.28,120,,15.0,0.251
99,16,0,9,65.8,24.4,7.47,81,85.4,15.0,0.211
11,20,0,10,58.2,83.9,3.72,38,84.6,16.9,0.232
60,12,0,11,15.4,37.6,6.69,100,73.6,15.0,0.21
18,16,0,7,17.3,53.2,4.27,36,85.3,15.0,0.15
75,10,0,8,67.9,94.2,5.56,83,75.4,15.0,0.194
8,10,0,9,51.9,68.1,6.72,44,77.9,15.1,0.15
70,13,0,15,97.4,64.6,6.12,57,89.7,15.0,0.219
27,15,0,12,71.1,71.2,6.03,66,83.6,15.0,0.203
77,11,1,12,10.9,91.8,2.46,81,78.5,15.1,0.228
94,20,1,8,53.3,24.9,3.74,30,81.6,15.3,0.228
51,21,1,14,47.3,61.3,6.0,111,81.5,15.0,0.272
82,22,0,17,19.6,40.0,2.13,10,84.5,16.3,0.15
15,13,0,8,93.1,1.2,3.75,99,71.3,15.5,0.15
68,13,1,15,82.5,12.5,3.6,61,82.3,15.0,0.201
98,14,0,16,30.7,32.5,3.75,63,81.2,15.0,0.19
11,7,0,17,33.0,56.5,5.75,116,74.6,15.0,0.235
24,20,0,14,12.9,88.1,6.07,36,86.6,15.0,0.205
51,23,0,12,36.7,79.1,8.36,54,82.1,15.0,0.229
84,8,0,8,62.6,55.3,4.7,97,80.2,15.0,0.15
99,22,0,18,47.9,7.4,8.49,65,89.1,15.0,0.199
52,9,0,13,97.2,28.6,6.56,82,,15.0,0.21
22,9,0,13,15.0,36.7,8.39,4,93.4,15.0,0.199
15,19,0,13,63.2,62.2,7.83,55,84.4,15.0,0.202
56,14,0,10,87.2,6.5,6.81,54,83.2,15.0,0.213
38,14,0,15,53.3,53.0,4.49,111,78.0,15.0,0.175
52,23,0,13,10.3,90.1,3.69,91,,15.9,0.192
41,15,0,8,31.9,70.5,3.56,89,79.9,15.0,0.199
57,9,0,10,39.1,79.7,8.67,64,90.9,15.0,0.21
38,17,0,7,96.9,68.2,8.71,119,76.8,15.0,0.215
13,13,0,12,92.1,20.7,7.07,92,77.5,15.0,0.213
94,7,0,9,95.4,11.0,8.19,117,76.5,15.0,0.213
4,18,1,16,84.3,82.9,8.43,22,92.8,15.0,0.231
34,21,0,11,41.6,69.6,5.58,106,80.7,15.0,0.188
86,7,0,7,91.5,57.5,6.4,25,82.1,15.0,0.187
92,16,0,14,98.4,18.9,4.93,81,76.5,15.0,0.222
74,15,0,8,41.5,60.3,4.93,59,79.4,15.8,0.203
17,20,0,7,33.5,3.1,2.27,57,70.7,15.0,0.151
75,22,0,13,59.2,11.9,5.04,54,86.0,15.0,0.247
8,13,1,12,26.8,31.2,6.71,44,88.9,15.0,0.211
73,23,0,16,12.9,44.4,4.95,52,82.7,15.0,0.219
57,14,0,8,95.1,12.1,8.11,76,,15.0,0.184
16,13,0,5,93.3,12.0,4.33,16,,15.0,0.224
6,19,1,15,24.6,72.6,2.93,101,74.4,15.1,0.251
45,23,0,5,46.7,57.0,7.68,16,84.4,15.0,0.211
12,17,1,19,84.8,53.4,6.72,81,,15.0,0.242
39,19,0,18,69.5,45.2,3.69,55,79.0,15.0,0.152
41,22,1,15,45.5,97.7,5.76,61,84.9,15.0,0.285
8,8,1,5,77.0,5.0,4.81,95,72.1,16.0,0.258
49,12,0,10,90.7,18.1,8.57,79,87.6,15.0,0.2
26,22,0,11,93.4,64.8,6.25,77,,16.2,0.224
65,17,0,19,44.1,13.6,3.11,40,81.0,16.3,0.162
4,14,0,11,25.6,58.9,5.52,91,,15.0,0.15
28,20,1,14,92.2,56.8,8.04,21,91.0,15.0,0.238
36,23,0,13,18.3,97.1,6.7,66,80.9,15.0,0.192
37,18,0,14,75.0,88.3,7.9,8,94.5,15.0,0.185
82,13,0,12,22.6,94.6,3.75,106,73.5,15.0,0.205
7,19,1,16,45.0,11.4,8.22,71,91.6,15.0,0.206
64,13,0,12,47.0,86.8,7.29,10,89.3,15.0,0.199
85,19,0,16,24.3,12.9,7.1,57,,15.0,0.179
16,12,0,11,93.0,63.3,4.43,4,86.8,15.0,0.213
70,17,1,13,10.2,72.0,8.21,43,88.3,15.0,0.239
88,16,0,12,90.4,16.1,6.47,105,76.4,15.0,0.237
44,16,0,11,89.5,63.3,7.96,100,84.7,15.0,0.16
3,18,0,9,38.5,5.2,4.53,99,76.9,15.0,0.217
35,23,0,14,73.4,29.3,3.02,63,79.3,20.8,0.238
69,7,0,10,32.8,92.1,4.33,43,82.6,15.0,0.192
30,20,1,9,78.3,17.2,5.19,67,83.2,15.0,0.237
18,23,1,15,60.5,6.5,5.73,82,87.0,15.0,0.223
60,20,0,10,37.0,44.4,5.58,51,78.8,15.0,0.216
53,17,1,12,46.0,85.1,5.82,110,79.3,15.0,0.288
38,18,0,12,72.1,7.7,7.89,56,89.4,15.0,0.273
90,16,1,2,91.5,35.6,3.19,43,82.2,15.0,0.203
73,10,1,6,21.8,90.0,4.21,24,80.5,15.0,0.182
89,6,0,16,61.4,11.8,8.22,96,84.2,15.0,0.245
18,8,1,19,32.8,31.1,5.92,34,90.1,15.0,0.197
38,12,0,16,82.1,77.8,6.08,59,80.8,15.0,0.199
66,17,0,14,16.3,54.3,5.35,2,87.7,15.0,0.179
44,20,0,12,72.0,83.2,5.84,2,83.8,15.5,0.262
12,10,0,15,25.7,11.2,3.39,10,84.3,15.0,0.231
91,20,1,7,63.7,92.1,5.83,23,82.8,15.0,0.259
57,13,1,15,85.2,93.5,8.98,15,95.4,15.0,0.262
19,15,0,12,78.0,15.5,5.96,118,75.8,15.0,0.191
91,21,1,16,77.8,3.4,2.31,76,79.0,15.3,0.23
71,13,1,10,56.6,99.0,7.58,107,85.8,15.0,0.291
60,6,0,15,90.2,48.2,4.78,17,86.2,15.0,0.208
38,17,0,17,62.9,57.2,3.08,82,84.3,15.0,0.221
0,10,0,14,92.6,61.6,8.04,14,92.2,15.0,0.157
2,8,0,15,59.2,79.0,3.39,81,,15.0,0.218
76,6,1,12,55.5,81.2,8.45,79,83.2,15.0,0.22
91,9,0,17,30.0,19.4,5.09,76,79.6,15.0,0.208
61,13,1,14,59.0,23.7,7.2,16,91.7,15.0,0.272
62,8,0,10,22.7,87.7,5.83,32,87.3,15.0,0.2
24,15,0,16,88.3,82.0,3.8,23,83.9,15.0,0.218
55,7,0,12,70.8,61.8,6.7,102,74.6,15.0,0.221
32,16,0,5,99.4,99.5,8.71,34,87.0,15.0,0.15
37,15,0,11,18.3,73.5,7.39,98,80.5,15.0,0.189
5,19,0,10,31.7,21.6,6.23,16,85.0,15.0,0.218
57,12,0,12,88.9,84.7,8.93,34,88.2,15.0,0.226
43,7,0,6,45.6,41.5,3.86,104,68.8,15.7,0.254
44,14,0,17,52.0,3.6,2.44,71,,15.0,0.195
31,21,1,15,87.5,32.1,2.22,33,,15.0,0.184
44,18,0,18,57.0,76.4,6.97,68,87.2,15.0,0.215
60,14,0,12,27.4,96.0,7.81,43,85.1,15.0,0.243
46,9,0,13,90.3,27.6,6.45,64,87.0,15.0,0.15
20,15,0,10,12.8,24.7,8.34,116,80.1,15.0,0.234
79,17,1,12,90.6,56.4,6.89,71,78.5,15.0,0.212
84,22,0,17,14.5,81.2,4.6,18,89.2,15.0,0.196
74,19,0,16,69.9,74.7,3.27,68,79.2,15.0,0.221
35,19,1,7,16.5,56.0,8.47,113,80.3,15.0,0.264
98,7,0,13,73.6,63.1,2.73,61,80.5,15.9,0.227
18,16,0,16,13.1,24.2,5.8,75,83.1,15.0,0.218
19,21,0,8,85.8,43.3,4.2,107,78.8,15.0,0.206
56,11,0,10,51.9,25.5,3.9,20,82.5,15.0,0.202
17,10,0,14,18.4,88.4,6.52,11,87.5,15.0,0.174
46,9,0,14,73.6,11.3,3.62,79,72.3,19.3,0.208
48,20,1,10,54.0,68.0,8.41,46,86.8,15.0,0.167
13,9,1,17,27.2,26.0,4.84,64,83.6,15.0,0.246
14,15,0,15,11.4,47.6,6.74,81,87.5,15.0,0.15
30,8,0,10,47.6,29.9,7.09,98,77.6,15.0,0.244
0,10,1,11,17.7,32.3,6.78,114,84.4,15.0,0.285
53,11,0,9,18.5,26.0,8.32,112,75.6,15.0,0.245
2,13,1,11,34.1,75.3,3.62,76,76.4,15.0,0.247
15,12,1,14,66.7,36.6,2.6,106,79.0,16.0,0.257
86,15,1,10,57.7,72.6,2.39,28,,15.2,0.197
56,11,0,7,16.2,45.6,8.14,48,87.5,15.0,0.162
74,19,0,9,97.2,54.7,8.81,35,85.6,15.0,0.211
11,9,0,8,89.8,54.3,4.12,8,80.4,15.0,0.164
73,18,1,14,33.3,97.6,6.85,91,85.9,15.0,0.241
95,22,0,9,21.0,36.7,2.06,22,77.1,16.9,0.188
15,12,1,10,94.8,20.8,3.32,118,72.7,16.6,0.216
71,9,0,14,51.5,91.2,6.82,24,,15.0,0.181
75,19,0,6,38.0,17.5,2.46,66,73.2,16.1,0.15
23,8,0,13,54.1,83.4,5.28,95,76.3,15.0,0.209
27,10,0,9,79.5,15.0,6.64,86,75.5,15.0,0.204
7,21,0,11,25.2,65.9,7.36,64,88.6,15.0,0.19
91,9,0,8,79.1,15.1,5.18,65,83.3,15.0,0.211
35,7,1,9,77.5,92.3,6.41,14,88.7,15.0,0.278
89,23,0,12,58.5,56.5,5.78,25,85.8,15.0,0.186
7,22,0,18,87.9,32.9,2.37,100,76.2,15.3,0.214
57,19,0,14,21.9,14.0,7.2,100,84.2,15.0,0.222
59,18,1,15,63.6,37.1,3.21,105,80.7,15.0,0.258
49,17,1,11,50.4,70.5,2.22,3,82.6,16.9,0.177
27,11,0,10,48.0,38.5,5.16,5,88.8,15.0,0.154
91,9,1,9,32.7,24.6,8.06,65,87.1,15.0,0.21
40,21,1,17,43.5,57.7,3.06,54,86.9,15.0,0.15
99,18,0,13,19.7,41.8,2.09,19,,15.0,0.188
63,9,0,12,32.6,16.6,2.77,97,72.4,16.5,0.169
26,22,0,10,34.5,15.4,4.55,106,74.9,16.0,0.213
62,6,0,13,74.9,70.7,6.06,54,81.8,15.0,0.15
16,23,1,10,14.4,97.5,3.35,94,82.7,15.0,0.209
72,22,0,12,68.6,23.3,7.61,76,82.8,15.0,0.209
32,20,1,9,29.9,77.3,7.27,10,91.8,15.0,0.203
83,16,0,17,17.4,8.8,6.87,98,83.1,15.0,0.251
76,18,0,11,37.1,38.2,5.41,16,84.9,15.0,0.17
91,6,0,10,30.2,50.7,4.56,104,72.3,15.0,0.22
28,22,0,13,59.7,26.9,4.63,46,,15.0,0.164
12,11,1,10,42.2,53.0,5.52,29,85.0,15.0,0.272
45,9,1,15,96.9,88.3,2.54,15,87.6,15.3,0.201
34,21,0,4,96.7,94.4,6.78,48,,15.0,0.217
5,20,0,10,49.9,10.1,4.46,11,83.2,15.0,0.206
81,20,0,14,81.6,27.2,3.57,108,75.9,15.0,0.239
68,11,0,22,11.2,97.9,3.95,34,87.7,15.5,0.204
46,20,0,8,59.3,27.0,3.26,36,,15.0,0.15
24,19,0,12,76.9,69.3,8.31,30,87.1,15.0,0.226
65,16,0,14,29.5,25.3,3.18,99,76.9,15.0,0.208
9,12,1,7,15.5,35.6,8.18,73,84.2,15.0,0.15
55,14,0,8,24.0,19.1,6.01,82,76.4,15.0,0.159
29,21,0,10,49.8,85.6,8.07,19,,15.0,0.23
4,10,0,7,55.6,88.3,5.32,103,75.5,15.0,0.246
32,15,0,12,44.3,29.7,8.49,68,79.7,15.0,0.227
64,23,0,13,49.6,82.4,3.48,70,78.2,15.0,0.221
17,8,1,15,52.3,35.8,5.88,115,80.3,15.0,0.248
95,18,1,12,79.2,9.9,2.88,33,88.0,15.0,0.202
48,16,0,12,19.5,75.8,5.13,96,77.8,15.0,0.204
10,22,0,15,79.2,59.6,5.99,80,,15.0,0.215
84,18,0,18,72.0,27.4,6.24,75,85.5,15.0,0.225
25,11,1,15,76.7,25.3,4.56,22,85.3,15.0,0.213
62,22,0,12,76.1,97.6,2.53,36,79.7,15.0,0.222
88,18,0,12,52.4,86.3,6.59,114,78.4,15.0,0.188
85,15,0,10,29.0,81.0,5.42,23,86.3,15.0,0.24
58,8,0,9,58.3,12.8,2.96,63,73.7,15.3,0.187
26,19,0,16,96.2,75.5,8.55,26,92.1,15.0,0.212
48,10,1,12,63.0,21.5,8.69,60,,15.0,0.236
76,10,0,14,11.0,97.7,8.0,95,84.3,15.0,0.233
32,22,0,15,15.4,5.2,7.91,93,83.5,15.0,0.212
97,15,0,16,99.4,35.2,2.69,5,,15.0,0.158
98,10,1,11,16.5,42.9,8.95,54,,15.0,0.259
0,9,1,13,14.1,82.4,4.8,38,,17.7,0.263
20,11,0,15,41.8,76.6,3.14,62,76.0,15.0,0.172
54,9,1,17,97.2,37.5,7.68,25,94.7,15.0,0.258
5,12,0,10,38.7,56.6,3.58,98,79.3,15.0,0.227
91,12,0,10,46.9,83.6,5.68,12,90.2,15.0,0.15
80,23,0,11,67.1,1.8,2.9,22,78.3,15.0,0.163
68,8,0,7,12.2,80.2,5.32,9,84.3,15.0,0.223
94,6,0,12,90.8,94.7,5.91,84,82.8,16.1,0.215
4,9,0,12,56.7,3.2,5.12,29,79.9,15.0,0.255
2,11,0,8,52.0,4.6,2.49,44,79.7,15.0,0.171
52,14,1,18,87.5,34.5,5.39,93,81.2,15.0,0.23
22,19,0,9,95.8,8.8,5.28,109,74.8,15.0,0.25
52,17,0,12,48.1,47.9,3.83,27,83.6,15.0,0.161
36,9,0,15,25.5,72.9,8.45,118,84.7,15.0,0.218
73,17,1,17,83.4,56.7,4.92,55,90.7,15.0,0.238
73,15,0,18,46.3,19.6,8.05,81,85.6,15.0,0.246
82,12,0,12,94.2,65.5,2.77,5,81.6,15.2,0.159
16,8,1,15,95.5,68.5,4.23,52,82.1,19.4,0.237
84,19,0,17,20.3,93.2,3.23,109,78.7,15.0,0.194
77,15,0,7,96.1,14.7,4.86,13,86.0,15.0,0.15
72,21,1,7,43.1,69.2,2.78,42,,15.0,0.187
0,21,0,11,68.2,91.1,5.09,15,86.5,15.0,0.15
50,15,0,22,13.1,50.2,4.48,79,84.5,15.0,0.191
44,18,0,16,90.0,36.2,3.56,18,,15.3,0.155
76,11,0,13,67.7,17.1,6.5,50,84.1,15.0,0.231
3,17,0,13,67.9,86.7,8.66,2,,15.0,0.21
61,14,0,15,91.2,39.4,3.45,87,78.3,15.0,0.247
64,18,0,17,55.8,92.5,6.98,107,80.6,15.0,0.199
31,9,0,8,46.9,84.8,7.2,13,90.0,15.0,0.194
33,16,1,8,88.0,37.7,5.49,107,75.4,15.0,0.204
91,23,0,5,76.8,57.4,8.28,68,82.9,15.0,0.188
94,16,0,12,95.4,2.7,8.76,47,84.4,15.0,0.21
71,9,1,10,94.6,26.3,4.54,118,72.3,15.0,0.299
38,23,0,13,44.4,71.0,6.56,119,78.8,15.0,0.23
25,6,0,15,50.2,67.8,6.64,89,79.5,15.0,0.218
33,12,1,16,33.0,35.3,4.83,75,82.4,15.0,0.267
53,11,0,10,69.5,80.9,4.22,50,83.3,15.0,0.206
2,20,0,6,42.8,23.6,8.54,112,78.2,15.0,0.218
49,23,1,11,80.7,46.1,7.53,106,85.2,15.0,0.259
11,16,0,17,20.9,47.3,2.8,12,82.8,15.0,0.182
64,20,0,7,20.5,34.1,2.84,13,,17.2,0.261
53,21,0,2,28.4,95.5,8.46,9,83.9,15.0,0.236
4,12,0,14,17.6,69.7,2.57,59,,15.0,0.181
93,15,0,14,65.8,53.9,6.82,117,80.9,15.0,0.241
93,17,1,7,23.3,51.1,3.59,45,80.1,15.0,0.228
56,19,0,12,24.4,15.9,2.25,102,75.9,15.0,0.199
16,10,1,20,11.3,37.2,2.42,70,83.9,16.9,0.237
46,23,0,12,80.4,67.3,4.61,107,75.6,15.0,0.184
22,10,1,13,83.1,92.5,2.54,115,77.9,15.0,0.207
78,8,1,17,24.6,81.6,6.18,43,89.9,15.0,0.282
84,10,0,15,76.6,30.0,6.53,74,82.4,15.5,0.222
13,22,0,10,49.0,43.4,4.61,23,84.2,15.0,0.166
65,17,0,14,31.6,8.3,7.2,79,83.9,16.0,0.211
74,14,0,9,65.9,10.2,5.43,45,,17.5,0.179
50,6,1,12,26.1,47.0,5.01,23,,15.0,0.248
37,23,1,8,78.1,53.0,4.85,104,78.3,15.0,0.21
63,9,0,15,14.3,26.4,5.02,101,80.5,15.0,0.209
97,15,0,7,96.3,64.3,8.78,34,,15.0,0.184
37,12,0,17,16.5,70.3,6.77,16,91.6,15.0,0.269
49,6,0,13,62.2,29.9,4.21,63,79.2,15.0,0.219
97,22,0,9,91.2,75.8,7.14,109,75.8,15.3,0.238
81,7,1,15,11.1,20.6,4.31,51,80.5,15.0,0.254
29,16,1,9,54.9,54.4,2.88,105,,15.0,0.215
78,14,0,13,41.5,80.4,5.33,111,75.6,15.0,0.261
90,12,0,8,62.2,53.7,7.26,32,90.1,15.0,0.189
50,22,0,8,30.3,90.8,4.64,38,85.1,15.0,0.234
62,22,0,16,15.8,5.9,8.08,104,82.1,15.0,0.22
97,7,0,11,66.3,58.8,4.71,56,,15.0,0.217
51,11,0,7,47.5,56.2,4.45,110,72.3,15.8,0.208
37,19,1,14,66.0,66.0,8.99,69,90.2,15.0,0.254
96,11,0,13,28.9,83.3,5.38,17,84.5,15.0,0.15
87,7,0,14,40.5,72.6,7.64,86,89.6,15.0,0.178
78,6,1,14,60.6,79.0,7.63,39,95.1,15.0,0.271
29,15,1,9,63.4,28.9,8.48,41,87.8,15.0,0.198
50,10,0,14,43.5,38.7,2.59,48,77.5,15.0,0.22
80,7,0,8,35.2,62.7,3.9,82,,15.0,0.269
4,21,0,12,34.6,55.3,7.37,28,84.7,15.0,0.227
28,7,1,14,25.7,96.1,5.94,77,85.8,15.0,0.296
3,15,1,10,39.3,18.7,5.92,50,,15.0,0.246
9,7,0,10,27.9,35.1,3.16,106,67.9,19.5,0.217
55,21,0,8,67.0,57.3,3.97,1,83.5,15.0,0.191
16,21,1,9,61.2,86.8,5.65,117,,15.0,0.235
73,12,0,14,44.4,92.9,3.94,50,81.8,15.0,0.189
16,17,0,13,39.3,33.6,3.47,19,83.7,15.0,0.17
83,20,0,10,31.4,6.7,2.61,98,69.0,18.8,0.215
87,13,0,14,58.2,42.2,3.09,59,,15.4,0.262
68,11,0,8,92.7,39.4,7.38,68,83.3,15.0,0.248
33,15,1,13,71.7,98.6,7.03,107,84.2,15.0,0.248
5,8,1,16,77.0,43.1,2.32,67,,15.7,0.242
52,22,0,10,85.1,30.6,3.42,41,81.6,15.0,0.181
65,12,0,8,41.6,36.5,5.92,10,86.0,15.0,0.232
76,9,0,12,15.7,39.7,4.26,28,82.6,15.0,0.15
42,19,0,12,66.0,82.2,7.76,34,,15.0,0.262
74,20,0,10,27.0,8.1,7.49,39,83.5,15.0,0.194
22,13,1,6,61.2,31.7,8.24,111,79.7,15.0,0.233
54,20,0,10,76.6,96.6,5.94,83,74.8,15.0,0.179
79,19,0,10,80.5,15.3,4.46,106,74.8,15.0,0.209
94,14,0,16,37.2,74.3,6.24,56,,15.0,0.181
74,13,1,8,56.1,35.6,2.62,52,77.2,16.6,0.247
15,22,1,13,65.9,58.2,2.07,110,78.8,15.0,0.235
7,7,1,8,83.8,10.0,2.12,100,71.3,18.5,0.199
3,8,1,8,78.5,30.6,4.85,107,72.4,15.5,0.212
3,13,0,12,98.9,50.1,3.6,3,86.5,15.0,0.16
55,17,0,14,10.7,23.2,3.1,23,84.5,15.0,0.155
24,6,0,8,49.4,54.2,6.31,17,91.7,15.0,0.172
66,15,0,12,33.0,22.0,8.97,71,83.0,15.0,0.201
95,8,0,11,20.8,65.0,3.24,26,,15.0,0.218
66,11,0,11,92.0,90.4,5.82,107,78.0,15.0,0.196
26,12,0,12,99.8,8.5,2.84,18,85.0,15.0,0.194
92,23,0,21,26.3,21.7,8.54,110,88.2,15.0,0.249
31,16,0,13,13.5,84.4,4.04,46,80.7,15.0,0.15
49,10,1,17,34.8,63.2,8.15,70,85.7,15.0,0.277
60,16,0,10,85.1,7.9,3.98,31,82.6,15.0,0.15
50,17,0,10,36.5,48.6,7.64,93,82.0,15.0,0.189
18,15,0,13,15.1,21.0,3.47,9,86.3,15.0,0.201
20,13,0,16,14.7,19.9,4.05,118,74.8,15.0,0.218
4,14,0,12,48.5,94.1,3.35,35,,15.0,0.176
81,9,0,6,93.9,76.2,3.85,81,69.2,19.1,0.15
91,10,0,14,35.7,69.6,7.84,60,82.9,15.0,0.251
41,13,0,14,48.4,23.9,6.47,76,85.3,15.0,0.22
60,14,0,18,19.2,11.9,4.84,63,84.0,15.0,0.18
21,20,0,14,54.4,87.1,8.8,100,85.6,15.0,0.195
20,20,0,9,72.7,0.6,5.25,52,79.4,15.0,0.23
69,21,0,13,34.4,38.8,8.79,48,86.8,15.0,0.228
0,19,0,11,36.7,27.8,3.38,61,77.1,15.2,0.153
4,13,0,23,85.8,57.0,8.33,24,95.7,15.0,0.197
11,23,0,15,10.9,25.1,2.1,74,,19.9,0.247
89,15,0,14,67.3,31.1,5.82,58,82.8,15.0,0.237
45,11,0,17,45.4,85.0,4.96,64,77.9,15.0,0.217
33,17,0,8,36.9,60.3,5.68,30,84.4,15.0,0.191
48,7,1,15,69.2,14.6,5.87,29,89.3,15.0,0.161
77,12,1,10,85.1,72.6,4.72,103,78.6,15.0,0.268
89,21,1,10,60.3,20.7,8.99,10,96.1,15.0,0.213
44,8,0,18,12.8,43.3,8.84,39,93.8,15.0,0.192
26,18,0,14,51.5,64.7,8.73,55,92.5,15.0,0.232
72,8,0,16,51.6,27.2,8.85,28,91.7,15.0,0.197
25,23,0,9,58.9,38.4,7.55,18,87.0,15.0,0.15
46,16,0,16,70.4,73.4,8.92,41,94.0,15.0,0.225
85,13,0,11,11.7,93.8,8.25,118,82.2,15.0,0.175
55,11,1,3,55.2,52.9,4.91,114,72.1,15.0,0.227
93,6,0,10,62.9,1.0,7.49,81,84.4,15.0,0.218
62,6,1,15,40.9,33.8,8.38,75,87.8,15.0,0.24
47,13,0,11,70.2,39.9,6.99,65,,15.0,0.194
60,10,0,19,30.5,33.9,4.96,81,87.3,15.0,0.249
80,21,0,7,38.6,43.6,2.46,100,79.2,15.0,0.222
25,16,0,12,96.6,63.3,7.67,100,81.3,15.0,0.192
35,10,1,12,41.3,12.1,8.67,46,93.9,15.0,0.214
0,9,0,14,41.2,27.3,4.54,60,83.5,15.0,0.18
7,11,0,9,63.6,50.8,3.06,9,84.3,15.0,0.172
98,19,1,16,97.4,31.6,4.29,45,87.1,15.0,0.219
51,14,0,13,98.5,99.1,6.08,60,86.0,15.0,0.252
78,17,1,10,62.2,43.1,4.22,28,80.1,16.0,0.217
46,16,0,10,10.1,87.0,6.27,112,76.8,15.0,0.183
55,19,0,9,91.1,89.7,8.77,97,79.9,15.0,0.207
85,21,0,13,61.3,83.6,6.7,3,88.1,15.0,0.212
13,6,0,10,42.9,4.7,4.54,51,75.4,15.0,0.196
89,18,0,12,84.6,94.8,8.55,8,90.2,15.0,0.218
27,18,0,15,46.0,12.9,5.96,114,,15.0,0.212
86,7,1,14,13.1,3.4,2.9,70,79.9,15.0,0.243
77,9,1,14,83.9,41.4,5.49,59,84.5,15.0,0.229
87,11,0,11,59.1,19.5,6.58,116,,15.0,0.175
1,10,0,16,40.4,18.4,7.87,61,84.2,15.0,0.214
25,8,0,16,32.6,28.8,8.56,58,82.3,15.0,0.299
13,6,0,9,63.4,24.8,4.22,70,,15.0,0.231
58,9,0,10,28.7,68.5,3.09,93,73.4,15.0,0.162
55,7,0,15,39.1,18.7,2.52,101,,15.0,0.256
6,10,0,13,67.3,54.3,7.17,12,,15.0,0.211
2,8,0,12,89.3,98.6,7.57,9,92.3,15.0,0.183
22,14,1,13,58.0,43.2,4.87,105,77.5,15.0,0.23
17,11,0,8,78.3,64.2,4.77,49,,15.0,0.2
37,23,0,10,78.7,96.9,8.68,83,89.0,15.0,0.24
98,11,0,11,69.8,13.8,8.42,17,91.8,15.0,0.208
14,17,0,11,32.1,41.9,3.63,54,79.1,15.0,0.202
63,16,0,13,88.0,85.0,7.47,112,72.8,15.0,0.274
88,7,0,12,49.3,93.2,6.36,44,83.5,15.0,0.194
27,20,1,18,14.0,60.1,3.08,32,86.3,15.0,0.227
73,17,0,7,32.0,14.3,4.5,35,84.9,15.0,0.192
38,17,0,4,78.9,90.1,3.24,78,,17.6,0.202
56,14,1,9,16.2,17.4,4.07,49,85.9,15.0,0.222
16,7,1,13,23.3,35.3,6.31,54,86.9,15.0,0.21
85,8,0,12,72.5,37.6,4.63,16,80.8,15.0,0.228
89,17,0,15,90.3,44.7,4.76,85,82.6,15.0,0.185
43,21,0,17,67.0,79.0,5.78,12,89.3,15.0,0.214
24,6,0,8,30.0,80.2,2.61,88,67.1,16.0,0.208
16,8,0,14,14.8,72.0,7.17,98,79.7,15.0,0.203
12,7,0,16,65.4,2.2,4.81,8,88.2,15.0,0.242
83,14,0,16,14.3,56.5,5.36,108,78.9,15.4,0.267
24,20,0,10,65.1,74.7,8.82,21,,15.0,0.175
67,23,0,16,30.3,44.5,4.41,48,,15.0,0.216
9,16,0,15,91.4,94.5,6.54,8,86.9,15.0,0.203
66,21,0,19,52.8,82.4,4.75,28,87.8,15.0,0.179
17,22,0,10,30.2,63.8,8.26,80,81.7,15.0,0.23
99,10,0,18,86.8,6.2,7.93,10,89.4,15.0,0.243
85,17,0,13,32.9,65.2,3.69,52,80.4,18.5,0.199
33,16,0,15,37.6,91.2,6.84,15,91.2,15.0,0.189
7,20,0,9,85.1,37.9,2.46,4,83.2,15.5,0.211
39,8,0,13,37.8,83.8,8.74,90,82.5,15.0,0.269
82,6,0,13,46.9,31.3,4.44,79,75.2,15.0,0.189
41,21,1,8,41.3,57.0,7.82,100,79.9,15.0,0.248
40,7,1,13,20.5,64.8,4.23,96,72.7,15.0,0.196
5,7,0,12,13.5,67.8,6.43,62,78.9,15.0,0.24
51,8,0,17,75.2,88.3,8.89,107,80.9,15.0,0.28
25,13,0,14,68.1,23.5,8.14,102,85.0,15.0,0.232
63,20,0,14,35.4,26.2,3.12,4,87.8,15.0,0.15
97,12,0,10,36.6,70.4,5.83,41,89.4,15.0,0.234
58,11,1,12,95.1,17.7,4.44,73,81.4,15.0,0.286
55,14,0,6,98.9,46.4,5.04,99,72.7,15.0,0.192
58,6,0,11,52.6,2.0,4.35,55,79.5,15.0,0.21
69,13,1,13,82.2,14.1,4.35,28,85.1,15.0,0.244
32,8,1,8,76.3,67.9,5.8,101,75.8,15.0,0.262
52,9,1,8,36.8,74.7,3.34,47,80.4,15.0,0.212
21,20,0,5,15.3,11.5,5.76,9,84.8,15.0,0.238
20,11,0,8,22.8,22.8,3.95,2,82.8,15.0,0.15
69,20,0,5,85.4,9.9,4.02,67,74.9,15.0,0.15
69,8,0,14,75.8,43.3,7.17,117,81.1,15.0,0.22
3,19,0,15,69.8,12.6,2.21,108,72.2,15.0,0.256
93,19,0,21,21.8,43.7,4.67,48,85.4,15.0,0.243
74,9,1,10,67.6,73.2,4.85,69,82.0,15.0,0.178
61,17,0,13,79.5,68.3,5.4,74,84.0,15.0,0.285
61,22,0,14,87.5,28.0,6.68,28,91.2,15.0,0.213
93,12,0,8,11.2,67.4,4.59,79,75.6,15.0,0.165
94,14,0,11,71.6,92.8,3.49,14,79.0,15.7,0.188
23,8,0,7,11.7,34.8,8.19,46,83.4,15.0,0.238
54,18,0,12,73.6,32.9,8.87,87,84.6,15.0,0.26
8,20,0,13,67.2,57.1,2.14,13,79.0,17.3,0.183
2,23,1,12,23.4,24.6,5.83,16,88.5,15.0,0.237
30,6,0,16,79.0,65.2,4.39,94,81.8,15.0,0.199
39,11,1,10,16.2,83.2,3.94,40,82.6,15.0,0.213
35,7,0,16,84.4,45.9,4.35,72,78.7,15.1,0.23
23,19,0,18,33.6,68.0,6.47,81,84.6,15.0,0.26
94,11,0,15,72.0,65.2,3.34,30,83.1,15.0,0.156
5,19,0,15,93.1,3.9,8.39,81,84.7,15.0,0.218
65,9,0,18,40.6,18.3,5.26,99,,15.0,0.194
83,13,0,10,55.3,89.4,4.28,65,72.9,15.2,0.177
91,8,1,10,51.7,93.9,7.36,113,,15.2,0.212
74,19,1,11,24.2,78.0,2.11,58,77.0,15.0,0.215
3,22,0,12,63.1,92.1,5.02,88,82.0,15.0,0.166
78,13,1,11,76.9,30.6,4.49,48,79.0,15.0,0.195
5,19,0,20,92.5,24.8,4.37,49,88.4,15.0,0.192
93,11,1,19,86.6,38.4,4.36,89,80.1,15.0,0.213
50,21,0,8,55.9,5.5,2.22,2,82.2,15.0,0.184
61,19,0,14,74.7,81.0,3.06,89,,18.9,0.187
56,8,1,9,82.1,98.4,2.99,14,86.1,15.0,0.163
65,15,0,11,54.4,82.4,8.92,103,81.6,15.0,0.296
78,14,1,10,20.4,55.5,2.16,115,70.1,15.0,0.163
74,18,0,12,49.4,29.5,3.17,97,79.1,15.0,0.216
7,12,0,9,85.8,19.8,8.82,17,88.6,15.0,0.218
25,19,0,13,63.7,36.4,6.4,31,88.4,15.0,0.184
50,14,0,12,75.2,66.7,5.15,10,89.0,15.0,0.158
44,20,0,13,26.7,44.7,2.55,70,74.7,19.4,0.249
43,19,1,14,96.8,93.4,6.69,103,83.9,15.0,0.305
4,11,0,12,46.4,85.4,2.96,89,76.5,15.0,0.185
69,9,1,13,68.8,10.2,6.7,102,76.9,15.0,0.24
25,13,1,18,11.7,13.2,8.85,37,,15.0,0.278
67,22,0,11,21.5,67.6,5.72,64,80.8,17.6,0.197
18,14,1,11,80.4,23.1,3.5,30,88.1,15.0,0.22
83,6,1,16,97.1,79.1,6.38,34,91.8,15.0,0.244
96,19,1,12,38.8,59.1,5.59,18,89.8,15.4,0.218
19,16,1,9,13.3,23.0,5.73,88,73.8,15.0,0.249
11,8,1,16,42.5,47.9,5.35,63,86.2,15.0,0.242
46,14,0,11,11.6,40.6,6.72,49,,15.0,0.177
0,19,0,14,27.3,87.3,6.0,56,86.9,15.0,0.18
89,14,1,9,77.7,3.2,8.91,91,,15.0,0.255
13,9,0,7,94.3,89.6,7.78,58,,15.0,0.197
63,9,0,9,17.9,65.2,3.85,27,79.4,15.0,0.272
37,13,0,12,60.2,73.8,7.08,55,83.4,15.0,0.215
36,7,1,13,32.8,0.3,3.5,103,72.5,15.0,0.186
10,14,0,11,22.5,62.8,7.48,85,78.1,15.0,0.15
99,19,1,11,29.7,58.8,3.03,19,83.0,15.4,0.234
76,14,0,8,62.0,53.7,5.31,103,79.8,15.0,0.201
2,21,0,13,15.9,78.6,7.53,23,91.7,15.0,0.243
32,22,0,15,49.1,55.6,3.96,103,79.7,15.0,0.182
5,21,0,13,22.2,85.7,7.86,112,84.8,15.0,0.213
49,17,0,9,34.5,23.3,6.51,108,78.0,15.0,0.22
9,8,1,11,27.2,80.6,4.78,47,81.7,15.0,0.221
4,16,1,6,89.5,17.9,4.96,79,76.9,15.0,0.219
22,19,0,13,73.7,81.3,8.48,107,79.9,15.0,0.253
9,23,0,14,88.2,94.0,3.52,66,82.4,15.0,0.166
43,10,1,19,44.5,33.6,6.85,99,82.3,15.0,0.272
1,21,1,13,38.2,53.0,6.95,51,,15.0,0.276
12,10,0,9,44.3,65.8,8.46,84,79.3,15.0,0.273
39,8,0,14,11.7,7.9,6.99,28,,15.0,0.15
1,17,0,11,75.2,49.4,6.09,57,86.3,15.0,0.181
83,6,1,11,41.5,36.1,8.32,58,89.0,15.0,0.246
64,14,0,12,38.2,87.2,7.8,15,94.6,15.0,0.233
62,14,0,10,63.8,87.7,7.02,16,86.8,15.0,0.206
72,9,0,16,49.3,70.1,2.23,97,75.2,16.6,0.238
16,8,1,15,98.3,65.6,4.61,47,85.5,15.0,0.205
8,22,0,14,42.1,73.4,6.42,63,86.3,15.0,0.215
74,7,0,14,65.3,36.6,5.66,12,81.9,15.0,0.218
14,6,0,15,38.0,40.5,4.24,103,76.2,15.0,0.25
23,13,0,12,99.2,55.4,3.01,103,76.2,16.4,0.222
37,18,0,7,50.1,93.8,5.87,43,80.7,15.0,0.218
34,20,1,23,67.1,72.4,4.0,84,91.0,15.0,0.251
93,13,1,10,21.4,55.1,3.63,29,83.4,15.0,0.175
94,17,1,13,76.0,77.0,4.79,107,80.2,15.0,0.227
48,17,1,13,34.2,37.1,7.5,49,93.2,15.0,0.197
68,19,0,7,50.4,73.0,5.41,3,85.6,15.0,0.164
61,20,1,14,89.5,41.1,3.52,112,81.7,15.0,0.217
59,20,0,8,97.3,28.0,2.82,69,77.1,15.0,0.15
49,14,0,15,48.2,61.0,5.49,60,85.0,15.0,0.198
77,13,1,10,85.1,68.7,7.56,66,82.5,15.0,0.219
74,11,0,6,14.8,45.9,6.57,87,80.8,15.2,0.168
8,9,0,15,86.3,56.6,3.63,90,75.3,15.0,0.211
33,12,0,17,66.7,69.4,5.06,26,86.3,15.0,0.189
75,9,0,9,54.0,76.8,7.99,71,86.3,15.0,0.216
98,17,0,9,90.1,89.6,3.24,74,74.6,15.0,0.174
34,18,1,10,86.1,35.5,5.72,69,83.5,15.0,0.221
0,8,1,15,36.7,95.1,4.49,47,84.5,15.0,0.3
39,17,0,15,81.2,63.7,2.87,76,77.9,15.0,0.216
63,7,0,10,19.0,78.8,2.35,96,71.5,15.0,0.17
21,7,0,10,84.0,70.0,5.89,42,79.6,15.0,0.243
59,14,1,10,70.8,20.6,2.15,31,82.3,15.0,0.249
63,6,0,18,17.9,7.1,2.72,22,85.8,15.0,0.204
92,13,0,13,71.5,72.6,4.43,17,83.1,15.0,0.171
71,11,0,10,62.2,51.1,2.3,84,72.0,15.0,0.225
10,11,0,15,63.5,70.2,4.8,20,88.7,15.0,0.173
13,23,0,7,36.2,47.7,2.91,107,70.7,15.0,0.236
59,22,1,16,34.0,31.2,4.45,8,90.3,15.0,0.209
29,17,0,12,78.6,28.5,7.54,111,77.3,15.0,0.219
34,11,0,10,33.1,73.1,6.38,98,77.9,15.0,0.229
84,13,0,9,50.2,27.7,5.12,49,78.1,15.0,0.243
36,15,1,9,72.5,71.5,2.64,87,73.5,15.2,0.293
4,6,0,10,17.2,38.4,6.33,38,81.4,15.0,0.206
82,18,0,11,63.5,77.1,3.15,53,81.3,15.0,0.172
77,22,0,9,63.0,14.3,2.54,28,75.7,17.2,0.162
25,8,0,11,71.6,20.5,6.65,77,81.7,15.0,0.165
61,13,1,15,43.3,68.6,8.38,29,91.9,15.0,0.21
3,19,0,16,50.4,56.0,5.22,72,86.7,15.0,0.206
88,8,1,5,39.7,20.4,2.29,11,82.3,17.8,0.225
41,21,0,7,82.7,90.3,8.16,47,,15.0,0.186
88,18,1,15,21.8,27.6,2.47,45,80.8,15.0,0.242
17,22,0,12,96.7,42.1,8.07,18,90.4,15.0,0.179
39,18,1,11,67.1,20.2,4.74,50,81.7,15.0,0.203
71,11,0,14,89.8,38.8,4.56,89,81.0,15.0,0.169
38,22,0,10,48.4,49.2,5.8,49,83.5,16.7,0.237
13,19,1,13,39.9,29.5,8.7,22,92.7,15.0,0.285
31,22,0,16,91.1,76.9,8.29,45,,15.0,0.187
50,13,0,11,18.9,39.4,5.29,61,77.2,15.0,0.184
37,16,0,19,20.5,73.0,6.87,99,82.8,15.0,0.244
96,6,0,16,36.9,20.7,6.06,93,81.5,15.0,0.268
22,12,0,9,96.4,37.7,6.85,21,85.6,15.0,0.247
62,22,0,14,67.0,0.8,7.81,120,71.6,15.0,0.233
14,15,0,10,59.9,75.9,2.24,71,,15.0,0.181
96,16,1,13,73.5,62.6,4.28,61,84.0,17.1,0.184
24,14,0,20,47.6,81.8,8.72,76,,15.0,0.223
16,14,1,15,78.2,45.6,8.65,36,85.8,15.0,0.257
96,10,1,17,45.4,80.0,2.08,24,82.4,15.0,0.176
65,22,0,12,84.4,64.8,3.41,32,,15.0,0.171
77,14,0,16,34.1,0.4,8.96,91,85.5,15.0,0.236
52,22,0,9,35.0,25.4,5.45,96,71.3,15.3,0.171
50,12,0,9,57.0,49.4,6.01,59,81.6,15.0,0.215
38,14,1,7,48.8,61.9,3.16,96,77.2,15.0,0.244
50,12,0,18,68.3,6.6,8.26,96,88.0,15.0,0.241
69,18,0,15,42.8,70.5,3.62,90,81.4,15.0,0.181
5,16,0,9,30.7,54.4,3.33,75,,15.0,0.235
66,19,0,15,52.3,52.6,3.6,110,78.4,15.0,0.243
6,16,0,21,60.5,29.2,8.44,82,85.8,15.0,0.245
50,18,0,8,22.8,59.5,6.92,103,80.2,15.0,0.213
71,19,1,14,60.1,2.7,7.38,5,91.2,15.0,0.214
41,18,0,15,38.7,6.5,4.64,16,87.7,15.0,0.178
63,6,0,12,45.3,73.4,8.36,11,95.0,15.0,0.23
14,13,1,15,35.1,32.2,7.53,118,85.2,15.0,0.303
28,17,0,16,93.8,34.7,7.25,35,86.3,15.0,0.203
32,17,1,7,71.5,20.8,8.8,112,77.8,15.0,0.25
93,13,1,16,33.6,44.6,4.56,75,85.1,15.0,0.208
26,13,1,12,68.1,5.2,6.28,42,90.6,15.0,0.208
35,18,1,13,86.4,30.0,8.37,87,87.4,15.0,0.207
28,17,0,15,46.1,52.7,7.54,119,79.1,15.0,0.242
37,21,1,10,84.7,46.6,5.94,98,80.3,15.0,0.197
56,6,0,14,23.9,100.0,2.53,112,73.9,18.8,0.184
96,18,1,17,84.1,38.9,6.57,81,85.8,15.0,0.241
26,12,1,11,58.6,38.7,5.69,10,85.6,15.0,0.185
54,10,1,12,30.1,50.4,3.29,82,81.2,15.0,0.194
32,13,1,7,46.6,19.0,8.18,108,86.0,15.0,0.2
67,19,0,15,98.9,87.6,4.4,8,91.5,15.0,0.214
85,18,1,9,80.5,57.2,4.71,26,78.3,15.1,0.27
65,20,0,7,61.8,19.2,6.71,3,,15.0,0.16
9,22,1,12,20.4,79.3,5.42,59,86.1,15.0,0.306
4,20,0,7,47.6,3.4,2.62,116,,15.0,0.171
73,23,0,13,33.7,98.3,4.71,88,73.2,15.0,0.203
96,23,0,12,16.4,86.5,2.66,3,83.6,15.0,0.193
37,7,0,19,58.8,58.0,3.34,38,84.8,15.0,0.213
12,9,1,13,90.0,11.1,2.05,2,81.2,15.0,0.2
30,6,0,8,70.8,21.5,3.27,99,75.7,15.0,0.223
46,9,0,7,32.5,27.9,4.31,17,85.1,15.0,0.213
99,23,0,17,61.6,24.1,5.77,73,85.6,15.0,0.207
87,10,1,12,94.9,49.8,8.43,36,86.2,15.0,0.241
51,20,0,10,75.1,94.5,5.78,86,78.3,16.1,0.189
55,13,0,14,72.1,44.4,6.94,95,83.5,15.0,0.183
14,22,0,9,97.1,66.2,4.5,119,75.5,15.0,0.177
28,6,0,15,81.9,68.9,7.26,98,79.5,15.0,0.243
7,17,0,14,22.3,87.2,6.34,88,79.8,15.0,0.217
4,20,0,14,41.3,3.4,5.22,73,,15.0,0.202
28,14,0,18,96.9,40.4,3.36,110,75.7,17.4,0.194
46,12,1,11,54.1,78.5,4.12,107,74.9,15.0,0.218
67,7,1,12,20.0,81.5,6.35,2,88.4,15.0,0.224
75,14,0,14,51.3,92.7,4.98,85,79.1,15.0,0.205
44,15,1,7,72.7,70.3,8.23,34,88.1,15.0,0.23
1,7,0,18,99.8,24.5,3.64,27,88.1,15.0,0.175
26,16,0,8,39.2,50.6,2.51,37,72.4,18.2,0.171
94,18,0,10,56.3,3.2,6.13,71,84.6,15.0,0.198
35,15,0,15,89.2,64.7,8.2,22,88.9,15.0,0.234
35,19,0,12,42.0,55.4,4.55,68,85.5,15.0,0.173
25,23,0,7,19.8,66.7,6.53,14,88.2,15.0,0.15
42,14,0,7,95.4,93.0,3.62,98,74.3,15.0,0.152
26,12,1,14,54.0,68.7,5.91,23,88.6,15.0,0.259
68,8,0,11,55.3,32.0,7.51,44,91.7,15.0,0.226
19,11,0,10,65.9,19.9,8.07,106,79.7,15.0,0.241
10,7,0,14,10.3,85.5,2.74,89,79.8,15.0,0.205
73,11,0,7,93.8,19.4,4.49,65,75.3,15.0,0.228
37,8,0,7,42.5,16.2,6.48,115,77.0,15.0,0.199
5,21,0,9,45.7,20.7,2.24,119,75.7,15.0,0.188
71,13,1,12,25.7,50.9,6.83,112,77.9,15.0,0.227
22,7,0,13,44.0,12.4,5.7,79,81.7,15.0,0.201
46,22,0,12,82.4,93.8,4.02,96,74.5,15.9,0.263
89,14,0,12,82.0,96.6,7.7,78,84.5,15.0,0.189
45,17,0,17,94.2,97.4,4.03,105,83.4,15.0,0.164
11,8,0,8,46.3,3.9,8.94,61,81.6,15.0,0.215
89,16,0,8,73.8,94.6,7.71,85,81.2,15.0,0.2
12,6,0,8,55.7,99.7,6.96,55,,15.0,0.218
61,18,0,11,82.4,94.2,2.43,111,71.5,15.0,0.222
81,20,0,15,74.1,67.1,8.33,71,88.7,15.0,0.205
88,10,0,12,43.1,70.1,7.53,100,79.6,15.0,0.285
96,22,0,14,40.3,12.2,3.6,85,,15.0,0.227
59,11,0,12,32.7,87.4,4.75,50,82.9,15.0,0.172
42,16,0,7,61.9,6.0,3.88,104,,15.9,0.204
75,23,0,13,96.7,31.8,8.89,12,93.9,15.0,0.222
99,9,0,11,28.0,99.1,7.98,79,87.1,15.0,0.184
67,8,0,8,18.6,42.2,8.51,15,90.0,15.0,0.15
4,18,0,7,20.7,13.1,7.52,17,87.7,15.0,0.253
36,14,0,10,80.5,96.9,5.19,34,82.0,15.0,0.163
71,11,1,14,41.5,98.4,3.44,108,76.4,15.6,0.258
91,17,0,14,30.2,18.7,3.46,35,82.4,15.0,0.211
30,7,1,7,41.8,86.5,3.06,39,71.9,18.1,0.199
8,8,0,11,68.1,39.0,5.83,102,,15.0,0.268
50,8,0,13,59.2,38.1,8.44,78,87.5,15.0,0.217
28,17,0,10,76.9,26.3,8.94,55,,15.0,0.223
77,20,0,10,40.5,4.5,4.01,59,79.8,15.0,0.15
39,14,0,13,50.7,26.8,6.88,5,90.9,15.0,0.15
40,13,0,7,19.2,5.4,6.18,30,85.6,15.0,0.182
85,16,0,17,16.6,92.4,5.42,4,89.9,15.0,0.235
10,21,0,16,51.6,66.2,6.66,15,92.2,15.0,0.15
22,9,1,10,37.1,88.7,4.6,103,73.3,15.0,0.243
0,6,1,12,65.2,71.7,8.61,35,87.4,15.0,0.247
45,12,0,10,13.9,13.1,6.94,109,79.2,15.0,0.252
20,7,0,13,21.0,94.1,7.28,74,82.4,15.0,0.247
89,10,0,16,87.9,90.0,3.7,55,76.5,17.4,0.212
35,12,0,5,61.0,34.8,3.18,66,,15.0,0.181
53,9,0,14,74.1,11.2,4.76,108,72.7,15.0,0.198
86,10,1,12,85.8,70.4,7.37,60,94.4,15.0,0.187
56,6,0,10,51.7,72.8,8.57,24,,15.0,0.203
0,6,0,12,78.5,89.7,4.99,92,77.4,15.0,0.174
62,20,0,10,57.2,5.3,7.42,22,,15.0,0.204
53,15,1,13,30.0,14.2,5.29,44,88.4,15.0,0.219
54,23,0,16,40.4,59.8,4.07,32,84.0,15.0,0.188
39,8,0,14,54.1,61.9,7.17,95,84.4,15.0,0.217
14,16,1,10,38.5,3.4,7.59,83,,15.0,0.222
20,20,0,20,40.2,39.7,3.42,51,80.8,15.2,0.231
46,16,1,8,40.4,58.4,4.14,85,75.2,15.0,0.234
72,22,0,13,21.1,73.8,5.46,3,87.5,15.0,0.179
52,22,1,9,17.6,31.6,3.31,70,78.4,15.0,0.182
8,11,0,11,14.2,48.4,8.5,32,,15.0,0.209
73,10,0,10,20.0,81.4,6.14,2,89.4,15.0,0.222
51,13,1,16,40.9,95.4,2.85,88,79.6,15.0,0.243
56,7,0,5,63.4,23.0,3.29,109,67.7,16.2,0.222
25,21,0,12,26.9,25.3,8.68,59,84.5,15.0,0.243
40,17,0,17,89.9,94.0,7.17,91,,15.3,0.263
34,11,0,8,82.8,39.6,7.14,73,81.7,15.0,0.233
62,6,0,11,56.8,71.8,2.51,77,74.0,16.1,0.198
24,9,0,11,75.2,61.2,8.27,119,,15.0,0.202
89,22,0,9,43.0,28.6,5.11,14,84.9,18.0,0.214
74,18,0,4,13.3,65.4,6.62,51,81.2,15.0,0.15
37,23,0,12,91.4,65.6,8.72,11,86.9,15.0,0.255
1,10,0,8,21.5,59.2,2.7,78,69.5,16.5,0.219
6,8,1,14,95.3,10.0,5.38,80,78.8,15.0,0.291
81,16,1,6,61.5,99.5,2.35,10,79.6,15.0,0.167
90,18,1,5,37.5,40.0,5.5,84,73.7,15.0,0.269
33,9,0,9,54.6,63.8,3.77,80,71.9,15.0,0.223
90,19,0,10,55.1,88.6,8.38,58,87.6,15.0,0.19
16,16,0,13,12.1,42.3,4.79,34,81.3,16.0,0.196
42,15,0,15,42.0,77.4,6.44,80,82.6,15.0,0.208
58,23,0,16,76.6,97.2,8.02,78,88.3,15.0,0.206
50,11,0,15,55.9,35.9,8.89,53,91.7,15.0,0.174
53,20,0,15,32.0,40.5,5.53,28,87.8,15.0,0.232
23,15,1,7,40.2,90.6,5.19,18,86.1,15.0,0.183
24,10,0,6,87.7,16.0,2.53,26,,17.0,0.15
70,10,0,5,57.3,2.9,2.09,102,69.9,15.7,0.222
51,15,0,17,57.6,90.9,6.26,7,93.9,15.0,0.152
69,10,0,14,96.5,82.2,2.46,45,73.0,15.0,0.193
87,8,1,15,38.9,97.3,4.66,98,79.5,15.0,0.207
32,11,0,11,53.2,5.8,2.03,111,70.9,17.7,0.245
48,9,0,7,83.1,15.6,6.31,113,74.5,15.0,0.247
28,23,0,10,78.3,10.5,4.98,45,82.6,15.0,0.168
62,14,0,17,33.9,68.3,2.89,71,78.0,15.8,0.171
21,22,0,10,23.6,60.6,4.07,97,77.9,15.0,0.219
25,18,1,7,73.1,35.9,5.99,35,83.2,15.0,0.236
27,20,1,17,33.2,5.7,6.6,52,88.5,15.0,0.227
84,22,1,14,93.0,64.0,5.24,114,,15.0,0.217
48,18,0,15,21.6,57.0,7.63,103,86.4,15.0,0.209
70,21,1,11,38.6,11.3,2.79,21,84.1,15.0,0.233
80,9,0,4,14.9,90.9,2.59,113,65.8,15.0,0.243
83,10,0,11,73.3,19.9,2.31,28,74.5,15.0,0.246
48,10,0,9,90.2,74.4,5.75,96,76.4,15.0,0.187
19,14,0,8,67.2,88.5,6.94,44,85.0,15.0,0.2
85,22,0,15,94.4,57.9,2.91,80,75.9,15.0,0.242
91,18,1,7,21.6,24.7,6.47,56,83.4,15.0,0.2
62,7,0,14,17.9,30.9,5.34,10,86.0,15.0,0.177
60,18,0,11,85.5,88.6,8.91,23,85.2,15.0,0.243
48,8,0,22,87.0,29.8,7.02,48,90.2,15.0,0.204
70,15,1,11,84.8,74.6,6.6,52,87.1,15.0,0.184
0,7,1,13,81.9,99.0,5.99,114,79.6,15.0,0.218
95,18,1,8,42.6,100.0,8.98,15,,15.0,0.251
12,22,0,20,29.6,53.3,8.86,55,91.0,15.0,0.234
93,19,0,13,93.6,82.7,5.77,43,83.5,15.0,0.156
86,17,0,16,37.6,99.0,5.19,50,91.0,15.0,0.172
50,17,0,10,45.9,37.5,5.23,6,82.2,15.0,0.25
55,16,0,13,73.0,25.2,5.0,33,82.5,15.0,0.197
82,12,0,10,36.4,11.4,5.72,62,,15.0,0.193
61,9,0,14,83.7,14.1,3.92,55,83.9,15.0,0.191
31,6,1,21,16.3,85.4,8.49,39,97.1,15.0,0.249
29,8,0,15,81.2,58.9,5.43,12,84.4,15.3,0.191
28,18,0,6,64.2,87.4,7.89,116,81.9,15.0,0.248
48,20,0,10,61.6,78.9,5.33,100,78.4,15.0,0.19
44,7,1,20,51.3,67.4,7.03,31,90.0,15.0,0.274
92,16,1,8,34.9,60.9,4.36,74,76.6,15.0,0.281
29,9,1,9,51.8,4.8,6.37,53,84.1,15.0,0.24
15,22,1,14,50.5,87.2,5.49,34,,15.0,0.18
39,8,0,9,62.5,41.8,4.57,41,81.0,16.9,0.197
18,23,0,10,35.3,56.0,8.17,10,97.0,15.0,0.171
17,13,0,15,17.0,2.2,2.79,52,82.5,15.0,0.214
0,10,0,10,23.1,93.6,5.41,75,75.1,16.9,0.217
77,12,0,15,72.9,90.3,3.36,57,84.4,15.3,0.184
46,13,0,14,12.0,54.3,8.03,78,81.8,15.0,0.196
65,10,1,18,87.1,57.7,3.77,3,87.7,15.0,0.165
91,22,1,11,72.5,70.5,6.43,57,86.4,15.0,0.204
93,10,1,17,79.1,26.5,3.16,33,85.1,15.0,0.238
37,9,1,13,85.2,22.2,4.83,7,90.9,15.0,0.247
50,7,0,12,21.0,67.4,8.3,4,92.6,15.0,0.193
62,16,0,11,84.0,10.4,3.16,39,79.6,15.0,0.159
3,18,0,11,55.4,45.4,6.64,48,89.6,15.0,0.199
0,20,0,17,89.7,49.3,3.43,74,78.8,15.0,0.224
7,17,1,12,89.8,38.1,4.91,79,,15.0,0.259
28,16,0,7,12.2,18.5,5.78,16,85.6,15.0,0.193
54,12,1,13,44.5,35.5,6.04,38,,15.0,0.29
2,10,0,15,57.4,33.8,6.22,4,90.4,15.0,0.235
31,22,0,9,71.1,49.9,6.48,4,,15.0,0.15
9,14,0,12,35.8,67.5,3.9,120,,15.0,0.165
73,19,0,17,32.7,96.8,4.81,119,83.3,15.0,0.171
82,17,0,12,44.3,14.4,2.26,100,73.9,17.8,0.229
33,11,0,10,55.1,87.3,7.38,27,,15.0,0.154
96,22,1,11,95.6,28.4,7.86,86,86.6,15.0,0.252
86,21,0,12,78.6,59.1,3.39,86,76.3,18.8,0.193
54,17,0,10,48.6,54.7,3.41,17,82.5,15.0,0.15
91,17,0,13,14.9,55.7,2.29,109,69.4,20.7,0.213
31,11,0,14,25.2,72.3,8.79,98,80.7,15.0,0.228
49,9,1,21,51.0,38.2,7.65,96,90.7,15.0,0.274
6,11,0,7,83.2,31.9,4.52,116,,16.2,0.163
92,16,1,12,44.3,85.3,5.37,70,82.3,15.0,0.204
7,6,0,14,58.5,22.0,4.04,54,81.6,15.0,0.17
64,20,1,5,90.3,18.0,6.18,97,,15.0,0.242
56,16,0,12,92.2,1.6,7.02,8,87.9,15.0,0.195
66,23,0,12,29.4,21.1,5.13,114,78.9,15.0,0.241
87,22,0,8,13.9,51.9,8.12,53,84.7,15.0,0.196
86,19,0,11,37.5,53.9,5.62,100,71.3,17.9,0.229
58,23,0,11,72.6,25.4,3.01,5,84.0,17.2,0.222
71,20,0,10,95.6,7.2,6.36,69,81.4,15.0,0.153
53,20,0,12,16.9,74.5,5.24,47,84.4,15.0,0.196
66,9,0,15,12.6,75.8,8.55,74,,15.0,0.226
50,12,0,10,89.6,99.8,4.74,40,79.9,17.3,0.173
96,18,1,11,77.3,90.0,4.82,7,,15.0,0.201
91,8,0,18,99.3,92.6,6.56,12,89.7,15.0,0.217
7,21,0,12,45.7,79.8,5.69,94,73.5,15.0,0.198
33,14,0,13,47.4,61.6,4.62,25,85.9,15.0,0.192
34,13,1,14,25.5,12.9,8.93,28,95.6,15.0,0.204
95,18,0,17,20.4,62.2,4.12,43,86.7,15.0,0.187
87,22,0,14,62.1,5.6,3.94,77,77.5,15.0,0.232
77,22,1,13,42.8,88.5,8.05,47,90.1,15.0,0.267
31,22,1,5,17.2,48.2,2.02,49,78.4,15.5,0.234
45,6,0,14,89.8,69.7,3.41,86,79.4,15.0,0.193
15,13,0,13,27.9,5.2,6.13,54,85.2,15.0,0.193
67,11,1,9,77.4,53.4,3.14,18,85.0,15.0,0.224
36,8,0,11,35.4,30.1,8.9,27,,15.0,0.25
53,10,0,15,83.2,28.5,5.25,72,74.5,15.5,0.224
84,18,0,12,20.7,39.0,6.18,6,91.6,15.0,0.234
13,20,1,7,78.0,0.1,3.12,75,73.8,15.0,0.242
94,19,0,10,18.8,46.7,4.03,93,75.1,15.0,0.184
54,21,1,10,50.2,48.7,6.3,105,82.4,15.0,0.22
47,23,0,15,76.1,86.3,5.85,69,83.8,15.0,0.206
81,16,0,13,25.6,44.9,7.49,71,,15.0,0.163
6,8,0,14,35.7,36.4,3.88,22,,15.0,0.159
73,15,0,16,87.8,99.5,6.57,59,,15.0,0.242
6,15,1,9,89.7,57.1,4.04,47,79.2,15.0,0.261
32,21,1,15,14.0,47.3,6.11,117,76.7,15.0,0.262
22,17,0,15,25.1,49.6,6.24,118,80.8,15.0,0.23
84,7,0,15,20.6,80.9,2.85,68,78.3,20.5,0.187
18,14,0,9,26.2,34.1,5.84,32,79.4,15.0,0.185
18,8,0,6,97.3,38.9,2.08,83,74.5,15.0,0.196
35,20,0,9,59.6,75.6,5.51,109,78.0,15.0,0.191
28,8,0,17,52.1,7.3,6.88,97,82.2,15.0,0.273
59,23,0,12,98.6,86.5,2.51,1,90.5,15.0,0.175
81,13,1,12,60.1,43.0,8.57,54,92.0,15.0,0.249
1,22,1,10,69.5,58.1,5.21,46,,15.0,0.195
0,13,0,9,39.9,75.7,8.57,41,90.2,15.0,0.15
46,12,1,10,44.4,26.6,2.75,120,73.3,15.0,0.238
68,12,0,10,63.5,89.0,8.65,108,86.2,15.0,0.198
19,8,0,11,16.3,97.9,2.76,114,74.2,15.0,0.225
10,6,0,8,33.0,49.4,5.23,41,,15.0,0.164
1,9,0,12,27.7,93.7,8.57,8,92.5,15.0,0.188
66,10,0,10,11.4,0.1,3.63,32,76.9,15.0,0.228
86,6,0,12,58.3,89.4,2.24,30,77.8,15.8,0.199
11,20,1,15,60.5,31.1,7.55,46,90.8,15.0,0.206
19,10,1,10,44.6,31.1,6.17,92,76.2,15.0,0.246
4,18,0,12,34.2,22.8,5.6,105,,15.0,0.266
36,13,1,10,68.7,31.7,2.24,52,76.4,15.0,0.219
37,13,0,12,22.1,21.3,6.57,96,78.5,15.0,0.213
93,10,0,14,56.7,90.6,3.2,89,78.3,15.0,0.223
8,14,0,6,79.1,89.9,8.52,98,77.8,15.0,0.231
97,6,0,13,24.8,10.2,6.8,61,85.0,15.0,0.251
52,9,0,10,77.8,14.3,6.95,97,79.3,15.0,0.237
43,8,0,9,78.5,86.2,3.63,13,78.6,15.0,0.216
98,7,0,14,15.4,39.9,8.17,89,86.0,15.0,0.263
85,13,1,11,11.7,16.9,5.76,106,81.8,15.0,0.224
23,14,0,12,97.7,51.1,8.0,40,90.5,15.0,0.186
80,7,0,13,27.4,41.7,3.9,103,80.8,17.3,0.154
73,19,0,14,84.0,21.9,7.29,61,84.5,15.0,0.209
29,19,0,15,60.6,72.1,6.02,120,,15.0,0.192
58,9,0,10,33.8,63.1,2.34,44,75.3,15.6,0.199
86,11,1,15,21.7,10.0,4.84,113,81.6,15.0,0.216
95,16,0,10,54.7,92.5,3.29,62,77.1,15.0,0.22
80,8,0,13,46.7,55.8,4.51,44,,15.0,0.229
80,13,0,6,72.9,25.0,4.68,48,73.6,15.0,0.189
13,8,0,8,91.4,20.6,5.32,74,81.9,15.0,0.222
8,19,0,5,82.5,13.6,6.2,59,81.6,15.0,0.198
39,18,0,12,34.7,42.5,6.0,57,81.6,15.0,0.154
65,18,1,18,89.1,13.6,2.27,95,84.4,17.3,0.186
24,7,0,13,85.0,41.6,7.25,108,87.6,15.0,0.185
72,18,0,11,93.6,14.9,8.64,11,94.3,15.0,0.199
21,11,0,16,51.3,65.7,4.44,25,,15.0,0.178
3,21,0,11,79.2,78.5,3.26,61,79.9,15.0,0.172
25,7,0,13,63.2,55.0,5.78,46,86.2,15.0,0.215
57,13,1,9,37.9,68.0,6.93,54,90.8,15.0,0.243
28,22,0,18,99.5,93.8,6.75,116,78.8,15.0,0.212
97,7,0,8,13.4,63.8,6.28,109,74.5,15.0,0.189
86,15,0,18,24.6,36.4,3.02,34,83.6,15.0,0.231
36,21,0,12,90.3,44.9,7.86,84,85.2,15.0,0.295
74,11,0,11,15.5,86.1,4.98,7,90.3,15.0,0.151
69,7,0,8,89.8,13.1,3.55,97,73.9,16.7,0.222
17,7,0,10,74.4,32.6,2.6,62,77.6,15.0,0.181
84,18,0,12,13.3,57.7,4.92,57,,15.0,0.215
41,20,1,19,48.6,67.6,6.33,99,,15.0,0.218
99,7,0,10,77.9,76.3,6.66,93,77.5,15.0,0.178
40,12,0,10,62.5,31.8,8.74,116,80.1,15.0,0.193
37,8,0,10,94.2,14.6,3.07,76,73.1,16.5,0.181
33,13,0,7,88.1,95.5,8.9,5,87.9,15.0,0.198
16,19,0,11,39.9,7.6,6.58,76,,15.0,0.235
36,12,0,13,17.6,9.6,5.18,93,76.9,15.5,0.187
24,12,0,16,95.0,49.5,8.22,35,95.7,15.0,0.184
75,6,0,12,56.6,81.9,6.86,84,81.3,15.0,0.276
86,22,0,16,16.7,77.5,4.44,37,89.2,15.8,0.19
85,14,0,7,83.5,93.8,8.19,60,79.5,15.2,0.226
84,18,1,14,88.2,14.2,6.67,65,82.7,15.0,0.266
26,22,0,9,67.5,37.6,6.89,16,,15.0,0.181
56,15,0,15,50.3,28.2,8.27,30,93.3,15.0,0.206
30,15,0,14,69.6,86.1,5.14,73,79.5,15.0,0.199
5,9,0,7,73.6,48.8,6.6,42,,15.0,0.197
90,13,0,16,90.4,2.7,7.21,61,89.1,15.0,0.235
39,23,0,9,96.0,70.8,5.18,74,78.0,15.0,0.222
97,19,1,9,56.3,38.9,2.58,77,74.3,18.0,0.151
11,23,0,8,81.9,53.1,7.4,48,86.7,15.0,0.229
52,19,0,9,96.8,89.4,2.33,62,71.8,15.0,0.182
70,20,0,15,23.6,25.7,7.03,84,82.5,15.0,0.231
9,9,0,13,11.6,24.0,8.38,93,83.3,15.0,0.211
44,18,0,15,88.2,26.3,4.43,64,83.1,18.6,0.197
16,13,1,8,27.6,33.8,2.71,57,80.3,15.0,0.246
25,23,0,12,13.8,10.7,3.63,68,81.9,15.0,0.199
84,17,1,13,24.4,69.7,5.94,46,85.6,15.0,0.268
91,19,1,9,44.6,20.7,8.6,113,84.9,15.0,0.242
61,7,1,14,29.7,92.6,5.59,28,89.2,15.0,0.218
45,23,0,14,37.5,21.6,2.79,101,77.5,16.5,0.195
63,7,0,9,97.8,25.6,6.39,77,,15.0,0.174
1,16,0,15,73.4,29.7,7.13,3,93.5,15.0,0.15
53,14,0,13,74.1,76.9,4.75,37,,15.0,0.173
64,17,0,14,18.5,42.8,7.05,48,86.6,15.0,0.24
50,22,1,11,75.9,81.9,4.27,19,,15.0,0.254
52,20,0,14,76.5,78.5,7.52,92,,15.0,0.15
35,22,0,13,69.4,92.9,4.39,83,76.2,15.0,0.246
25,23,0,11,30.6,75.7,3.79,17,,15.0,0.159
28,11,0,4,48.1,5.2,8.15,82,83.6,15.0,0.159
20,22,0,9,86.2,83.7,5.84,82,81.7,15.0,0.231
10,23,1,16,70.3,93.8,4.0,87,80.0,15.0,0.218
39,13,0,12,75.9,99.4,8.55,40,93.3,15.0,0.281
10,14,1,8,62.9,12.5,6.84,50,83.8,15.0,0.21
35,11,1,11,50.5,61.3,3.54,73,,15.0,0.209
58,10,1,18,78.3,19.9,6.3,29,91.1,15.0,0.203
38,17,0,15,16.1,26.3,8.09,51,87.1,15.0,0.222
98,16,1,13,70.6,74.6,6.87,42,89.9,15.0,0.253
53,6,0,14,99.7,97.8,3.71,29,,15.0,0.15
97,16,0,7,80.2,59.5,6.54,66,81.1,15.0,0.221
54,14,0,7,36.2,85.1,6.33,17,,15.0,0.168
23,7,0,12,35.0,0.9,7.75,120,,15.0,0.201
21,17,0,11,70.0,3.7,3.25,109,73.4,19.1,0.158
68,9,0,9,90.6,59.7,6.9,31,81.2,15.7,0.237
55,9,0,11,62.0,38.9,2.19,92,71.1,16.6,0.206
32,23,1,14,57.5,89.0,6.87,107,82.2,15.0,0.229
35,20,0,11,24.4,30.2,8.72,112,80.4,15.0,0.251
19,18,0,11,74.4,43.2,3.22,52,,15.9,0.211
82,22,0,12,73.2,52.8,4.18,39,80.3,15.0,0.222
98,11,0,18,97.0,27.3,6.08,60,84.6,15.0,0.263
80,21,1,14,37.0,90.8,7.13,94,87.9,15.0,0.243
61,17,0,15,78.1,46.5,4.41,99,,15.0,0.275
97,10,0,16,49.1,42.4,6.65,112,73.8,15.0,0.278
72,22,0,18,60.3,85.0,8.29,51,85.2,15.0,0.253
25,6,1,16,83.5,31.2,7.09,84,82.7,15.0,0.2
65,15,0,12,30.0,81.7,6.98,16,90.3,15.0,0.2
72,20,1,14,40.9,12.2,4.67,98,79.1,15.0,0.243
72,16,0,14,79.6,18.3,8.38,14,90.7,15.0,0.217
39,18,0,15,61.3,95.1,3.94,90,77.0,17.1,0.204
16,10,0,11,18.3,84.2,3.44,84,69.9,16.8,0.228
0,6,1,13,48.7,38.8,4.55,42,86.7,15.0,0.241
88,17,0,15,62.8,63.8,6.55,51,89.9,15.0,0.15
60,16,0,11,91.9,94.3,8.03,24,87.8,15.0,0.248
42,22,0,7,27.0,21.2,2.92,107,71.6,15.0,0.15
41,9,0,17,82.5,5.9,7.7,82,85.4,15.0,0.21
24,20,0,11,21.8,53.7,7.69,43,83.5,15.0,0.187
38,14,1,16,31.8,14.3,6.11,73,84.0,15.0,0.22
34,17,0,15,31.9,18.7,7.32,19,95.7,15.0,0.227
2,10,0,8,89.0,89.2,3.27,84,73.7,16.2,0.197
43,15,1,8,27.9,0.7,3.19,61,,15.0,0.233
50,22,0,18,80.8,81.7,8.04,106,,15.0,0.252
93,10,0,11,51.6,51.7,5.49,94,76.3,15.0,0.154
97,21,0,9,99.9,55.9,3.72,63,79.8,15.0,0.17
11,12,0,15,85.5,67.2,6.82,26,86.0,15.0,0.233
18,14,0,13,76.6,43.1,8.24,95,,15.0,0.233
43,8,0,13,88.4,11.6,6.43,35,80.9,15.0,0.161
58,20,0,9,67.1,10.3,4.43,67,76.5,15.0,0.23
48,21,0,11,85.9,75.4,5.38,56,,17.1,0.227
60,23,1,14,33.5,22.1,7.27,40,94.2,15.0,0.196
16,19,1,9,18.8,2.8,2.47,29,81.1,15.0,0.217
73,8,1,14,65.4,98.0,3.52,6,85.9,15.0,0.207
56,17,1,9,49.1,98.0,5.24,52,84.1,15.0,0.235
54,14,0,15,48.4,37.8,6.23,1,94.4,15.0,0.15
46,12,1,15,57.4,2.6,4.37,52,84.9,15.0,0.214
11,14,0,19,42.5,72.7,4.09,24,,15.0,0.225
61,18,0,13,66.3,83.1,2.29,102,72.7,15.0,0.215
79,23,0,8,12.8,12.5,2.23,34,75.4,15.0,0.206
87,10,0,11,97.3,13.5,3.95,115,73.9,16.3,0.198
82,18,1,15,93.2,82.2,5.71,7,89.1,15.0,0.243
7,9,1,13,94.2,92.2,5.89,75,85.1,15.0,0.226
94,7,0,13,42.9,79.1,5.46,11,85.4,15.0,0.169
20,21,1,14,57.9,20.1,4.87,36,,15.0,0.215
80,14,0,10,95.9,41.2,3.77,20,75.4,15.0,0.242
86,14,0,13,91.2,60.1,4.8,63,80.5,15.0,0.236
79,11,0,18,81.1,16.0,2.97,80,,15.4,0.174
69,16,0,9,46.7,21.1,2.81,63,79.5,15.0,0.168
71,6,1,9,60.8,28.3,4.1,69,81.3,15.0,0.189
24,9,1,10,81.4,51.0,8.97,88,84.9,15.0,0.254
81,18,1,9,34.6,51.1,4.29,30,78.8,15.2,0.253
88,18,0,13,66.4,81.4,8.56,30,88.8,15.0,0.275
11,18,1,12,84.5,75.3,4.75,103,82.1,15.0,0.184
14,7,0,19,73.7,91.4,5.07,112,78.4,15.0,0.247
58,14,1,4,53.2,83.3,7.58,111,,15.0,0.246
25,13,0,8,62.6,25.4,2.66,101,,15.0,0.176
25,12,0,14,99.0,33.1,3.28,97,70.7,16.1,0.184
46,9,0,16,64.2,50.0,8.82,84,85.7,15.0,0.281
31,23,0,13,80.7,1.4,5.54,118,79.0,15.0,0.162
9,8,0,12,75.4,90.4,2.31,22,80.8,15.0,0.166
15,11,0,16,73.1,4.4,2.33,105,70.6,17.1,0.221
70,17,0,8,74.5,32.2,8.35,61,81.4,16.1,0.23
16,17,0,11,50.9,56.9,8.11,21,87.2,15.0,0.247
22,13,0,12,52.7,51.8,5.21,37,85.9,15.0,0.166
25,6,0,8,52.1,65.4,3.14,118,70.4,15.0,0.218
84,9,0,18,13.0,52.8,7.81,27,90.0,15.0,0.214
85,16,0,9,31.7,22.9,4.27,102,75.6,16.3,0.201
6,8,0,15,23.9,20.1,4.93,35,82.3,15.0,0.19
13,18,1,13,89.8,90.7,6.78,38,90.9,15.0,0.231
78,22,1,10,34.7,26.4,4.47,104,78.8,15.0,0.222
6,15,0,9,22.5,28.1,6.4,60,81.0,15.0,0.194
8,17,1,13,20.8,41.3,8.2,70,87.0,15.0,0.229
47,20,1,11,73.0,13.9,7.58,32,88.6,15.0,0.244
71,15,1,16,10.5,50.7,4.67,80,85.6,15.0,0.187
58,19,0,12,52.4,66.5,4.02,92,77.4,15.0,0.195
86,18,0,11,20.7,78.6,4.0,80,76.6,15.0,0.177
92,10,0,7,86.5,71.1,4.44,27,77.8,15.1,0.189
81,11,0,15,96.3,14.8,5.45,117,79.0,15.0,0.211
94,7,0,8,96.3,45.6,4.92,3,85.8,15.0,0.208
93,22,0,10,49.8,3.9,2.93,49,77.1,15.0,0.208
38,9,1,11,68.0,1.8,3.14,85,,15.0,0.234
98,19,1,16,64.0,44.0,4.4,102,79.9,15.0,0.242
17,15,0,7,41.5,25.3,5.93,102,72.3,15.0,0.209
58,8,0,11,50.0,68.3,6.15,30,85.1,15.0,0.193
16,8,0,9,15.8,72.4,5.4,22,78.6,16.0,0.15
13,20,1,16,81.6,89.5,7.17,19,89.0,15.0,0.261
30,11,0,9,31.7,76.1,7.16,31,83.9,15.0,0.213
23,22,0,15,51.4,4.8,4.99,20,85.3,15.0,0.234
98,17,0,9,53.3,37.2,2.87,111,72.8,15.0,0.178
59,16,0,11,60.5,27.3,5.71,19,86.7,15.0,0.23
44,9,0,8,83.6,38.6,4.67,2,88.1,15.0,0.17
97,11,0,15,72.3,16.0,2.97,40,81.5,16.1,0.173
2,6,1,20,69.7,9.8,8.87,39,95.0,15.0,0.295
36,21,1,9,57.4,52.1,4.59,91,,15.0,0.244
42,20,1,15,18.6,72.0,6.38,72,82.4,15.0,0.294
39,22,1,17,46.2,70.2,5.43,109,82.1,17.9,0.247
89,13,0,13,96.2,45.1,3.0,54,79.3,15.0,0.215
54,17,0,12,99.6,52.2,2.39,27,81.5,15.0,0.211
86,15,1,12,75.7,51.6,6.38,79,,15.0,0.22
38,20,1,11,30.5,69.2,3.73,12,82.5,15.0,0.226
14,14,0,13,19.2,4.8,3.71,111,79.5,15.0,0.201
3,7,0,12,47.3,71.0,8.7,78,,15.0,0.256
92,10,0,9,87.1,58.2,5.23,71,79.6,15.6,0.167
85,11,0,5,75.0,19.8,2.21,17,73.7,17.3,0.198
24,12,0,15,89.6,4.9,4.38,90,80.6,15.0,0.231
12,6,0,17,65.4,10.9,6.09,101,76.1,15.0,0.208
81,12,0,9,21.7,52.5,4.3,84,67.7,15.8,0.189
32,17,0,14,20.3,75.8,2.19,10,83.4,18.6,0.15
15,21,1,17,14.3,33.5,5.11,19,90.0,15.0,0.286
41,21,0,12,61.0,37.9,2.74,82,79.3,15.0,0.165
65,16,0,19,31.9,93.4,6.33,30,89.9,15.0,0.25
54,9,0,9,76.1,21.3,6.34,30,81.9,15.0,0.196
98,18,1,12,71.8,10.4,2.26,25,81.1,17.9,0.243
41,12,0,10,38.6,34.3,4.03,88,,15.0,0.198
33,9,1,17,25.9,74.6,4.9,74,81.0,15.0,0.303
29,20,0,7,19.2,62.6,5.85,66,81.2,15.8,0.239
12,14,1,14,76.4,41.6,4.07,102,79.6,15.0,0.237
12,16,1,13,50.5,96.5,4.01,96,80.2,15.0,0.236
17,13,0,10,39.1,73.5,8.88,35,89.6,15.0,0.229
31,6,0,17,87.1,6.2,2.29,51,79.0,15.0,0.275
95,13,0,11,63.4,74.5,8.92,101,76.9,15.0,0.238
98,18,0,10,56.6,2.4,2.33,71,75.7,15.6,0.15
38,9,0,11,76.9,65.0,4.02,71,,15.7,0.205
45,13,0,9,83.4,21.0,5.46,27,83.8,15.0,0.173
28,8,0,10,71.7,69.6,3.0,10,83.3,15.0,0.183
61,14,0,12,49.6,31.0,2.94,97,73.0,15.0,0.236
92,7,0,8,44.1,87.3,3.79,43,76.6,18.7,0.207
61,7,0,8,79.4,33.7,8.81,55,87.5,15.0,0.19
56,18,0,12,56.6,62.0,4.66,71,78.7,15.0,0.196
15,20,0,4,73.4,28.6,5.96,6,82.8,17.6,0.155
55,17,0,9,90.1,91.7,6.93,6,86.3,15.0,0.236
9,9,0,11,92.4,78.1,7.2,77,83.6,15.0,0.234
29,13,1,16,35.0,24.3,6.82,48,88.2,15.0,0.205
24,14,0,15,26.9,94.9,4.36,77,86.5,15.0,0.267
83,10,0,13,33.5,35.7,2.78,2,83.9,17.8,0.174
4,23,0,18,77.6,65.2,3.97,83,77.3,16.5,0.222
64,16,1,13,43.3,74.3,3.47,51,80.9,15.0,0.211
93,20,1,14,25.6,2.3,2.95,61,83.3,15.0,0.227
48,14,1,6,18.9,95.9,2.17,19,78.1,16.6,0.205
2,22,0,14,39.5,34.4,8.55,114,82.5,15.0,0.186
44,17,0,13,22.3,19.0,8.45,102,,15.0,0.254
13,12,0,15,24.1,85.1,2.35,2,,15.0,0.15
29,15,0,7,71.5,70.3,3.21,51,75.2,15.0,0.216
67,15,1,11,11.8,8.7,2.98,26,82.2,15.0,0.204
17,18,0,16,20.6,11.7,3.97,70,81.0,15.0,0.203
61,16,1,10,86.0,71.5,3.43,20,87.8,15.0,0.215
36,18,0,6,86.0,7.5,8.62,23,84.1,15.0,0.213
24,13,1,5,39.6,91.7,2.59,54,77.5,15.0,0.227
47,13,0,5,17.9,74.2,3.48,15,79.8,15.0,0.156
64,9,0,10,73.4,33.5,2.57,6,78.7,15.0,0.214
52,20,0,13,42.4,36.3,8.86,92,88.3,15.0,0.186
78,16,0,8,14.1,50.6,8.43,35,89.8,15.0,0.173
72,16,0,13,24.2,36.1,7.02,75,,15.0,0.222
14,6,1,13,22.3,78.3,4.98,8,91.7,15.0,0.243
48,22,0,10,63.0,97.5,3.33,57,78.5,15.0,0.197
87,20,0,13,90.8,58.5,3.55,118,75.9,17.2,0.247
67,11,0,8,81.4,44.6,5.1,50,80.9,15.0,0.168
11,20,0,11,59.2,22.3,7.38,49,82.9,18.8,0.178
58,14,1,14,48.0,65.3,3.85,115,72.9,15.0,0.267
36,19,1,23,65.7,68.6,4.18,115,83.3,15.0,0.246
60,23,1,13,49.9,68.5,6.2,88,83.6,15.0,0.261
42,22,1,7,32.1,2.7,3.66,21,82.1,15.0,0.177
69,23,1,10,71.1,89.9,6.09,113,78.9,15.5,0.225
38,10,0,10,88.6,33.8,4.71,36,87.0,15.0,0.234
55,14,1,6,43.6,74.4,2.24,71,68.2,15.0,0.217
62,16,0,11,85.7,76.0,4.82,69,81.4,15.0,0.239
45,6,0,11,48.8,65.1,8.44,58,,15.0,0.234
87,23,0,14,46.1,39.5,4.05,63,84.0,15.0,0.183
10,11,1,10,12.5,60.8,4.26,93,73.3,17.5,0.279
61,7,1,10,72.6,4.0,2.46,16,81.3,15.0,0.216
76,20,0,7,82.7,76.2,6.31,6,85.3,15.0,0.192
97,19,1,10,69.7,10.0,7.94,78,85.9,15.0,0.236
24,10,1,13,23.6,39.7,4.47,52,79.8,15.0,0.244
70,11,0,6,19.3,10.4,3.68,2,82.8,15.0,0.15
51,11,0,14,61.6,83.7,8.7,89,81.8,15.0,0.258
3,23,1,8,46.1,55.0,7.22,95,80.7,15.0,0.253
58,19,0,15,48.6,69.1,5.97,114,83.0,15.0,0.193
71,15,0,6,97.1,68.3,4.14,114,73.9,15.0,0.158
19,19,0,11,75.2,84.2,3.55,77,77.4,15.0,0.187
92,18,0,13,47.1,13.3,7.01,18,84.8,15.0,0.218
62,8,1,14,11.7,66.0,5.65,81,83.5,15.0,0.239
53,11,0,16,13.1,57.5,5.64,109,80.1,15.0,0.22
73,13,1,13,71.6,3.1,2.52,92,70.2,22.2,0.256
97,17,1,6,85.4,20.1,5.59,76,80.6,15.0,0.189
56,18,1,13,73.7,26.8,7.76,35,87.2,15.0,0.239
89,16,0,8,46.5,7.3,8.63,86,77.5,15.0,0.235
40,17,0,8,12.8,35.5,2.75,39,74.6,15.0,0.202
2,6,0,16,97.1,2.7,6.42,1,84.0,15.0,0.24
5,22,0,9,98.8,55.3,5.98,37,82.7,15.0,0.192
4,21,1,9,59.4,21.2,8.23,21,87.8,15.0,0.236
4,16,0,9,16.4,28.7,7.26,1,92.4,15.0,0.166
53,18,0,10,58.7,91.0,8.76,4,90.5,15.0,0.217
46,23,0,8,90.3,50.3,8.72,96,79.6,15.0,0.197
86,16,1,8,71.2,26.9,3.58,58,,15.0,0.242
48,17,1,9,74.8,59.8,7.08,1,89.5,15.0,0.258
8,11,0,13,17.6,20.2,5.71,13,91.1,15.0,0.202
98,14,1,13,19.6,7.4,3.5,46,87.3,15.0,0.247
19,21,0,5,21.5,2.1,3.36,47,75.8,18.2,0.17
60,9,0,10,91.4,95.2,2.57,81,73.7,15.0,0.157
34,8,1,8,57.3,72.5,7.57,76,85.0,15.0,0.229
49,21,0,11,81.2,80.0,4.27,7,82.2,15.0,0.172
81,17,1,11,20.4,98.1,8.0,119,82.4,15.0,0.233
61,16,0,7,93.5,93.2,6.26,51,88.5,15.0,0.15
16,10,0,10,83.9,73.7,6.72,119,78.7,15.0,0.219
87,23,1,18,30.2,69.4,4.04,3,93.3,15.0,0.212
2,11,0,13,88.7,33.7,5.2,50,86.6,15.0,0.218
31,23,1,12,33.7,10.4,4.89,26,89.7,15.0,0.229
98,11,1,13,28.5,57.4,3.65,31,83.4,15.0,0.212
12,9,0,14,33.8,57.6,7.83,100,78.4,15.0,0.258
88,17,0,16,91.9,95.2,6.35,62,84.6,15.0,0.238
72,7,0,10,92.4,44.3,2.26,26,75.9,18.1,0.171
67,22,0,8,39.6,69.1,7.74,67,82.2,15.0,0.216
13,16,0,14,73.5,57.5,2.74,108,71.3,15.8,0.252
97,16,0,14,70.8,17.7,4.83,55,81.2,15.0,0.213
10,21,0,9,82.6,59.2,6.0,28,80.3,15.0,0.178
55,7,0,20,36.7,54.0,2.05,44,,18.5,0.164
66,7,1,10,55.9,49.4,6.57,81,83.0,15.0,0.19
91,13,1,8,70.1,51.3,6.62,38,87.5,15.0,0.16
28,18,1,11,12.4,16.4,6.57,111,,15.0,0.225
8,15,0,14,43.9,46.3,3.14,30,81.2,15.0,0.185
66,13,1,9,72.6,60.6,3.79,66,79.4,15.0,0.189
24,9,0,14,32.7,48.9,3.73,8,90.8,15.0,0.155
97,20,1,18,96.2,48.9,8.72,14,94.5,15.0,0.215
75,6,1,5,12.7,7.8,2.47,101,75.9,15.0,0.16
41,16,0,18,96.2,19.1,5.0,99,75.9,15.4,0.218
8,12,0,15,29.5,32.1,8.1,106,77.3,15.0,0.257
78,22,1,12,14.4,41.9,7.39,103,82.5,15.0,0.23
39,23,1,16,36.3,59.4,7.76,62,89.6,15.0,0.276
24,17,1,9,80.8,86.3,8.81,75,82.5,15.0,0.254
4,14,0,16,77.7,15.9,4.71,63,81.3,15.0,0.233
10,10,0,11,28.8,1.5,4.17,79,78.3,15.0,0.199
58,15,0,14,27.7,44.9,2.21,66,74.4,16.1,0.217
97,9,1,11,67.8,43.2,3.05,101,78.2,19.5,0.177
87,10,0,12,51.2,55.2,5.93,107,,15.0,0.233
78,15,1,11,81.3,83.3,3.1,96,79.9,16.7,0.217
37,16,0,15,12.2,80.2,7.15,40,85.1,15.0,0.248
71,15,0,14,64.9,10.0,2.26,13,80.3,15.0,0.178
4,13,0,18,75.8,93.4,3.82,107,76.9,15.0,0.265
47,7,1,13,99.4,11.0,6.87,17,89.3,15.0,0.246
89,13,0,15,71.1,63.5,3.79,15,84.1,15.0,0.164
17,21,0,14,30.9,67.2,7.1,33,,15.0,0.235
69,10,0,12,19.7,68.0,8.97,115,83.0,15.0,0.195
36,8,0,11,67.7,26.5,7.58,16,,15.0,0.175
59,17,0,12,57.1,33.0,4.39,115,71.4,15.0,0.254
47,18,1,20,90.9,54.9,8.3,13,93.2,15.0,0.258
76,18,0,11,75.4,20.0,2.36,119,68.3,16.9,0.206
27,15,0,9,55.9,2.0,7.08,86,82.6,15.0,0.192
68,9,1,17,46.3,56.2,2.16,23,85.0,15.0,0.237
76,14,1,13,46.4,46.5,3.22,36,86.0,15.0,0.201
80,7,0,5,30.4,65.7,8.91,43,79.5,15.0,0.224
39,6,0,13,11.6,14.7,4.53,50,82.1,15.0,0.163
44,12,1,13,61.7,84.1,7.74,114,,15.0,0.248
95,22,1,14,29.1,14.6,4.63,74,86.3,15.0,0.227
61,8,1,11,28.7,89.1,7.88,81,83.1,15.0,0.262
92,8,0,8,21.3,45.0,8.76,94,79.4,15.0,0.234
57,8,0,13,27.1,55.0,5.05,13,90.4,15.0,0.174
66,22,1,10,12.9,89.7,5.92,30,86.5,15.0,0.231
55,12,0,12,70.7,30.0,6.4,57,83.8,15.0,0.235
39,19,0,9,46.1,18.2,8.54,110,81.6,15.0,0.175
97,22,1,9,60.5,44.6,3.8,30,78.4,15.0,0.215
39,23,0,14,67.3,24.4,6.28,71,83.7,15.0,0.215
90,18,0,15,97.5,52.8,4.27,10,83.0,16.5,0.17
76,23,0,17,16.1,27.5,3.52,99,77.9,15.0,0.234
32,9,0,7,47.6,86.4,2.59,66,73.1,15.0,0.206
5,6,0,9,32.1,60.7,6.34,94,76.1,15.0,0.244
87,23,1,12,52.9,0.0,8.17,83,88.1,15.0,0.305
18,6,0,18,92.8,80.5,4.46,39,85.1,15.0,0.211
79,18,0,16,75.2,33.0,5.87,37,83.7,15.9,0.201
39,15,1,8,69.6,32.0,6.49,3,85.7,15.0,0.252
91,16,0,14,49.7,38.3,4.9,89,,15.0,0.185
96,14,0,8,70.4,63.0,8.32,34,86.5,15.0,0.22
58,14,1,6,12.9,44.2,4.54,119,69.1,15.0,0.269
58,10,1,15,62.8,62.9,2.88,86,77.2,15.4,0.253
47,6,0,12,59.8,14.7,3.01,38,79.2,15.0,0.231
40,22,1,9,41.2,97.0,8.24,14,,15.0,0.227
12,7,0,10,28.1,73.0,8.92,64,83.1,15.0,0.243
44,18,1,13,82.7,25.0,4.02,39,87.2,15.0,0.216
88,14,0,11,14.8,72.4,3.01,54,85.6,15.0,0.182
52,9,1,16,16.3,57.5,5.38,2,91.9,15.0,0.227
41,10,0,16,49.6,10.9,6.97,96,78.0,15.0,0.246
99,16,0,14,32.7,17.8,6.29,43,85.1,15.0,0.205
62,8,0,13,77.1,4.1,8.66,53,87.7,15.0,0.174
26,17,0,15,67.1,80.9,7.72,3,94.9,15.0,0.204
37,18,1,11,79.5,55.2,8.08,41,91.7,15.0,0.241
59,12,0,16,39.2,31.7,5.79,8,93.3,15.0,0.189
6,20,0,10,76.6,12.6,4.29,90,76.4,18.1,0.213
4,12,0,16,87.6,48.4,6.91,96,82.2,15.0,0.217
