role,exp_years,projects_count,hours_overtime,edu_level,team_size,client_feedback,certs_count,bonus_rub
2,20,16,106,4,9,2.8,6,408672.45
1,21,3,343,4,8,1.0,3,403997.39
0,1,13,313,2,14,1.1,2,876958.44
3,16,16,189,2,17,3.5,3,733683.6
2,20,4,306,3,11,1.3,3,355529.4
1,9,3,339,4,17,3.7,3,525886.17
0,8,16,34,2,19,2.0,3,1022243.18
1,4,13,161,2,6,3.4,6,388913.2
3,14,9,212,4,15,2.1,4,832694.9
3,13,10,156,3,15,1.3,6,1008225.79
0,24,2,135,4,13,1.8,2,420802.13
1,7,10,27,3,11,3.5,1,534146.45
0,16,6,98,4,10,2.1,2,517708.51
1,3,2,4,2,16,3.0,0,436167.85
2,15,11,379,1,9,2.9,4,426423.64
2,7,14,142,3,6,4.8,6,364665.01
2,19,3,169,1,8,2.8,3,359015.17
3,25,8,189,1,3,1.9,5,960855.43
0,20,14,232,3,9,1.7,2,885631.46
2,10,13,151,3,11,2.6,5,331877.41
0,20,13,294,2,5,2.2,0,910581.1
2,5,2,384,3,4,3.1,1,347471.58
3,6,5,202,4,19,3.9,4,852036.29
2,16,17,96,1,8,3.8,2,319231.4
3,4,4,146,4,9,1.7,0,390140.71
3,1,12,150,3,12,2.0,3,519966.56
3,16,18,1,1,18,4.9,4,830993.55
0,9,4,146,4,18,4.6,5,543291.14
3,1,12,112,4,6,4.6,3,554060.84
0,3,15,337,2,5,3.6,0,1070831.56
3,1,5,288,2,18,4.0,6,901955.8
3,12,15,157,2,8,2.6,5,961021.05
3,2,2,283,3,3,1.8,4,911416.59
3,17,18,171,4,16,4.7,2,618984.73
3,9,6,279,1,19,3.2,6,940326.35
2,1,4,127,2,12,4.7,1,205480.35
2,8,15,279,2,17,5.0,1,275266.58
1,17,9,392,3,18,3.2,1,452817.53
2,3,14,315,2,9,3.0,4,356441.93
2,23,16,91,2,4,2.8,6,344429.28
1,19,18,179,2,8,2.2,2,443371.2
0,12,13,4,3,6,4.4,3,816912.76
1,15,4,310,4,18,4.9,3,537083.43
1,23,6,116,2,11,3.8,0,467976.02
1,1,16,289,4,18,1.7,4,371691.85
1,23,4,75,2,18,1.6,5,481454.04
0,14,6,46,1,16,4.9,4,522853.48
3,21,8,99,1,7,2.6,1,531926.11
1,5,5,289,4,12,3.5,1,602981.33
0,4,17,279,4,4,1.1,2,1105008.18
3,24,13,177,3,3,2.8,2,672495.91
0,1,9,329,3,14,2.1,3,812612.12
2,14,3,252,3,20,3.7,0,235456.94
1,2,10,390,4,20,3.5,4,529804.42
3,4,5,393,1,11,3.3,2,565600.41
1,17,8,95,4,7,2.0,6,426493.1
0,23,4,360,2,19,3.1,3,510840.6
2,19,18,99,4,11,4.4,0,264720.0
2,14,16,143,1,7,2.2,0,194077.15
0,23,17,56,3,15,4.7,1,1064665.88
2,14,6,162,3,13,3.8,6,383652.6
3,17,7,6,2,15,1.9,0,388045.15
1,2,6,28,1,8,4.9,4,596774.17
2,7,14,131,4,8,3.8,2,263991.64
0,12,8,90,2,9,2.7,4,667074.34
1,20,9,316,3,11,4.0,2,539353.65
0,25,18,311,1,8,2.7,1,1158404.62
0,4,4,146,4,20,1.7,0,479829.62
1,15,2,372,2,5,4.6,0,565468.67
3,21,9,121,4,6,2.9,1,502316.74
3,18,6,40,4,19,2.1,4,854324.11
0,13,15,34,1,8,4.8,4,1020326.19
2,25,3,9,4,20,3.2,4,280423.61
0,18,16,176,3,19,4.4,1,1016088.94
0,3,2,310,2,19,3.1,4,442262.18
0,21,6,201,2,19,2.0,0,582549.03
1,1,14,204,4,3,3.7,1,443284.28
1,2,4,378,2,14,4.3,3,502245.42
0,25,18,111,3,17,2.7,4,1196652.26
2,7,7,191,4,4,2.4,1,308723.88
1,15,3,307,1,8,2.8,6,528444.62
2,17,6,284,4,12,4.7,1,257496.45
0,20,6,33,2,4,2.3,2,465634.98
2,25,17,94,3,18,3.6,3,321911.19
3,25,4,351,3,20,3.4,2,605747.55
0,6,2,132,1,14,1.8,1,363448.73
0,14,14,72,2,17,3.5,6,883097.35
3,17,5,256,4,19,3.4,3,721041.59
2,15,15,27,3,16,2.9,4,303607.66
2,14,12,238,4,15,4.5,5,345142.08
2,19,16,191,1,7,1.7,6,341755.81
1,12,18,12,4,6,2.4,0,405625.07
0,18,16,227,3,4,3.2,0,935021.6
0,6,3,314,1,8,3.4,0,521172.81
0,22,7,69,3,18,1.6,2,617498.32
2,4,16,133,2,19,3.0,5,373275.52
2,25,3,334,3,10,2.9,4,357308.17
1,4,2,19,1,14,1.5,1,375023.95
1,6,6,381,3,6,2.3,2,400657.94
1,5,11,171,2,15,3.7,3,471801.59
0,5,10,272,1,13,2.9,5,710887.84
0,5,13,333,1,13,4.8,3,884968.55
2,3,2,295,4,10,4.3,4,351633.78
0,5,6,338,3,16,3.1,3,600972.09
0,13,11,88,2,10,2.8,5,820109.52
0,23,16,152,1,3,2.6,1,1065686.76
1,21,9,103,3,9,1.5,5,452488.88
1,20,16,110,1,3,3.1,6,462365.45
2,4,7,96,1,7,4.1,0,232004.82
1,5,11,352,2,8,3.1,6,432993.7
3,13,16,156,4,7,2.9,3,757411.77
2,19,5,291,2,13,3.4,3,381874.51
2,10,9,37,2,10,2.7,1,238318.58
0,1,16,103,4,13,4.7,3,1157778.58
3,4,6,375,1,10,3.6,0,470411.35
1,19,15,295,1,13,2.8,5,530316.8
0,21,15,181,3,3,4.5,6,1038088.3
2,9,10,201,4,11,1.5,3,273745.1
0,11,7,385,3,20,2.9,2,596861.75
3,19,8,179,2,3,2.4,6,1012859.57
2,22,18,336,4,11,1.6,5,406444.85
3,17,8,256,4,15,2.6,2,681330.72
2,24,18,285,4,10,3.3,0,278375.8
1,22,18,113,2,8,4.1,3,623959.72
0,8,8,130,4,12,2.1,5,751748.18
2,18,8,348,4,3,3.2,2,349576.61
3,23,9,53,1,17,3.3,2,576132.97
1,3,15,287,4,16,4.3,3,547019.94
3,5,15,222,3,18,1.3,1,380412.15
1,1,16,196,4,13,2.0,1,445187.48
2,23,13,19,1,7,2.6,5,340240.06
2,20,13,279,1,12,3.3,2,312365.44
1,23,18,369,3,19,2.1,1,392872.58
1,22,12,3,2,15,3.8,4,574930.56
2,6,11,355,1,8,1.3,4,423620.45
2,21,11,341,1,8,3.9,1,339940.91
3,13,8,393,1,19,2.7,3,680171.23
1,22,12,192,3,6,4.1,4,621397.11
0,11,9,10,4,6,3.9,6,734050.09
2,15,6,311,1,6,3.2,2,338552.77
2,20,12,336,2,15,1.6,0,289673.95
0,8,18,128,1,13,3.4,0,1117726.02
2,3,4,228,4,14,4.9,5,307099.66
3,17,18,329,1,19,1.7,5,983627.44
3,24,9,148,1,7,3.8,5,1021866.48
0,13,16,287,2,18,4.7,6,1128832.13
1,21,8,269,3,9,2.2,1,500074.27
2,20,8,102,1,16,3.4,2,258819.7
3,13,3,130,1,13,2.4,6,1081879.52
3,17,5,348,2,15,3.5,4,714001.84
1,12,3,310,3,12,5.0,2,589591.36
3,3,8,301,4,19,2.6,4,821801.42
3,25,17,235,3,12,1.4,6,1139426.47
1,17,4,141,4,20,2.2,5,412485.6
0,25,17,192,1,16,1.2,6,1180925.02
3,5,6,379,2,9,4.5,5,815990.53
3,11,14,225,1,9,5.0,2,658699.39
1,21,14,365,2,13,1.7,1,403136.54
0,17,4,375,2,7,1.2,6,559827.26
3,17,11,177,2,19,1.6,2,537158.97
1,13,16,88,1,6,3.3,1,398773.31
2,9,4,225,4,12,4.2,0,237157.01
0,11,3,123,3,8,2.0,4,451879.61
0,16,14,283,1,15,4.4,4,945050.39
3,19,4,55,4,4,3.2,4,858716.05
2,16,9,91,1,18,3.8,2,255624.78
0,25,11,355,3,8,1.8,4,837483.83
1,7,5,257,2,15,3.0,6,418157.64
1,13,15,154,1,11,3.5,6,491652.11
2,7,11,232,4,4,2.4,3,337340.23
2,5,5,351,4,20,4.8,0,332116.59
1,1,15,191,3,14,4.0,2,533575.96
3,12,8,28,3,3,2.3,6,967977.39
2,2,15,225,1,6,2.7,4,374592.54
0,7,16,374,1,13,1.9,1,1033628.16
2,3,18,381,4,17,2.7,2,381690.09
3,6,6,386,3,3,2.3,5,835802.04
3,17,13,273,3,14,2.9,3,683148.34
1,25,18,92,1,10,4.1,5,557991.62
0,12,4,45,3,16,3.4,5,485165.38
3,20,5,8,2,18,3.0,6,957794.99
1,24,9,394,4,15,1.6,4,465083.37
1,18,15,94,2,13,3.8,0,571093.92
0,17,13,376,2,17,3.0,5,997500.68
3,20,2,201,4,20,2.3,1,586572.77
1,1,14,115,2,9,1.5,6,348063.43
1,14,16,105,3,14,1.4,2,445667.85
2,9,13,263,4,20,3.5,3,388610.08
1,15,8,83,4,6,3.4,5,582810.43
0,10,15,11,3,14,1.6,4,932740.61
2,19,15,355,1,10,4.5,4,387147.59
1,6,6,351,4,11,3.0,3,534290.81
1,19,4,92,2,17,2.0,3,472650.11
0,4,13,381,4,20,4.5,0,917462.63
3,21,3,227,2,17,4.6,5,885598.41
2,13,9,20,3,3,1.5,3,219193.61
3,23,11,13,2,4,1.7,4,837747.07
1,15,15,230,1,4,1.4,0,351061.92
2,25,3,162,1,7,2.3,3,254443.55
2,22,15,79,2,12,3.7,0,215666.14
0,5,9,170,4,3,2.0,5,776353.95
0,17,18,119,4,17,4.5,3,1179925.05
2,20,15,129,1,7,4.7,4,276893.04
0,21,6,160,1,16,3.8,3,618462.45
0,18,12,125,2,20,4.9,6,914900.51
1,23,13,293,4,15,1.6,1,300449.78
1,23,9,340,1,10,1.6,5,408272.7
1,1,12,113,2,19,4.3,6,520897.31
3,17,13,327,1,16,4.7,0,455080.16
0,16,6,360,2,4,5.0,5,579849.75
2,9,2,168,1,18,4.0,4,387079.89
3,2,7,131,2,8,4.6,4,783994.39
0,23,14,330,1,9,1.0,6,1062905.76
2,21,2,304,4,19,2.8,5,446923.09
1,11,4,109,2,12,4.0,0,562670.62
3,2,7,116,1,14,1.6,4,741184.27
2,12,5,270,3,18,3.2,5,372656.0
2,19,16,323,1,15,2.4,1,332222.96
1,4,17,372,4,16,2.2,6,493931.05
1,4,3,76,4,13,1.5,3,391455.74
1,7,14,158,3,19,3.3,1,464646.17
1,7,2,171,4,15,3.5,2,513048.35
0,23,10,25,1,17,3.4,1,766987.5
3,16,18,153,3,7,2.2,2,602743.93
3,7,11,344,2,6,1.6,6,914332.09
2,12,3,160,3,19,1.7,4,339143.72
2,3,8,159,3,12,2.0,4,325410.13
1,3,8,84,2,5,2.8,4,530988.37
2,9,18,279,4,16,1.4,1,329345.37
0,14,5,231,1,3,3.4,0,527526.79
3,1,7,195,1,19,4.3,3,620849.99
0,8,7,199,2,5,3.1,4,679868.65
1,3,7,129,3,14,3.6,0,475208.87
3,8,13,35,1,15,3.5,6,990187.0
0,23,17,105,2,18,1.0,3,1069999.06
1,13,9,117,1,10,4.1,0,551244.48
0,21,7,230,4,3,3.4,3,681405.43
1,4,2,150,2,15,2.4,4,444468.09
1,25,10,330,3,6,4.5,5,595757.16
1,5,11,11,3,19,1.5,1,389639.63
0,3,11,157,2,8,1.6,6,801043.85
0,3,3,346,2,5,2.4,3,477382.26
1,10,3,280,1,3,4.7,5,541649.76
2,9,7,24,1,4,1.3,1,260512.16
3,25,16,67,1,14,4.9,3,755946.09
1,6,12,253,2,7,4.1,1,436181.34
0,2,12,177,1,17,4.9,2,819943.68
2,16,17,251,1,6,3.5,0,306906.12
0,7,5,123,2,9,3.9,4,533174.63
0,3,8,154,4,16,1.7,4,730268.47
1,5,3,61,3,8,2.0,1,345561.75
0,1,14,212,2,20,3.5,4,991369.96
1,5,14,159,4,19,1.4,3,349995.36
3,23,5,33,4,18,3.9,2,764763.18
0,20,7,41,1,12,4.6,0,607772.5
0,1,3,59,4,3,4.4,1,385265.9
3,8,12,246,2,10,4.6,0,348572.86
3,13,6,86,1,10,1.2,0,412161.74
2,11,2,108,3,5,1.0,4,227413.42
2,14,5,138,4,17,4.8,2,288401.86
3,19,12,260,1,10,2.1,5,929437.86
0,8,9,328,2,17,1.8,0,698201.01
3,4,15,104,1,20,2.3,3,748309.03
2,16,3,10,2,17,1.4,1,286274.51
2,9,9,314,2,20,4.8,5,402469.95
2,14,18,375,1,5,3.7,5,432237.48
2,7,18,267,1,17,2.0,4,374937.35
2,12,12,255,2,13,2.1,3,393669.28
0,13,3,28,1,17,1.4,1,417123.94
3,12,14,277,3,7,3.4,2,518043.51
2,22,8,107,3,7,1.6,1,299338.33
3,5,4,387,4,5,2.6,1,484186.47
1,11,11,383,2,9,3.5,1,541965.26
3,4,11,89,2,14,4.0,5,834111.94
0,2,12,399,3,8,4.5,4,895420.45
3,20,11,23,2,5,1.6,5,879862.58
0,22,9,358,1,12,3.5,3,740790.3
0,23,8,3,1,16,3.9,4,591560.9
3,23,5,375,2,4,3.4,2,685559.86
0,14,14,75,2,8,1.8,3,902440.71
3,19,17,172,4,19,2.7,1,496504.97
3,15,12,312,4,15,1.7,5,902381.3
3,20,17,46,3,17,2.6,5,979305.17
1,16,6,60,2,20,1.7,2,435628.63
0,22,14,197,1,15,4.1,2,926098.17
2,5,6,48,1,12,4.7,3,219185.39
1,4,8,294,2,5,2.7,0,406227.19
0,20,5,212,2,14,1.2,5,545095.78
3,7,4,219,2,12,2.1,5,942412.2
1,12,10,300,4,13,1.3,1,355428.13
2,25,5,177,1,9,1.3,6,375944.68
2,21,11,153,4,16,3.9,1,285057.87
0,18,6,130,3,7,3.3,2,591353.23
3,25,10,160,2,6,2.7,0,444272.84
2,22,2,80,4,4,2.6,2,270375.45
0,2,7,197,2,3,2.7,4,626048.61
1,22,17,56,2,12,2.8,2,510466.17
3,15,9,293,4,12,4.9,2,724512.25
2,17,8,276,4,6,4.0,5,349508.73
1,9,9,57,4,19,1.1,0,362279.89
3,3,9,43,1,12,3.0,5,819164.99
2,18,12,196,3,13,1.8,1,205450.81
3,24,10,163,1,10,4.2,6,895722.14
1,12,3,262,4,5,2.5,2,478834.99
1,11,9,219,1,10,4.6,3,537872.34
1,6,15,245,3,11,4.2,5,559271.59
2,16,2,62,1,15,2.3,3,272249.95
2,5,4,352,4,4,1.8,5,440500.55
0,3,10,371,2,20,1.4,3,794016.92
2,12,13,212,4,4,4.3,3,256465.33
3,16,2,162,4,4,2.4,6,1038904.76
2,16,18,324,4,13,4.4,2,296512.54
2,1,17,65,3,10,1.0,6,351115.08
3,1,9,246,3,5,3.8,0,341110.23
2,6,16,190,1,5,4.1,4,356586.77
3,17,8,392,3,15,4.6,2,629077.0
0,6,3,375,2,8,1.9,4,391366.52
1,14,18,280,4,16,4.7,6,609696.87
1,16,15,386,2,11,4.4,4,599046.51
3,19,16,397,4,8,1.5,3,699428.45
3,17,10,319,1,16,3.4,2,660497.23
0,4,5,263,2,11,2.3,5,528304.2
0,24,17,61,1,18,1.1,2,1099817.57
0,21,6,303,4,7,3.4,0,566374.09
0,9,10,323,3,19,1.3,0,728578.87
2,20,9,20,3,8,3.4,4,283052.18
2,4,8,347,4,6,2.5,4,377632.91
0,1,9,86,2,8,4.6,1,609701.11
0,12,7,217,3,10,2.0,1,563084.13
2,16,14,339,4,19,3.1,5,400191.3
0,14,18,189,4,13,4.4,0,1172023.98
0,10,12,309,2,11,2.6,4,862923.5
0,9,18,343,1,9,3.3,6,1273659.53
2,11,14,126,2,15,2.6,3,297076.87
2,12,9,108,4,18,2.2,1,258370.37
1,18,3,323,2,3,2.8,1,447709.09
0,19,16,83,1,3,2.6,2,1042196.2
2,9,11,306,3,15,1.0,1,307009.21
2,22,10,376,3,5,3.9,2,361146.92
2,16,9,257,1,11,2.7,2,377032.37
2,1,14,356,1,19,1.9,0,338141.1
3,21,12,145,4,5,1.3,0,506602.84
0,6,13,353,4,5,2.8,3,933884.56
3,11,17,159,2,6,2.6,6,1041144.46
1,24,6,6,4,7,4.6,0,592421.38
1,18,4,125,3,19,1.4,4,405622.91
3,2,17,115,4,14,3.2,6,916021.81
0,24,4,74,1,6,1.4,5,511003.05
1,11,11,50,2,8,4.0,6,480255.08
1,5,11,123,1,5,4.6,3,540660.18
1,9,18,284,1,17,1.6,0,311964.95
3,5,6,304,1,4,1.7,4,708927.79
2,23,4,41,2,15,1.8,0,283865.28
0,12,12,358,4,3,3.3,4,905867.68
2,13,16,353,3,6,2.6,0,275926.98
1,25,6,340,4,7,2.9,3,542025.72
1,19,3,266,2,15,2.8,5,487622.02
3,5,18,183,4,11,4.5,3,651159.33
1,17,17,107,4,8,3.4,1,636885.89
1,24,16,202,4,20,3.9,4,507821.66
1,18,16,238,4,9,4.8,6,640232.24
3,8,7,322,3,7,3.0,5,871804.98
0,23,17,113,4,13,4.5,1,1042101.97
3,12,3,168,4,5,1.8,0,357360.71
1,15,4,18,2,10,5.0,6,643770.64
2,5,14,231,4,7,4.3,0,220315.26
2,1,5,34,2,10,2.6,1,224992.66
1,6,12,354,4,5,3.5,4,449403.89
0,2,14,60,3,8,2.2,0,984751.06
3,6,3,12,4,17,1.8,1,474619.63
2,3,9,214,2,9,2.9,0,213393.52
0,21,18,182,3,12,3.3,5,1154288.04
3,20,15,177,4,16,4.3,6,1090561.54
0,23,9,11,3,16,4.5,1,820183.0
2,11,10,203,1,17,1.4,0,239983.35
3,22,7,208,3,20,2.9,5,939895.84
0,12,12,120,1,13,2.1,2,854382.47
1,15,14,82,1,8,2.5,3,488797.62
2,5,18,185,3,3,4.7,0,275578.53
0,5,2,23,4,13,4.8,6,353779.8
0,9,13,292,2,19,2.4,6,801774.02
2,16,15,226,4,11,1.2,0,269891.18
0,18,6,396,4,4,1.8,0,638823.26
1,1,5,108,3,15,1.1,0,344683.77
3,8,8,291,2,5,2.3,3,690806.43
1,22,2,355,1,13,2.5,0,452603.42
0,22,11,52,4,17,4.3,5,814986.52
1,22,18,355,2,12,1.1,2,376472.87
2,6,18,267,2,13,4.5,1,372526.78
3,23,17,174,1,10,1.5,3,756447.43
2,22,11,186,3,11,1.5,5,290826.13
0,1,8,243,1,14,1.0,2,652343.35
0,4,14,134,4,17,3.7,2,955360.64
3,8,14,213,3,6,4.6,4,847528.12
0,2,3,204,3,14,1.2,1,557121.78
2,15,10,16,3,14,3.5,0,220954.18
1,25,11,300,3,13,4.9,3,683321.63
2,1,18,174,4,8,2.2,3,278471.7
0,15,10,173,2,19,4.7,3,727842.85
1,1,7,225,3,16,1.3,5,415281.55
1,22,15,201,2,15,2.8,2,477470.03
3,13,12,107,1,19,4.9,4,736032.17
1,11,13,69,1,18,3.5,3,496218.46
2,5,7,373,2,8,1.8,2,364214.54
0,2,18,106,3,18,4.9,6,1183699.21
1,4,16,93,1,13,3.7,2,472888.78
3,24,13,136,1,12,4.1,3,679177.57
3,8,3,54,4,18,1.4,4,815698.34
2,25,4,363,1,15,1.5,0,309048.0
0,7,18,322,4,5,1.2,6,1205151.51
2,14,18,273,1,20,3.6,1,320750.76
0,1,18,277,2,15,1.9,3,1183276.22
0,11,4,75,2,15,2.4,6,566012.85
2,10,16,241,4,15,3.4,0,255184.95
3,19,17,102,2,16,1.3,3,765793.78
0,3,16,279,3,10,1.2,3,1042531.85
1,24,11,3,3,4,4.5,6,586412.15
0,9,7,356,1,12,1.8,6,719508.3
1,21,4,383,3,17,1.8,3,448574.93
2,9,6,396,3,20,4.6,4,359192.21
0,16,15,184,2,18,4.6,5,937963.51
1,21,9,240,4,12,3.8,2,523331.16
1,9,18,138,4,12,2.9,0,389261.42
0,21,6,101,1,3,3.8,2,609846.74
3,17,10,382,4,4,3.8,6,1064384.01
2,7,18,250,1,11,2.4,5,374202.62
3,20,4,336,3,19,3.9,6,1120477.42
0,3,16,99,4,6,2.5,2,912631.63
2,20,4,77,2,3,4.9,4,308110.2
0,19,7,376,1,19,3.2,4,635256.97
0,5,17,389,4,15,4.8,5,1030132.85
2,11,11,88,4,6,3.5,1,285900.34
3,22,6,327,3,16,3.5,2,564898.33
3,1,18,11,2,13,1.8,3,694213.27
0,6,2,4,1,16,3.4,2,337118.84
0,19,6,378,2,17,2.5,0,603931.64
0,20,8,78,3,16,4.1,5,691823.65
0,25,9,217,2,12,1.7,5,734995.33
1,5,10,81,2,11,1.8,0,314138.83
1,2,4,207,2,12,3.8,1,458399.04
2,23,8,218,1,17,4.8,2,367999.82
2,20,4,366,2,4,3.8,5,388224.09
2,10,10,351,4,8,2.3,3,441736.65
2,22,17,378,4,6,3.8,0,280885.33
0,1,18,300,4,9,2.0,3,1192895.27
3,6,17,165,1,12,1.0,5,956800.89
1,3,16,270,4,11,2.8,2,498583.36
0,9,11,211,1,10,3.6,4,896272.7
2,15,16,62,1,16,2.1,1,237848.76
2,1,12,15,2,18,2.3,1,200648.4
1,19,5,318,1,16,2.6,5,498266.24
1,8,15,208,1,8,4.2,6,562991.63
0,1,6,136,2,4,3.5,2,629933.33
3,4,12,36,3,20,4.3,5,891784.51
3,11,14,259,2,9,1.2,5,949940.82
1,18,2,101,2,18,3.1,0,449939.47
1,21,8,108,3,5,4.2,0,522393.98
3,10,14,310,2,7,2.3,1,446702.42
0,10,8,335,1,19,1.4,0,712413.04
0,10,18,75,3,18,4.0,0,987169.97
2,22,10,284,3,7,2.6,5,378422.84
0,17,9,84,2,7,3.9,1,576326.28
1,22,2,208,2,13,3.9,2,521816.81
3,19,5,161,1,12,3.4,5,857532.23
2,23,16,245,3,17,4.0,2,241876.25
1,1,4,329,4,17,4.0,4,549913.36
1,2,14,245,1,4,1.1,6,333473.47
3,7,18,70,1,7,4.1,2,530271.34
2,17,8,308,1,19,3.4,2,331600.49
2,21,12,281,4,18,1.0,3,318725.28
0,24,2,92,1,18,1.8,3,448223.46
1,19,3,270,3,13,1.3,5,360272.91
0,8,17,193,4,10,4.5,3,1117193.9
2,20,18,172,2,4,3.1,5,327192.57
2,20,11,220,3,5,2.4,2,276121.51
3,20,12,121,3,13,4.7,5,1011939.32
2,2,18,392,4,4,4.1,6,443037.86
0,5,17,317,3,19,1.1,2,1079447.37
3,12,8,91,1,8,4.0,0,434359.82
0,4,11,244,2,12,2.2,4,760489.61
0,11,17,7,4,10,3.4,1,1083932.38
3,11,16,335,1,4,1.5,2,587779.19
1,23,18,383,2,8,3.1,2,513673.57
0,13,15,268,3,6,4.3,1,1031262.56
2,21,16,206,4,8,4.1,1,250170.15
3,8,2,164,3,8,2.7,2,661210.42
2,5,15,177,4,8,2.7,5,343069.33
0,7,9,76,2,20,4.4,2,736793.54
0,22,7,175,3,14,2.3,6,680123.3
2,13,4,350,3,18,2.6,0,341864.83
2,20,12,186,1,13,1.1,3,274954.38
1,14,18,355,4,17,3.0,1,501475.25
2,3,17,196,1,12,2.6,3,382407.01
2,25,17,210,3,13,4.7,6,367474.98
3,5,6,50,1,14,3.0,5,905302.94
0,14,12,287,3,20,2.4,5,936661.57
1,24,12,276,4,7,1.2,2,435658.52
1,22,2,63,3,6,2.7,3,531859.04
1,22,16,208,1,16,1.7,3,412434.01
3,22,7,130,4,15,1.6,4,769309.22
0,6,3,291,2,13,3.4,2,432828.23
3,20,17,317,3,9,3.0,2,624354.71
2,24,17,154,1,11,5.0,3,331989.34
2,23,9,206,3,16,2.3,6,346949.58
0,23,13,272,4,12,4.8,2,991123.34
2,12,3,250,4,20,2.1,1,304299.57
3,20,16,83,3,7,4.0,3,780498.44
1,8,11,38,4,19,2.4,4,393109.39
3,4,6,281,2,6,1.6,5,865170.85
2,11,15,95,2,7,2.9,1,220305.0
3,14,4,111,4,19,2.8,6,1056946.47
1,21,3,264,2,15,2.4,1,435318.39
2,12,9,400,3,12,2.3,6,446988.64
3,9,9,147,2,20,2.9,0,330200.95
2,12,13,37,3,9,1.5,1,245471.84
2,25,9,396,1,19,4.3,5,394892.52
2,13,15,94,2,6,4.9,0,198960.55
2,6,4,130,1,4,4.6,4,353068.48
1,8,9,317,1,8,2.5,2,474429.52
0,5,10,286,2,9,3.4,3,748350.37
0,13,11,113,1,15,1.9,3,698248.65
0,24,9,218,1,16,3.4,2,699369.11
1,15,14,228,1,18,3.5,5,583967.7
2,13,15,93,2,15,3.7,5,280364.9
0,16,18,115,3,11,2.9,3,1085458.36
3,1,10,181,3,3,4.2,2,555601.53
1,16,10,287,3,14,3.9,5,541993.95
2,8,11,189,3,13,3.3,6,394791.26
0,1,9,55,2,20,2.3,4,710903.38
0,17,4,370,3,19,2.3,1,593793.59
2,8,8,155,3,19,3.6,5,377873.07
0,19,5,213,2,19,2.1,1,467986.56
0,20,18,104,4,16,4.2,3,1085600.97
2,1,11,209,4,10,3.2,3,315765.8
3,24,17,369,4,8,1.2,0,492418.16
2,24,15,236,1,4,1.8,5,337757.61
1,10,10,281,4,10,3.3,2,453037.85
2,16,18,270,3,14,4.5,3,330667.13
1,15,3,350,2,14,4.6,6,546164.64
1,25,3,157,3,19,4.3,4,570433.5
1,1,7,252,3,16,3.4,5,503781.26
1,5,7,112,3,18,1.9,6,452586.76
3,18,4,213,4,5,2.6,1,548269.39
0,13,6,55,3,15,3.3,4,596318.35
0,16,3,359,4,13,3.1,3,506449.41
3,22,10,102,3,17,1.6,6,1060268.8
3,25,13,384,3,10,5.0,0,478682.0
1,10,16,208,2,8,4.6,5,495707.84
2,17,18,89,1,19,4.3,5,333152.15
1,15,9,142,2,15,2.8,4,497319.17
3,3,7,196,2,19,2.7,1,461574.25
3,6,7,58,4,20,4.9,0,346788.88
0,14,15,12,3,14,1.5,2,1008993.4
3,4,4,121,4,14,4.3,4,840619.18
0,17,8,362,2,3,2.8,3,804146.83
1,5,17,238,2,6,3.2,3,424429.12
3,4,14,345,4,15,3.8,2,568883.43
2,9,8,44,2,10,1.2,3,218827.69
2,7,11,124,1,18,2.6,1,250620.16
0,7,3,170,2,15,3.6,5,459554.01
1,24,15,107,4,8,2.0,1,455724.57
0,5,11,211,2,18,4.5,6,756566.91
2,10,12,298,1,6,2.3,0,260364.1
1,24,7,290,2,3,2.6,6,529878.6
2,13,11,2,1,14,3.6,0,139768.95
0,23,11,82,1,17,2.7,3,765168.17
3,23,3,236,4,18,2.8,1,496224.1
0,25,15,354,4,18,1.7,2,1014562.72
2,11,14,390,3,19,1.9,1,333521.1
1,11,17,240,3,20,4.4,2,578286.13
1,16,7,363,3,17,2.0,1,349451.95
2,22,3,314,3,17,2.1,6,466822.84
2,15,15,62,4,14,2.6,2,239421.4
3,4,9,324,2,18,1.8,5,903377.23
0,15,13,100,2,18,2.3,6,904453.11
0,3,16,227,3,16,3.2,4,1022525.75
1,21,6,26,3,8,2.4,1,525523.72
0,22,5,29,1,4,1.8,5,482546.43
1,4,16,328,3,8,2.0,6,366056.57
3,4,6,342,2,13,2.4,1,486426.74
3,12,3,76,2,11,1.6,6,1066698.38
0,19,3,186,4,12,2.7,3,422062.61
3,17,17,15,2,9,4.7,2,584344.04
0,4,8,366,2,14,1.2,0,683578.52
2,1,16,180,2,9,2.0,3,299741.29
1,17,3,304,4,4,3.3,5,535088.94
3,6,11,297,4,3,3.5,0,306780.41
1,16,14,21,1,20,1.2,0,402032.38
3,2,3,11,4,11,2.9,0,424187.14
3,20,8,59,2,3,3.7,3,757501.12
3,22,3,158,1,16,2.6,6,1048609.08
0,7,11,109,2,7,3.4,5,858695.78
1,12,7,35,1,6,3.9,6,544829.9
0,1,14,163,4,20,3.3,6,977507.92
3,13,17,186,1,6,2.3,2,591453.93
1,12,17,336,1,16,1.5,5,379540.11
3,15,13,400,1,17,3.0,4,800088.28
3,14,16,42,1,5,2.4,2,560387.14
1,22,9,396,3,5,4.6,4,596865.53
1,2,14,324,4,10,1.4,3,307731.52
3,23,12,53,4,13,3.1,1,435851.08
0,15,2,336,2,8,3.4,2,417468.66
0,3,4,196,3,14,3.8,4,548240.77
2,22,7,172,3,15,3.7,0,230438.97
1,20,16,364,2,13,1.8,3,469160.52
2,23,12,76,4,11,1.3,2,357952.1
3,7,13,206,3,16,1.2,1,588347.53
1,20,7,368,2,3,4.9,2,603921.25
3,22,16,375,3,13,4.6,3,773330.65
1,12,12,50,1,7,1.1,0,316390.46
0,25,5,74,4,19,3.7,1,548746.56
2,13,12,366,1,3,3.0,5,406205.16
2,17,4,207,2,15,1.5,0,199713.76
2,21,7,319,3,12,3.9,0,248959.34
1,17,10,329,2,9,3.1,1,420693.65
0,12,3,3,1,6,1.8,1,359398.57
3,1,8,177,1,5,1.5,2,570188.37
2,14,17,354,3,6,3.5,6,362807.72
3,14,17,38,1,6,1.8,5,1033479.74
1,4,8,252,1,15,2.6,3,402624.1
3,24,6,94,2,7,1.0,1,622753.94
1,7,10,245,1,14,4.3,0,526664.79
2,21,16,257,4,9,2.5,5,370982.98
1,12,7,185,1,14,1.2,1,348115.41
2,4,5,368,2,4,4.3,5,325703.83
0,23,17,350,2,9,3.4,3,1044488.49
2,23,18,264,2,15,4.3,4,410013.99
3,10,8,377,3,9,2.8,6,1021682.36
2,19,11,347,1,17,3.4,3,375216.82
2,3,9,7,3,17,3.0,4,195552.72
2,13,9,342,4,15,5.0,0,322643.64
0,7,16,326,2,4,1.7,0,1058642.29
0,12,2,265,3,18,4.4,0,331119.75
0,23,12,133,3,7,4.8,1,847580.01
1,13,12,333,4,20,3.7,6,558343.61
2,15,10,231,4,3,1.1,0,318822.23
1,16,4,391,2,18,4.9,6,536646.76
0,20,16,337,2,12,3.2,1,1034093.57
2,12,16,113,3,13,4.4,6,373095.02
1,13,13,215,1,3,2.6,6,432368.26
1,23,13,219,4,3,4.3,2,556275.26
1,13,17,27,4,5,2.6,5,529807.09
3,12,9,84,1,11,1.8,6,1058430.2
2,23,14,145,3,17,1.6,0,212792.78
2,23,14,87,3,17,1.1,1,226668.11
2,6,10,244,1,10,3.4,4,352969.64
0,23,6,245,1,19,3.8,1,501996.11
1,6,14,74,2,4,4.8,6,556108.78
0,3,2,151,3,20,3.9,3,434170.95
1,1,5,152,1,19,4.4,2,417066.6
1,25,17,225,1,18,2.2,0,407897.56
1,16,13,359,3,20,2.2,4,442778.23
0,6,7,351,1,18,1.7,6,688762.69
3,18,10,14,4,10,3.7,0,352357.08
1,4,18,271,3,5,3.2,4,547945.55
1,15,3,92,1,6,5.0,1,536122.23
0,9,9,66,4,16,1.2,5,672003.23
0,10,14,163,4,15,3.7,1,901644.53
3,24,10,307,3,4,3.7,3,778283.53
1,19,6,222,1,20,2.3,6,453101.55
0,13,3,152,1,9,3.5,6,366488.74
1,11,6,213,3,17,4.7,0,567477.4
3,15,13,34,3,16,1.7,5,901491.31
0,25,17,110,2,10,4.2,1,1064837.13
3,16,11,272,3,15,4.4,2,577114.1
1,24,7,284,2,19,3.7,2,580005.92
1,19,3,283,3,13,4.4,5,538024.75
1,24,8,221,3,10,4.5,5,588430.7
2,7,10,108,1,10,3.7,3,344991.63
0,8,8,282,1,18,4.4,3,767979.4
2,9,12,297,1,3,1.8,3,289421.43
0,3,17,388,4,5,3.8,5,1172830.29
2,20,15,367,1,19,2.2,3,363867.02
1,18,16,78,2,17,4.4,6,532474.29
3,15,4,189,3,15,2.2,4,833923.68
1,15,13,333,1,4,1.7,6,399877.88
0,23,7,13,4,4,1.3,5,617045.72
3,21,4,271,2,19,1.5,1,594654.02
2,2,5,84,3,4,4.0,0,225603.74
3,16,10,164,4,11,2.7,0,416658.31
1,9,12,99,2,4,1.7,5,403991.14
2,1,2,0,4,6,3.0,1,233085.66
2,11,2,283,2,11,4.0,3,341372.92
1,22,14,112,1,13,3.7,1,521248.3
0,15,3,313,4,5,4.2,1,485013.7
1,17,12,284,1,16,4.4,6,501176.03
3,10,7,127,4,8,5.0,5,848039.81
2,7,4,61,2,13,4.6,4,272110.39
2,9,11,97,1,18,3.8,1,213709.78
0,15,15,277,3,14,1.1,1,946788.31
0,1,7,320,3,3,2.0,4,659850.33
1,8,17,64,4,12,3.0,0,411607.62
0,23,8,180,3,14,2.2,5,797826.04
1,10,18,139,2,11,3.6,5,447251.67
2,21,7,210,2,8,2.7,6,415254.29
2,25,6,316,2,3,3.0,5,432505.17
2,16,15,153,3,17,3.5,4,368766.19
2,9,2,60,2,8,2.4,6,355031.78
1,2,5,125,4,19,2.7,2,387248.13
3,12,17,40,4,17,4.0,3,644175.42
0,14,3,126,4,20,4.5,6,441059.15
3,1,12,73,1,7,2.4,4,683564.38
1,9,14,343,4,16,2.2,0,433028.68
3,25,10,323,1,19,1.6,5,927566.0
3,11,11,364,1,20,3.9,3,682106.68
0,14,18,156,3,6,4.8,3,1155985.11
3,24,16,106,4,11,2.3,2,564101.47
2,20,15,91,1,20,4.3,2,261930.18
1,1,11,274,1,14,4.0,0,538983.61
0,23,4,199,4,6,4.8,6,472992.54
1,14,5,399,4,3,1.2,1,358150.33
3,7,7,399,4,18,3.6,5,845107.57
2,14,8,160,2,15,2.5,2,285739.76
1,17,13,217,4,3,3.8,5,552232.79
1,12,17,65,2,11,2.4,4,470112.19
3,2,15,386,3,14,3.8,3,685686.6
1,16,3,43,1,16,1.3,3,362322.43
2,22,9,70,4,18,3.3,3,254860.09
2,21,12,356,4,9,4.4,2,375531.14
0,23,6,8,3,5,1.8,0,514488.11
1,21,9,148,1,13,3.8,1,512634.73
1,23,15,265,4,8,3.1,5,582117.63
1,9,11,121,1,19,4.2,6,629498.8
3,10,14,353,2,6,3.3,2,660993.86
1,12,18,329,2,8,1.8,2,377840.04
3,9,3,7,2,13,1.5,3,685785.49
1,21,17,7,4,12,2.7,5,493856.82
1,21,13,305,2,9,4.6,6,614735.91
2,9,2,293,2,14,2.3,1,365618.24
3,19,11,119,4,8,3.5,5,947485.63
2,24,2,17,4,14,2.0,2,270422.77
1,10,12,278,2,10,4.3,4,517783.12
2,7,9,288,1,4,2.0,0,342718.23
2,18,15,253,4,10,1.4,3,286717.78
0,10,18,138,2,6,3.1,4,1074388.92
2,18,6,349,3,18,2.3,1,360132.39
0,25,9,17,1,18,3.4,5,694266.9
2,8,13,385,3,14,4.9,4,381531.54
0,22,13,257,3,7,2.6,1,860415.23
3,9,16,396,1,13,4.6,4,799749.9
0,21,15,177,3,12,2.9,6,1048584.89
2,15,17,227,1,8,2.9,2,349258.09
3,5,17,236,1,19,4.9,4,756597.94
0,4,9,335,3,12,1.1,3,738918.37
1,5,17,352,4,11,3.2,5,512655.21
2,5,3,365,2,15,2.8,4,442219.45
3,14,12,41,2,6,3.5,6,1063772.75
3,19,11,170,1,17,4.0,4,870013.77
0,19,11,395,2,6,4.7,3,855868.02
3,5,4,8,1,20,4.0,5,883971.79
2,25,3,104,2,6,3.0,6,408537.47
1,16,13,115,1,4,2.9,6,458392.98
3,17,17,250,3,5,3.3,5,937472.22
1,23,5,58,1,6,3.0,1,455679.22
0,24,9,246,2,17,2.5,2,792161.71
0,16,16,398,3,6,4.8,5,1096953.58
3,4,4,213,1,20,4.5,6,914302.57
0,24,5,350,4,17,4.3,4,576057.24
0,15,18,36,1,15,1.8,5,1203697.98
2,13,13,6,1,14,1.3,2,247022.32
1,2,6,54,2,12,2.3,6,390644.34
1,19,9,192,4,19,2.1,4,472927.13
1,21,18,264,1,7,1.1,5,474763.03
1,11,5,305,1,15,4.0,0,494858.26
1,11,18,291,2,14,2.6,5,443307.04
2,21,17,311,2,8,2.1,3,358144.97
0,24,16,197,1,3,5.0,2,1019483.18
3,3,14,54,4,14,1.3,4,829295.34
3,23,17,197,3,15,2.4,0,426924.56
2,2,5,18,1,7,5.0,4,286766.72
1,7,18,38,4,10,1.7,5,354096.56
0,18,11,56,3,14,1.5,5,786287.03
3,11,4,278,1,3,2.4,3,704355.85
2,19,14,75,4,3,1.8,4,230404.44
0,10,16,378,3,9,3.0,1,1119204.54
0,18,13,71,2,4,2.5,1,939371.67
3,6,10,200,2,10,4.9,2,619654.22
1,4,8,203,2,13,1.7,6,480660.74
2,16,7,310,4,17,2.5,0,296457.76
1,6,13,358,2,4,2.8,5,443994.5
3,17,5,326,2,11,3.9,3,714376.0
1,6,7,44,2,4,4.4,5,436952.63
1,18,6,2,2,12,1.5,4,371939.56
2,13,3,3,2,9,3.9,3,221993.58
1,19,6,392,3,15,2.5,5,432399.0
3,16,4,55,4,10,1.4,5,954857.55
1,13,7,272,4,10,1.9,0,334852.97
2,22,16,106,3,5,2.2,1,221335.05
3,24,6,83,3,9,1.2,0,506515.65
3,10,2,56,4,18,3.3,2,678525.02
2,24,6,217,3,9,1.7,1,297049.06
3,11,14,326,1,4,4.7,6,1121403.37
3,20,3,395,3,9,4.7,2,602764.97
1,6,7,129,4,17,3.6,4,450115.91
3,5,18,51,1,20,3.1,6,972563.61
3,10,16,169,3,18,5.0,6,1053790.34
0,16,7,162,2,4,3.1,0,638248.6
3,21,8,300,4,15,1.2,6,1022196.23
1,15,7,225,1,17,2.8,6,492329.05
1,19,8,259,2,5,4.2,4,564579.05
3,11,2,357,2,13,3.9,4,698632.89
1,4,12,110,2,3,3.1,2,407100.8
2,7,2,280,3,8,3.4,6,442060.26
3,10,6,264,2,4,2.9,4,765798.74
2,10,13,163,2,19,2.4,0,270271.55
1,6,13,25,4,7,1.5,2,388429.43
3,1,17,258,4,17,4.6,6,1017064.39
2,6,7,173,1,13,2.4,0,251972.26
0,7,7,20,4,10,4.4,6,642015.84
0,15,11,284,2,18,4.5,4,954011.26
1,5,8,231,1,18,3.1,5,380581.71
2,24,14,89,1,19,3.5,3,300036.35
3,23,6,41,3,12,2.4,2,582597.92
0,21,2,86,2,12,1.7,5,456928.79
0,3,7,124,2,8,4.1,1,657090.14
3,22,6,102,4,18,2.2,0,467173.44
0,1,14,104,3,5,3.8,2,958341.33
0,13,2,23,3,12,4.0,3,315471.12
3,16,9,15,3,19,2.0,6,1041302.43
2,1,16,217,3,6,2.8,2,275796.21
0,10,12,102,1,12,1.2,6,876114.14
2,17,2,356,4,17,1.8,6,420439.71
2,4,5,287,4,15,2.2,2,306533.11
0,23,17,313,3,3,1.4,2,1093775.51
1,24,12,108,4,7,1.4,3,401059.54
1,18,17,168,2,4,3.7,3,518057.83
2,15,8,284,2,19,4.6,6,398032.98
0,5,3,243,4,16,2.9,0,399215.91
2,7,16,1,3,11,4.1,4,274415.69
0,7,15,246,4,5,3.3,1,1064838.66
1,10,12,336,1,15,2.0,0,397180.97
0,25,15,142,2,12,1.1,4,990530.46
3,18,18,171,3,18,4.7,2,714291.6
3,6,14,361,2,18,5.0,5,787665.79
0,4,15,352,4,7,1.3,1,1000676.37
2,13,10,233,4,3,2.2,5,382085.74
1,12,4,184,1,11,2.4,5,449392.95
2,13,8,299,3,11,1.1,5,297976.93
0,12,13,46,2,20,2.2,4,973004.36
3,24,12,382,1,4,3.5,6,1022457.37
2,6,4,396,3,8,4.2,1,304993.19
1,18,5,103,4,16,3.6,4,553952.07
2,18,12,254,1,10,4.5,6,388103.24
2,8,9,25,3,20,1.0,6,364678.05
3,9,2,228,3,3,1.9,6,922770.1
3,5,11,219,1,7,3.3,4,748555.33
1,15,14,160,3,3,3.0,1,479181.56
3,1,18,385,1,8,4.2,5,961289.97
1,24,10,71,4,12,1.3,5,412276.75
1,22,7,25,3,14,3.5,5,519790.53
2,23,17,103,2,15,2.8,1,228401.54
2,20,3,268,2,4,1.5,2,344764.75
2,10,7,246,4,19,3.9,1,250469.14
1,4,6,128,3,20,1.4,0,375864.04
1,5,14,207,4,5,3.1,2,410917.36
2,16,16,315,3,12,4.7,1,339387.91
0,19,3,151,3,4,3.7,2,459844.63
1,14,17,320,1,5,3.5,1,501454.19
0,6,2,282,2,8,3.1,3,479163.46
2,8,4,75,3,14,1.9,5,321544.0
1,23,6,392,1,13,1.7,2,426656.51
0,7,15,164,3,13,1.6,1,923919.45
3,9,4,1,3,7,4.3,4,833685.27
3,18,3,120,4,8,2.3,2,654078.34
0,1,6,12,3,14,3.4,0,543505.14
0,2,8,204,1,17,1.5,3,713621.09
0,20,6,103,2,3,1.5,1,616597.47
3,12,14,364,2,9,4.9,5,930242.47
3,16,16,171,1,10,3.9,1,434050.83
1,15,5,318,1,18,3.9,1,580737.58
0,18,8,3,2,7,1.5,2,665440.63
2,21,15,78,1,3,4.3,0,195465.65
2,25,12,185,2,9,2.4,1,319003.87
2,8,10,188,2,19,4.7,5,356218.23
2,24,6,33,4,6,4.9,4,298187.58
0,17,17,6,4,5,3.2,5,1045669.65
3,3,18,20,2,13,2.5,0,364112.72
2,20,3,136,4,8,2.7,5,293614.17
2,1,2,100,2,15,4.0,6,396564.45
1,22,8,301,3,12,2.1,5,436575.68
3,4,17,23,1,20,1.5,4,823912.76
3,8,11,85,3,5,2.5,2,654167.47
2,17,17,99,2,14,3.4,2,318679.83
1,11,13,129,4,17,3.6,5,474152.83
1,6,12,193,3,10,4.5,4,525272.7
1,22,11,392,3,13,3.3,3,523927.4
2,21,8,77,4,13,1.1,4,301007.37
3,12,14,68,4,16,2.8,0,515586.71
2,3,6,148,2,20,1.2,2,255862.81
2,2,7,213,2,5,4.5,3,275373.41
0,2,3,398,3,19,3.0,5,538806.57
2,24,7,282,2,7,1.4,5,406785.32
1,8,16,202,2,3,4.7,3,526729.12
1,11,11,162,4,12,2.0,1,468480.83
1,18,9,105,2,15,3.8,3,581257.29
0,2,9,102,3,17,1.1,4,682325.36
1,7,9,91,3,9,1.4,5,347896.78
0,7,7,155,1,5,3.0,6,616374.91
1,20,17,379,3,10,4.5,6,537033.04
1,10,10,303,3,20,1.7,4,409036.89
1,25,15,107,1,9,1.7,2,426457.57
2,19,16,205,1,18,1.5,5,354459.01
1,3,6,104,2,13,4.6,3,574907.33
1,2,10,366,2,3,4.3,3,458997.17
2,8,6,245,4,3,4.4,3,382602.63
3,1,12,288,2,10,1.6,0,366135.31
1,8,11,97,1,5,4.9,6,601130.62
0,3,15,151,2,16,1.1,6,985590.92
2,3,18,301,2,10,2.8,2,370148.58
0,15,15,307,2,18,2.3,0,1022162.25
3,17,14,185,1,7,1.1,2,785909.14
0,15,15,391,2,11,4.8,2,1064529.74
2,12,11,176,1,13,2.5,3,256830.5
2,24,9,384,4,6,4.6,3,378034.19
3,3,14,179,3,8,4.3,3,675032.55
0,11,2,57,1,9,3.1,2,390179.24
2,7,11,61,4,10,4.8,1,244836.37
3,25,13,144,2,15,3.5,1,573848.1
3,15,9,32,4,12,3.7,0,434951.43
1,25,14,84,1,7,4.9,2,570817.8
1,5,14,155,3,5,4.6,6,579062.73
0,7,6,118,2,10,2.7,2,676463.59
0,14,18,297,4,18,3.2,2,1116189.78
1,17,17,144,4,10,2.3,4,364449.11
0,9,5,89,3,14,1.8,6,479281.03
1,16,13,95,1,9,4.0,5,521742.64
1,12,12,115,3,4,2.0,5,418939.24
3,8,12,393,4,14,1.3,5,855947.55
2,20,6,278,1,18,3.8,5,387025.06
1,2,12,373,4,3,1.3,5,318235.85
3,2,8,377,1,16,3.4,5,782642.29
1,20,3,112,4,14,4.5,2,648464.08
1,3,14,107,3,19,4.1,6,495677.56
1,9,16,289,4,7,3.5,5,429568.36
3,21,9,274,3,20,2.4,2,632184.53
2,7,18,368,4,15,2.2,5,350827.8
2,1,18,163,1,7,4.6,6,347938.95
0,7,12,328,4,5,4.2,3,921118.68
3,25,14,22,3,12,4.7,0,473694.88
2,13,3,358,3,13,3.9,3,383575.49
2,2,17,76,1,19,3.9,3,269628.53
0,5,3,296,2,13,4.7,4,537101.12
1,7,8,325,3,13,2.8,2,452617.27
0,5,8,152,1,3,3.0,1,669601.96
1,11,2,332,1,3,1.0,1,368350.74
0,22,3,341,1,6,2.4,3,470331.45
0,13,6,88,2,9,1.0,5,604724.83
1,16,15,271,4,10,3.3,0,454734.93
2,1,3,78,2,12,3.7,5,367851.24
0,13,15,151,3,17,3.5,0,929034.69
1,3,17,190,2,14,2.0,4,375854.87
0,25,12,184,1,4,1.5,2,902174.38
3,6,5,215,4,13,1.8,2,532163.42
1,1,7,21,1,17,3.0,2,466134.52
3,16,7,252,2,5,3.2,3,703720.57
1,7,8,138,4,3,4.7,0,530903.79
1,24,10,127,3,11,2.6,1,509034.91
2,6,4,55,3,13,2.6,3,299805.09
3,10,7,302,1,20,2.7,6,968999.66
3,2,9,83,2,13,2.0,5,904217.08
1,10,6,394,1,4,2.4,2,474701.63
2,21,5,382,4,20,4.2,5,387834.32
0,24,15,291,1,13,1.3,6,1130180.6
0,24,3,335,2,16,4.5,2,546369.63
2,3,12,28,1,19,1.1,6,366050.65
2,20,11,186,2,16,2.7,1,236260.84
1,10,2,55,1,12,2.2,5,392941.57
1,17,2,72,4,6,1.9,4,359068.54
3,9,10,149,2,14,1.5,6,942318.33
1,15,8,271,1,7,4.6,5,565007.21
0,17,9,380,1,4,4.2,3,709095.95
0,4,14,88,1,20,4.6,1,908849.66
3,1,10,27,3,9,2.9,0,346052.6
2,15,4,324,1,11,3.3,6,452356.4
3,25,10,389,3,4,5.0,3,759517.76
3,6,6,286,2,11,3.2,1,439230.97
1,4,5,244,3,10,2.3,4,413961.54
1,12,17,306,4,8,3.9,4,558297.34
2,18,11,105,3,20,2.7,4,242638.89
0,20,11,342,1,4,4.2,0,835101.48
1,7,11,181,4,3,1.4,4,283818.34
2,23,17,108,3,19,3.1,4,304480.41
1,11,11,98,1,19,4.0,1,534186.22
1,5,7,29,3,19,3.7,0,538140.56
1,5,2,131,4,5,3.8,6,523316.91
1,2,3,31,2,18,3.7,4,511156.03
3,16,14,14,1,14,4.7,5,845598.17
1,11,12,275,4,20,1.7,1,322323.67
1,9,15,114,3,12,2.2,4,382523.42
1,15,17,358,1,19,1.4,4,387167.94
2,16,9,74,4,9,1.3,5,330193.25
1,9,5,22,3,15,2.3,1,425108.1
3,9,14,168,1,4,4.4,0,314809.98
1,8,6,104,1,11,1.3,3,348975.54
2,10,16,330,2,8,1.4,0,301786.6
0,9,4,284,2,17,4.0,0,447279.61
1,8,11,185,4,20,2.7,6,470533.17
3,3,4,235,3,19,2.1,5,885732.12
2,9,13,164,4,13,4.7,4,300728.54
3,4,13,357,3,14,4.5,2,538194.62
0,20,5,138,1,11,2.5,0,571402.04
1,10,14,38,4,19,2.9,1,511379.46
3,21,3,265,2,15,4.2,0,425550.46
2,1,18,151,2,15,3.8,6,367530.89
3,16,3,208,4,13,2.8,2,669420.18
1,16,18,62,2,13,3.0,5,476513.56
0,12,16,337,3,16,4.6,4,1058462.01
3,10,15,63,2,16,2.7,5,1006796.32
3,11,3,149,4,3,4.7,5,877000.72
0,23,9,271,2,18,4.4,4,648380.75
2,1,4,101,2,16,4.6,6,373016.2
0,7,16,320,3,13,4.3,6,1096938.49
2,25,16,110,1,14,3.7,4,340969.68
2,2,17,8,1,19,3.2,0,182591.14
1,19,10,140,4,15,1.3,3,384857.92
3,19,10,9,4,11,2.8,2,634027.35
3,18,13,228,3,14,3.4,2,570447.95
1,25,4,115,4,19,4.2,0,593664.88
0,8,6,388,1,5,2.9,0,565323.53
0,2,15,256,2,18,1.1,6,1024886.96
3,16,15,220,4,17,3.4,2,539645.5
1,3,18,327,4,6,4.9,4,530608.6
1,1,5,383,3,3,3.2,0,405688.45
1,19,14,87,3,17,1.2,2,287512.75
3,9,2,16,3,14,2.2,4,808819.12
3,12,15,374,2,17,1.3,1,485033.05
0,10,11,252,3,7,4.7,1,776768.32
0,24,13,323,3,11,1.0,4,963667.7
3,23,14,316,4,14,4.1,2,615995.6
3,22,18,56,2,20,4.8,6,900254.77
1,8,7,29,3,12,4.7,4,616235.79
0,3,4,276,4,4,4.7,2,570781.11
2,24,7,364,1,3,2.2,2,338717.85
1,19,12,381,3,8,2.3,4,467914.93
3,2,7,25,2,11,3.4,4,751849.08
3,24,14,298,4,15,5.0,1,610153.19
3,4,11,272,4,14,1.5,2,527647.33
2,3,16,257,1,19,2.0,2,344093.06
2,25,2,188,4,9,4.5,3,329190.86
3,6,16,358,2,8,1.5,0,348975.14
2,5,8,210,3,9,2.8,0,277552.67
2,11,6,312,1,9,4.6,0,311498.94
2,14,14,394,4,15,4.9,3,373920.11
0,7,11,328,3,5,3.8,5,854332.64
1,25,16,1,4,16,4.6,6,667239.76
0,6,8,206,2,3,4.2,4,732501.44
0,1,12,305,2,13,2.3,5,863001.18
0,22,7,204,2,7,1.8,1,684908.14
3,14,16,377,1,6,1.5,6,963923.62
0,1,2,238,1,8,1.2,4,522081.72
2,1,6,382,1,19,4.7,0,301764.38
0,1,2,159,2,12,4.6,2,411914.02
3,11,3,328,4,19,2.7,3,776231.25
3,20,4,42,1,20,4.2,1,469753.75
0,14,11,270,1,18,2.1,3,839360.4
0,24,10,213,4,19,3.4,3,761657.68
0,15,11,60,2,14,3.3,0,778471.78
1,22,18,330,2,5,2.8,5,439471.43
0,11,17,114,3,7,3.6,2,1222714.97
1,25,5,146,2,19,4.8,5,603172.99
2,24,2,355,3,7,1.8,5,411151.61
2,16,17,378,2,12,3.5,2,350770.94
1,10,14,312,1,9,1.7,5,445727.35
0,19,14,53,4,20,4.4,1,830318.2
1,18,12,30,1,16,4.9,0,651293.79
2,16,15,46,2,13,4.3,0,184186.39
2,6,12,304,1,20,3.5,3,285736.39
0,11,5,58,4,5,4.9,6,608820.61
0,17,8,89,4,15,2.0,4,722094.92
2,20,4,112,4,12,3.5,6,314526.83
0,4,5,78,1,14,2.2,6,557503.35
0,3,13,0,3,5,1.8,4,907298.61
0,1,5,188,1,6,2.8,1,469601.54
2,23,10,150,4,7,1.5,4,368973.0
1,9,4,293,4,13,4.5,6,544332.07
1,17,15,368,1,16,4.6,0,586373.74
0,6,18,395,3,8,3.8,0,1160877.09
1,1,14,51,2,12,3.2,4,490072.21
2,18,3,86,1,15,3.7,0,241118.97
2,18,8,96,1,19,1.9,6,377461.67
3,4,3,120,1,8,3.2,1,404384.65
3,1,2,199,4,18,5.0,6,1000010.63
3,23,11,11,1,12,4.1,3,749310.46
2,16,15,380,3,4,3.3,0,234508.46
0,2,8,111,3,17,1.6,0,676844.2
2,20,9,297,1,11,2.2,0,319176.11
1,19,15,19,2,11,1.7,5,347483.81
3,20,4,86,3,20,2.6,3,717008.52
3,8,18,222,1,15,3.7,2,762907.65
1,24,15,354,1,9,3.9,6,593308.21
0,12,12,343,4,8,3.9,1,917892.89
1,1,11,79,4,6,3.3,4,365950.78
2,16,2,274,1,11,3.7,2,392097.96
3,16,2,0,4,8,4.8,4,835910.24
2,16,18,337,1,10,1.0,0,271475.58
2,18,2,110,2,9,1.8,6,390964.13
1,9,8,333,3,18,4.6,5,531260.74
0,16,13,144,1,15,4.4,4,902142.23
3,9,4,226,1,20,2.5,0,436378.66
2,4,14,16,4,4,4.5,4,281496.66
1,3,8,93,2,15,1.5,2,348058.82
3,9,3,182,4,7,1.7,0,363641.37
2,22,5,48,1,4,4.1,1,255502.24
0,12,5,372,1,11,3.6,6,635817.26
2,24,6,68,1,11,3.7,2,309201.33
3,5,16,332,1,15,2.3,2,628502.01
1,24,5,153,2,3,4.9,4,627138.81
2,7,5,162,3,10,4.0,5,344047.86
2,18,12,315,2,10,4.4,1,293147.08
2,4,12,142,1,11,2.8,4,338795.35
1,16,5,83,1,3,1.4,5,329037.26
3,7,16,53,4,11,1.1,5,953916.15
2,14,11,111,3,7,1.6,5,329656.58
0,19,2,295,4,18,4.6,5,482615.73
3,23,12,208,3,13,4.2,5,982642.7
2,19,9,269,4,18,3.7,1,309579.69
2,24,10,280,4,14,1.1,1,271613.88
0,4,10,254,4,8,2.0,4,813462.73
1,22,7,337,4,18,3.5,4,587913.38
0,7,18,287,2,15,3.9,5,1123495.26
1,22,2,284,4,7,2.3,6,482302.04
1,3,14,140,2,4,3.5,3,524106.8
0,12,16,39,3,16,2.6,5,1089180.77
3,1,5,233,3,11,1.0,5,976255.12
1,23,13,253,1,18,4.2,4,601283.67
3,3,8,370,4,20,2.7,6,987866.7
0,2,2,234,3,20,2.5,6,459723.82
2,12,4,266,1,14,3.2,0,341088.08
3,20,5,165,1,17,2.8,4,695281.49
2,13,4,42,2,17,4.4,2,224944.16
1,16,8,300,4,11,2.2,0,457765.56
2,11,6,193,2,18,2.6,0,240978.89
2,11,17,233,1,14,2.6,3,287368.08
2,18,9,63,3,9,4.8,2,211830.43
0,2,16,109,1,20,2.7,5,1016826.73
1,11,18,215,4,5,1.4,5,373967.5
2,16,16,106,2,17,2.9,5,333827.82
2,3,14,34,4,9,3.8,0,169716.7
3,15,4,96,3,15,2.9,0,385492.65
2,16,12,183,2,13,3.1,0,301055.3
2,1,18,95,1,15,1.5,3,284904.08
2,22,18,35,3,3,1.4,4,259129.85
2,8,2,141,4,7,2.3,3,259607.9
2,19,14,28,1,8,4.6,6,300397.9
3,10,10,400,1,14,4.9,3,706126.29
0,2,5,146,3,17,3.8,5,556245.88
2,6,17,94,4,9,1.6,1,266675.34
3,20,8,323,4,14,1.1,4,911481.7
1,19,6,221,3,5,4.6,2,574029.59
0,21,10,361,1,17,4.2,4,845737.19
0,3,9,31,4,12,2.3,4,772718.14
0,9,13,266,2,20,1.5,1,901760.07
2,16,5,342,1,20,1.4,5,367063.3
0,24,17,275,1,4,3.8,2,1034588.97
1,25,15,259,1,15,2.6,3,526553.21
1,6,11,20,2,12,2.0,3,417753.6
1,9,15,161,1,10,4.3,2,589227.88
1,25,15,386,2,17,4.2,2,524173.0
3,7,18,191,2,20,4.6,2,529776.06
2,3,2,75,3,14,3.6,3,278721.67
0,19,7,135,4,7,2.9,3,527405.64
0,5,10,65,3,9,2.3,0,668833.38
3,23,3,74,2,3,3.9,4,775321.87
1,2,16,265,3,12,2.9,6,393712.92
2,17,10,113,4,11,3.7,2,268891.42
1,6,12,343,1,5,1.3,4,391139.4
3,1,12,249,4,16,2.5,2,579969.9
2,25,5,321,2,20,3.0,5,441178.62
2,10,18,109,2,6,2.1,6,386828.42
1,25,17,273,3,13,4.9,3,599531.9
0,13,5,306,2,11,3.3,5,577087.32
3,22,6,323,1,11,3.8,2,655754.8
1,16,11,124,2,12,2.5,0,423591.95
2,24,16,88,3,20,4.3,2,280080.19
3,24,4,329,2,6,1.5,5,934714.26
0,17,16,221,3,5,4.9,0,983373.78
3,18,9,310,3,8,4.9,0,399166.5
0,10,7,272,2,7,1.5,1,614628.84
0,22,17,199,4,15,2.2,2,1155258.92
0,1,3,358,2,9,4.0,4,472228.59
0,12,18,303,4,18,3.8,6,1222459.07
1,22,3,262,1,5,2.4,1,423880.53
2,25,11,58,3,17,3.4,5,248127.83
3,21,6,387,2,20,1.0,1,551737.48
1,24,3,396,2,17,3.7,4,533139.79
2,20,5,153,4,10,1.7,6,369966.92
0,8,13,175,3,14,2.3,1,833838.99
3,9,8,371,2,16,3.0,4,865554.53
1,9,5,175,2,19,2.6,0,412083.38
2,16,8,133,2,13,1.5,4,298785.22
1,10,14,395,3,12,2.7,3,466557.15
2,8,3,177,1,15,4.2,0,269501.48
1,22,16,4,4,3,1.8,5,445587.43
2,18,14,313,2,5,2.6,6,459394.97
2,23,13,62,3,9,1.7,0,194867.27
2,21,17,151,4,6,4.6,6,363617.97
1,6,6,397,1,15,3.3,4,494445.45
2,17,12,303,4,15,1.7,6,410025.62
1,21,2,30,4,17,3.9,6,541518.08
3,11,10,73,4,19,1.8,5,846201.7
2,11,10,180,1,8,3.1,0,244923.29
3,16,7,212,4,4,3.6,0,428527.13
3,17,15,70,2,3,2.9,6,1101088.13
2,18,3,41,3,5,1.6,2,230820.54
1,13,14,370,3,14,4.3,6,566290.09
3,13,13,178,2,9,4.1,2,603511.03
2,4,10,111,3,6,3.4,2,303831.41
0,21,11,374,1,16,2.8,3,823964.78
1,7,6,52,2,14,2.5,0,450962.72
1,20,9,255,3,18,4.0,4,581514.15
3,14,16,122,2,6,2.1,2,593219.39
2,21,9,31,4,16,1.8,3,258332.26
3,20,16,206,2,15,3.6,0,463342.78
0,14,15,135,4,16,2.0,1,900031.4
2,15,18,382,3,15,4.8,6,391974.81
0,16,9,214,1,10,2.1,6,824607.84
1,21,8,382,3,17,2.2,5,456233.02
1,22,2,302,1,15,2.0,0,455429.83
3,15,5,12,3,14,1.5,4,788469.89
1,4,2,390,1,11,4.5,2,560227.75
2,22,17,245,1,8,1.0,4,365366.11
0,21,12,326,2,9,2.3,4,890862.47
0,21,4,14,1,15,2.8,5,508234.24
2,10,17,7,1,6,2.6,4,322595.32
3,25,8,142,1,5,3.2,0,388666.13
3,14,5,52,4,4,4.5,3,720587.59
0,6,12,231,3,6,3.1,3,893095.07
0,12,17,142,1,15,2.4,0,1082562.59
0,15,15,297,4,18,1.3,6,984453.65
0,21,10,180,1,13,2.2,4,732468.55
1,4,6,132,3,11,4.8,0,490108.08
1,14,4,241,1,8,3.7,1,482545.02
3,5,10,211,4,20,4.1,0,351746.83
1,9,10,324,3,17,2.2,3,422086.17
2,6,5,343,3,15,4.0,2,299919.14
2,21,11,327,4,17,1.3,0,239671.86
1,20,10,46,3,3,3.3,2,557077.27
3,2,8,274,2,17,2.0,4,759683.36
0,6,14,290,3,5,4.8,2,1044957.12
2,24,14,223,1,6,2.1,0,323333.94
0,2,6,303,3,3,3.9,3,676291.39
1,12,13,77,2,4,2.8,3,482691.88
3,20,17,265,1,4,2.7,5,927459.76
2,10,16,3,3,4,1.1,6,323549.64
3,10,18,155,3,7,4.6,4,766027.51
2,17,5,21,2,7,3.4,0,222953.13
3,10,9,352,4,4,1.0,1,429685.69
0,10,7,213,4,7,4.6,6,540898.86
1,11,9,100,2,14,2.2,1,436633.66
2,8,8,32,4,7,4.6,3,295284.62
0,24,3,286,4,3,4.8,3,443847.93
3,24,12,12,3,10,4.2,3,833396.54
3,9,8,77,4,4,1.3,4,880250.92
2,14,16,129,1,14,3.0,3,354383.32
3,3,6,66,1,17,3.8,3,628575.34
1,22,11,66,4,8,2.3,0,424618.34
1,16,8,46,2,13,4.2,0,586416.7
2,7,13,191,3,8,1.5,1,281510.48
0,9,15,231,2,14,2.4,5,994667.54
0,19,16,391,3,12,3.9,4,1128517.42
2,5,17,272,4,8,3.5,3,213918.23
1,19,13,231,2,14,1.6,5,407309.94
1,8,15,132,1,10,1.6,4,340509.5
1,14,13,288,1,14,1.3,6,379206.3
3,7,17,23,2,8,1.5,6,960321.85
2,13,7,215,1,14,3.6,5,389788.67
1,18,14,102,4,15,3.3,5,478654.5
0,2,5,124,1,4,1.1,1,584138.36
0,19,11,273,2,12,4.7,5,786284.12
3,12,15,45,4,7,1.3,3,699645.22
1,9,8,250,2,10,4.1,3,586210.22
0,23,4,332,4,17,1.4,6,448819.85
2,11,16,233,3,15,4.3,4,334012.76
1,15,17,43,2,8,1.2,0,366250.82
2,4,5,94,4,14,1.0,0,205533.58
0,23,13,385,1,6,4.0,2,942209.97
3,14,9,139,1,8,4.9,1,493680.0
0,12,18,12,3,14,3.1,6,1123947.1
2,5,17,165,3,19,1.0,5,349239.49
3,7,3,389,3,8,3.4,5,892365.47
3,8,9,188,4,10,2.5,3,557632.25
2,14,9,172,3,7,4.7,3,285109.3
1,20,2,317,1,4,3.3,4,450933.64
1,23,16,222,3,11,3.6,4,549021.74
0,25,18,136,3,18,3.3,2,1213243.72
2,1,2,99,4,15,3.6,3,308548.29
0,11,10,216,4,18,2.8,6,821136.19
1,21,18,384,1,6,2.9,6,482540.9
3,21,14,272,4,15,3.3,4,881848.08
1,17,17,19,1,7,3.3,5,518623.23
3,14,18,56,3,3,4.7,5,839508.9
2,23,5,83,3,12,4.5,1,276169.84
3,24,7,61,3,18,2.7,1,494394.76
2,9,11,236,2,18,3.3,5,343275.63
0,12,11,320,4,10,2.7,1,819093.47
2,22,5,25,2,10,4.3,6,270165.57
2,18,15,167,3,17,4.8,1,275997.3
1,23,4,294,3,18,3.0,6,509912.14
1,2,14,107,3,11,4.4,0,502624.07
1,19,8,289,4,14,4.1,6,615065.7
0,25,14,342,2,15,2.3,0,1051255.1
0,13,6,351,3,20,1.4,1,594316.57
3,8,16,115,4,6,4.1,5,849287.32
1,23,7,1,4,19,4.2,5,614143.47
0,25,14,315,3,20,3.1,6,1044002.43
3,19,9,54,4,17,4.6,5,1038536.45
1,17,8,159,1,8,4.8,1,658245.63
2,20,18,16,4,7,3.8,5,333495.09
3,10,15,96,3,20,4.2,2,516483.3
1,10,6,369,1,8,2.6,6,504605.4
1,9,6,124,2,4,4.1,1,478766.11
0,4,14,330,1,12,1.8,0,965563.25
0,5,3,200,2,20,4.7,5,490195.78
0,10,18,378,3,10,2.1,4,1169829.53
3,7,15,388,4,13,3.5,3,646109.64
2,16,9,396,4,5,2.7,6,415382.65
0,22,18,33,1,15,1.0,4,1232835.88
1,25,7,154,4,14,3.2,2,461837.15
1,1,11,350,3,9,1.5,5,423445.35
2,3,13,324,2,11,4.2,2,338915.82
2,11,17,23,3,8,4.4,4,307340.71
3,1,14,311,4,13,4.7,3,777219.38
2,6,13,218,1,12,1.4,3,323809.26
1,24,12,133,4,13,2.4,2,497998.75
0,12,17,369,1,5,3.1,3,1166971.86
3,14,6,276,2,10,2.6,6,1006044.03
2,15,16,29,3,8,1.7,0,179226.67
0,15,4,265,3,18,4.1,2,470016.04
2,16,6,324,4,16,1.9,4,350743.28
1,5,10,131,4,18,3.2,6,487046.45
3,6,17,348,4,8,4.3,5,915175.2
3,24,11,254,4,20,3.0,5,1028523.78
2,18,2,276,4,17,3.7,4,371463.07
3,12,5,35,1,10,1.3,5,915327.39
3,2,13,277,1,9,2.4,4,832796.54
0,10,12,318,1,10,3.6,2,835872.53
3,18,17,321,1,20,2.8,5,890610.7
3,15,16,302,4,3,2.8,4,751339.62
3,25,6,388,1,8,2.2,5,1022443.55
2,25,10,130,2,18,5.0,3,263333.17
3,1,17,50,4,13,2.4,6,925915.08
0,9,13,149,4,19,1.8,6,958702.43
2,25,7,340,4,20,3.1,5,424701.38
3,16,8,167,2,17,1.3,3,638780.06
3,15,13,42,3,16,4.7,4,848895.84
0,7,8,6,4,18,2.1,1,550444.0
1,7,6,350,3,9,1.0,2,288553.37
2,16,11,258,3,5,3.2,0,282522.4
2,10,18,349,2,19,3.1,4,358880.54
1,25,18,48,2,9,2.9,4,508182.91
0,3,3,15,2,8,4.3,6,442558.41
2,17,14,24,1,18,2.7,1,256187.14
0,18,8,56,1,13,5.0,4,747896.74
3,22,17,111,2,8,1.4,5,977485.67
3,23,14,302,4,11,3.3,1,479146.51
3,8,9,213,2,18,1.8,3,620007.54
0,10,18,288,3,20,3.7,4,1058494.16
1,4,18,8,2,15,4.6,4,462929.76
0,23,17,21,1,10,1.5,0,1021186.16
0,15,4,151,4,12,1.0,2,521326.57
1,23,16,237,3,18,3.0,3,476495.03
0,13,7,219,3,7,3.3,5,653889.15
1,11,8,117,1,10,3.1,1,494986.81
2,7,15,64,2,5,1.6,6,342925.87
2,13,17,254,2,19,3.5,2,342624.2
1,17,11,268,4,17,4.8,2,539064.98
1,21,14,203,4,4,5.0,0,596516.14
2,16,2,370,3,11,3.7,0,291435.78
2,16,4,220,3,6,2.4,6,368133.45
3,5,11,331,4,17,3.8,2,595798.21
1,18,3,4,1,3,1.4,5,448002.45
1,15,9,158,4,14,1.0,1,357389.76
1,4,9,192,3,17,2.6,2,402463.39
3,16,11,145,3,19,2.0,2,589156.77
1,21,17,133,3,11,1.1,4,366363.86
1,24,9,108,2,4,1.5,1,363900.0
0,6,14,214,2,12,2.0,4,964973.82
3,22,3,60,1,7,4.3,3,787409.65
2,20,8,7,1,15,2.0,3,278785.85
1,17,6,61,2,8,1.7,6,401656.57
3,21,16,114,4,15,2.5,2,618711.5
0,4,14,274,4,7,3.8,1,1026658.86
2,13,11,66,1,5,4.7,1,227760.74
3,24,18,295,2,4,1.5,5,946014.36
1,21,4,368,1,9,2.3,4,419309.13
1,16,11,116,4,17,4.8,3,566914.65
2,3,3,5,1,11,2.0,2,283634.11
0,14,11,43,3,3,3.8,4,709643.31
2,19,7,82,1,6,3.3,6,436464.93
3,18,14,336,4,16,4.3,4,845854.6
2,18,15,174,3,3,4.3,0,264614.53
2,18,15,212,2,5,4.6,3,298425.04
3,19,12,256,4,17,4.1,4,941350.28
2,14,17,45,4,19,4.5,4,297877.68
1,18,10,400,2,10,1.6,1,341005.29
3,7,5,280,3,14,4.1,4,778417.33
1,18,17,260,4,16,1.7,3,387705.1
1,16,5,267,3,5,4.4,5,584221.29
0,6,17,214,3,7,3.5,2,1031229.72
1,22,15,382,1,11,4.7,4,634995.29
1,4,3,226,2,14,3.3,5,424067.19
0,17,17,8,1,11,1.0,0,996022.32
3,23,10,398,2,13,1.9,6,1034017.48
0,11,3,312,1,9,2.9,5,405709.32
2,21,5,208,1,14,1.2,3,325311.28
3,9,5,372,3,10,3.0,0,425920.45
0,9,14,321,4,15,3.0,3,1016884.69
0,5,4,163,1,16,4.1,3,504074.68
1,14,5,280,2,5,4.0,1,523346.91
0,4,15,209,4,12,4.5,6,1019014.98
3,25,4,89,4,12,2.4,4,894910.81
3,15,13,15,1,18,1.0,6,1074320.03
2,1,6,105,2,6,1.1,0,211694.93
3,16,16,185,2,12,3.8,3,781948.65
3,1,18,360,4,20,1.2,0,415716.15
1,21,15,129,4,15,1.6,4,419244.46
0,25,2,261,4,9,1.0,5,426707.91
0,8,12,347,2,20,3.8,5,900683.05
3,22,3,214,1,13,3.9,1,607331.97
1,22,6,295,3,18,2.5,6,478192.23
3,7,17,86,4,14,1.3,1,515251.01
3,16,14,220,1,11,1.2,3,758274.46
0,15,15,306,4,8,4.9,0,956205.24
1,14,13,272,4,17,2.7,4,543044.1
0,17,9,352,1,5,3.3,1,739415.2
2,23,16,217,2,15,1.3,4,335500.82
1,17,13,348,4,15,2.2,6,391698.36
1,18,3,248,3,17,2.4,1,439832.02
3,24,12,377,2,7,4.2,2,731774.7
1,10,3,279,2,15,3.4,1,560402.33
0,14,6,113,3,12,4.9,1,569024.66
2,20,3,34,2,6,3.3,6,332224.59
3,22,8,400,3,18,1.9,6,1027782.86
1,17,11,366,1,8,1.5,0,444952.65
1,24,6,188,4,9,2.5,3,489016.13
2,12,5,47,1,13,3.8,0,208619.19
3,14,3,266,3,13,2.7,5,932851.85
1,8,8,7,4,10,1.0,2,331888.06
2,16,10,396,3,14,3.6,5,421046.5
2,2,14,255,1,13,2.2,3,276193.09
1,13,9,293,1,19,1.6,2,422273.04
2,14,9,380,3,9,4.0,3,323112.44
0,16,14,178,1,7,3.0,3,815633.88
3,22,3,400,1,20,1.2,4,773623.19
1,8,16,172,1,18,3.7,4,515224.29
2,19,14,164,2,8,2.2,5,359968.24
2,23,8,227,2,9,1.2,0,314508.09
2,14,15,389,2,19,2.7,2,326546.76
1,17,17,295,3,14,4.4,5,563357.03
2,17,18,48,4,19,3.1,6,352458.41
1,8,14,312,2,17,2.0,0,439277.88
1,17,14,146,2,17,3.0,5,540061.2
1,7,18,17,4,8,4.7,4,573167.21
3,11,16,12,2,4,4.4,5,880198.23
0,7,10,374,4,11,1.2,3,865466.62
1,24,8,332,2,10,4.7,3,621832.98
0,20,15,177,3,6,2.9,6,970330.44
3,24,9,27,1,18,1.9,2,595253.83
0,9,4,307,1,9,4.3,2,559162.15
2,17,16,384,2,10,2.8,1,329907.6
3,19,10,197,2,17,4.4,6,1004679.6
3,6,9,114,4,9,3.2,0,457957.41
2,22,9,38,4,5,4.4,3,270966.51
0,18,17,64,4,20,4.6,4,1055784.55
2,20,12,98,4,12,2.7,3,312071.52
2,15,18,302,4,9,3.3,4,350462.27
1,23,7,124,1,3,3.8,6,594276.47
3,13,9,341,1,4,3.8,2,654262.22
1,13,2,107,4,7,3.4,6,550024.73
0,12,2,280,3,9,3.2,4,429778.46
2,12,12,35,3,8,3.0,0,227112.39
0,9,3,84,1,14,2.6,3,410751.57
0,2,15,202,3,13,2.1,4,1062870.46
0,11,7,147,3,14,2.9,0,675619.46
1,12,11,338,1,7,3.0,3,560030.68
1,21,2,347,4,17,2.8,1,466357.73
3,25,14,216,4,7,1.7,3,696320.97
2,6,12,332,3,14,2.4,4,392664.16
2,23,5,400,4,8,4.4,2,353411.7
1,2,15,296,2,14,1.0,4,324481.26
1,12,13,81,1,19,4.8,0,599404.39
3,2,9,107,1,3,1.8,5,851022.41
0,17,15,77,4,19,4.1,3,950689.92
3,25,16,243,1,20,3.8,1,470890.63
0,24,3,338,3,14,4.1,1,441387.54
1,9,5,319,1,4,4.5,5,484191.71
1,8,15,286,2,18,3.3,6,511835.03
0,25,4,324,2,10,1.4,3,490886.11
2,24,8,290,4,3,1.0,5,317458.56
3,6,17,123,1,3,3.2,6,939237.49
2,12,4,298,3,5,1.7,4,395909.53
1,17,4,9,4,11,2.4,6,419445.1
2,16,13,246,1,9,3.2,1,317786.37
1,10,10,248,4,10,3.0,0,459298.64
1,12,18,330,3,20,2.1,5,421242.65
0,13,2,243,4,6,4.3,1,467585.12
3,23,16,90,2,5,2.1,2,553526.65
0,6,12,358,2,6,4.4,3,944947.83
2,13,17,152,2,13,5.0,5,298702.14
2,11,5,188,4,8,3.5,5,325663.06
1,24,9,349,3,9,2.6,5,487412.98
1,12,14,344,2,12,2.8,4,454985.91
1,6,10,136,3,15,2.8,4,420626.38
2,8,2,351,3,4,2.7,5,368536.1
2,14,18,373,4,18,2.4,2,324179.56
2,11,6,93,1,13,1.4,1,278029.3
3,10,14,153,2,12,1.1,0,362832.09
1,15,3,172,2,10,3.4,5,483757.27
0,4,10,366,4,11,2.7,0,808831.02
2,24,18,62,1,11,4.1,0,250326.39
0,5,10,235,2,15,3.8,6,836135.2
2,21,4,386,2,14,3.9,5,429319.68
0,6,7,359,3,20,1.2,5,589841.48
2,18,6,315,2,14,3.4,3,327674.52
0,20,10,384,2,5,3.6,4,796245.92
0,23,15,371,3,9,1.3,6,1086109.7
2,14,3,288,4,20,1.5,2,331472.79
3,9,16,204,4,18,2.0,1,488719.01
1,6,3,135,4,16,2.8,3,422769.73
2,8,10,385,1,15,2.9,3,419007.78
0,21,7,354,4,17,1.6,5,781966.24
1,25,10,389,1,6,1.4,3,464504.62
3,13,11,392,2,3,4.6,6,995552.12
2,14,16,269,4,17,4.0,2,348697.21
0,5,6,106,4,6,4.6,1,543029.12
2,8,17,211,3,9,3.6,5,327719.54
1,22,13,209,4,16,3.5,6,503729.85
3,20,10,181,3,11,4.1,2,562562.91
0,18,2,199,1,18,3.1,5,446964.55
2,10,16,248,3,7,3.4,3,342373.71
3,15,11,23,2,16,2.9,1,516885.63
3,13,10,70,4,12,2.0,0,500133.4
1,23,8,239,1,19,1.7,2,405766.84
2,20,13,295,3,8,2.9,2,385260.48
0,7,9,341,1,19,1.4,1,709882.37
1,24,11,257,2,16,4.2,4,571948.46
0,24,13,223,4,16,2.5,1,895830.84
1,5,8,365,2,5,3.6,1,477988.7
2,7,10,229,2,20,4.6,5,385220.41
3,15,16,287,2,16,2.3,1,504443.52
0,20,11,9,3,4,1.7,2,712001.0
3,7,10,143,1,4,4.0,2,569730.63
1,25,14,383,4,13,1.6,0,403742.74
3,1,11,351,4,10,3.3,3,632279.02
3,7,17,168,1,12,3.4,1,428123.23
0,21,15,18,1,19,1.7,4,1018361.03
0,9,9,191,1,19,4.2,6,701382.93
1,2,17,373,1,7,1.0,2,330454.22
1,16,7,270,3,18,1.7,3,434786.97
2,11,11,173,1,12,2.4,6,373171.87
0,5,9,202,1,12,2.4,5,789877.45
0,6,17,10,2,17,4.9,1,1110071.63
2,12,13,335,2,5,3.4,4,343090.71
2,22,6,202,4,5,1.6,4,293019.0
3,20,11,3,2,6,1.4,0,434993.2
3,9,14,40,2,16,1.8,6,1094045.72
2,5,15,15,2,11,3.3,5,354326.35
3,2,9,128,4,19,2.2,5,830926.87
1,20,17,262,3,20,3.7,6,533758.51
0,14,6,231,1,13,1.4,5,577517.16
3,4,16,274,4,4,2.8,3,669300.58
3,25,14,77,4,18,2.9,1,497818.15
3,17,8,331,2,12,4.0,2,721722.67
1,14,5,17,1,5,2.5,3,356842.76
3,3,13,50,3,6,1.9,4,833951.66
0,9,18,329,4,20,1.5,0,1066847.99
2,24,16,168,2,6,3.4,4,347287.65
0,5,12,330,1,16,4.2,0,825742.69
2,18,13,235,2,12,3.0,1,273460.61
1,18,13,332,4,19,1.4,6,475245.02
1,1,7,226,3,6,4.5,6,551542.37
3,7,3,340,2,18,1.1,4,686484.35
1,21,15,8,3,20,4.6,1,574489.67
2,15,12,330,3,13,4.8,0,305911.79
2,5,11,41,2,4,4.4,1,284489.48
1,11,7,182,4,12,1.6,0,354540.81
1,11,18,95,2,16,4.5,3,647037.86
1,9,13,60,2,10,4.6,6,498326.31
2,25,6,325,1,10,4.4,3,398401.79
3,15,16,164,3,9,3.3,2,630583.96
0,17,11,126,3,13,4.8,2,819409.64
1,25,12,147,2,20,2.6,6,514499.9
1,21,11,12,3,20,1.2,3,384717.43
0,21,3,323,1,17,2.9,5,539885.88
2,19,13,62,1,9,1.1,1,269590.44
3,14,13,235,3,8,3.3,3,743603.9
3,24,10,161,3,11,2.2,4,770112.33
3,1,14,351,1,7,4.2,6,862266.53
1,10,5,4,2,19,4.0,0,558013.08
2,5,16,241,2,8,1.9,0,239980.22
3,21,5,82,2,4,2.2,3,736348.41
2,13,13,396,3,16,3.0,4,389744.98
2,22,5,372,4,5,3.2,3,398150.63
2,9,13,252,2,16,1.8,6,434043.77
2,24,15,7,1,6,2.1,3,258937.13
2,6,4,206,1,5,3.5,3,307798.09
1,18,2,335,3,12,4.4,2,642499.09
0,24,13,312,4,18,4.0,4,848714.04
3,4,16,203,3,13,3.9,5,909547.73
1,6,2,341,2,13,2.3,5,416881.78
1,6,3,217,3,12,4.1,5,499728.4
3,19,8,104,1,18,3.4,3,838580.01
2,18,17,206,1,13,4.0,1,327466.91
3,23,16,109,4,5,4.0,5,1009724.24
1,14,18,212,3,18,3.5,1,523288.73
2,12,11,233,2,13,4.9,4,377855.76
0,15,15,245,2,10,2.3,2,1017258.2
1,23,10,121,2,14,2.4,3,438040.06
0,8,2,197,3,6,4.0,4,454725.27
3,13,6,285,1,20,4.6,6,1001848.28
1,24,17,309,1,14,3.8,1,582468.67
0,17,18,175,1,20,2.7,6,1119163.7
2,17,7,155,4,15,4.4,5,332296.37
1,17,2,230,1,15,1.7,6,336914.26
0,11,4,261,3,7,3.4,2,455355.56
1,11,15,165,1,13,3.9,4,546667.31
0,24,8,326,3,3,2.5,2,690086.53
2,8,18,274,4,17,3.4,3,362580.35
2,13,15,100,2,18,2.1,6,378959.14
2,16,14,252,3,5,3.4,2,344046.39
2,18,15,113,3,16,4.9,5,291534.29
1,7,16,51,2,4,3.2,2,488741.41
1,23,14,319,3,11,4.3,6,533659.06
3,14,5,385,4,20,3.6,5,942107.05
3,25,11,48,4,16,1.3,6,1034647.8
2,8,10,145,3,19,3.7,6,359532.28
0,17,9,321,1,20,1.1,4,709597.9
0,14,15,301,2,5,2.0,4,1044330.0
3,1,18,155,2,10,1.6,1,441176.77
1,10,9,331,2,18,4.5,3,592930.97
2,1,4,267,2,11,1.7,5,351591.84
3,15,9,214,3,9,4.0,5,943747.39
1,23,11,81,4,17,1.8,2,460798.69
0,14,17,116,1,10,4.7,5,1037527.07
1,10,6,153,4,14,2.1,5,397585.94
3,18,13,193,2,19,2.5,5,1015616.48
2,21,2,215,1,6,3.4,5,364023.86
2,21,13,94,1,17,3.9,6,353057.05
3,13,9,120,3,10,4.5,5,892258.81
0,7,10,9,2,6,1.4,5,862424.1
0,1,18,108,4,9,3.3,2,1121031.55
2,21,11,288,2,8,4.3,6,463782.35
3,1,5,250,4,7,2.8,3,664215.11
1,17,2,245,4,17,2.7,3,465028.91
1,5,6,33,3,5,3.5,2,467866.36
2,15,11,31,3,9,3.1,3,301787.91
3,14,5,191,4,16,2.9,4,786739.59
3,25,10,155,2,19,3.7,4,879676.19
2,10,17,133,4,13,1.2,2,292883.11
3,13,11,371,4,15,5.0,3,684666.77
1,13,18,270,4,17,3.2,2,522143.54
1,20,11,221,1,20,4.2,2,567366.52
1,9,13,29,1,3,1.4,5,375935.27
3,15,15,53,1,11,3.0,6,1053154.37
2,23,3,193,2,16,3.5,6,397726.72
0,17,5,300,4,18,4.2,1,588262.79
0,18,9,183,4,17,4.9,0,764708.37
3,12,8,23,4,6,1.4,1,481406.68
2,12,2,371,2,18,1.2,3,392692.98
3,23,8,8,1,16,4.0,0,446742.41
2,5,9,351,3,11,2.0,1,315249.41
0,12,16,46,1,16,2.1,6,990259.76
0,24,8,251,3,5,1.5,4,712419.16
1,3,8,166,3,7,3.6,6,498489.87
2,20,15,62,1,6,3.1,4,297563.45
2,17,6,115,4,6,2.1,1,261634.96
0,15,7,182,1,18,1.5,0,684280.66
0,19,4,285,1,5,4.6,1,485327.38
0,25,4,85,4,9,2.3,5,571871.17
2,8,2,190,1,6,4.2,1,248737.19
2,14,14,137,3,20,2.9,3,379352.41
3,10,17,246,4,13,3.8,5,820494.38
0,12,7,44,2,19,1.5,5,669779.89
1,24,11,110,3,9,3.1,0,509591.12
3,18,11,338,2,15,1.3,1,501268.35
0,17,11,154,1,11,2.2,3,886255.55
2,21,10,300,4,8,3.3,3,300175.03
1,23,18,258,2,10,1.9,1,363389.4
1,9,7,377,4,11,2.3,3,385307.29
0,12,10,358,1,13,4.9,4,838804.81
3,3,18,149,2,17,2.3,4,837838.69
3,3,18,155,2,4,2.6,0,272543.08
0,1,3,116,1,7,2.2,1,473702.36
3,10,11,128,2,13,3.8,3,734915.36
2,21,5,332,2,15,2.2,2,357115.24
1,19,2,167,1,17,1.2,6,436180.36
3,17,5,363,1,6,4.0,0,429622.16
1,22,16,133,2,11,3.1,6,402735.81
1,11,14,170,3,10,2.7,2,416007.91
3,15,11,253,1,18,1.6,5,872599.15
3,23,14,392,1,14,3.7,3,756210.41
3,12,10,364,1,19,3.7,2,656281.42
2,3,2,299,4,17,1.3,1,299932.37
0,8,15,215,1,6,3.3,4,958136.75
2,24,5,371,2,9,4.0,3,354797.33
1,13,9,248,1,18,2.2,3,396562.25
1,4,17,86,3,15,2.2,1,363862.03
1,7,11,329,3,9,3.4,0,444124.55
1,18,14,152,4,10,3.5,0,528634.68
3,8,16,354,2,10,2.2,6,1025637.16
3,13,16,81,1,10,3.3,2,640718.87
0,1,3,381,4,15,3.3,2,528577.31
3,24,3,29,2,18,2.6,4,818159.3
2,12,2,352,3,19,1.6,3,364560.41
1,9,13,259,1,6,1.0,2,335493.06
1,2,16,191,1,11,2.3,3,417787.97
0,3,5,3,3,9,1.5,2,589932.57
2,19,13,307,2,17,2.7,5,369245.07
1,12,12,379,1,18,3.5,1,510713.04
2,21,5,221,2,15,4.5,0,279327.47
1,24,16,391,3,20,3.8,0,574259.78
0,16,6,355,2,12,3.8,1,664039.2
1,22,13,287,3,3,2.0,5,388324.51
3,8,17,92,3,18,1.5,4,735447.47
1,3,5,245,1,12,4.8,6,528921.12
3,21,13,350,4,18,3.5,4,882566.92
1,17,18,113,2,6,4.4,0,560322.47
0,20,10,252,3,10,1.4,2,836059.66
3,22,7,258,1,11,4.1,3,766801.79
1,16,8,359,2,9,3.2,5,523619.14
0,22,8,388,1,17,1.3,0,780484.89
0,11,2,61,3,20,4.5,0,378661.62
2,9,12,172,2,4,1.3,6,411485.74
0,12,12,133,3,16,4.0,6,878577.81
2,22,4,113,3,3,2.4,0,231889.86
3,3,3,134,2,9,4.4,2,554215.96
1,3,15,42,4,19,4.9,0,539483.55
3,18,4,358,2,12,3.9,5,908468.9
2,14,12,352,4,8,3.3,5,419635.47
0,19,18,170,4,5,4.9,5,1207264.31
2,1,7,337,1,9,4.8,2,349035.13
1,18,9,328,1,10,1.1,0,386422.37
2,17,3,91,3,3,3.3,1,277213.94
1,6,11,374,3,20,4.4,4,498980.69
0,11,11,272,4,20,2.0,0,810827.8
2,2,5,61,1,12,1.7,3,245013.08
1,15,5,38,2,9,4.6,1,569438.82
2,10,15,301,3,13,2.8,5,363482.46
0,19,8,343,2,5,1.9,2,822613.01
3,25,11,65,4,3,1.5,2,611292.25
2,10,14,320,2,5,1.4,1,320617.41
0,21,2,130,1,19,4.1,0,398446.61
3,6,18,231,1,9,1.6,6,944407.94
3,15,3,46,2,20,3.3,1,544839.0
0,7,4,269,4,16,2.4,4,437994.64
1,6,8,55,3,18,4.4,2,516382.71
0,12,2,391,3,6,4.4,5,353324.95
0,3,2,28,3,3,4.3,0,429035.69
2,5,8,184,2,8,4.8,0,284273.23
2,8,9,236,1,7,4.1,0,270335.32
2,23,14,136,2,19,3.5,5,356646.06
3,9,11,60,2,20,1.0,1,615835.71
0,25,7,189,3,8,1.8,5,591563.78
3,8,18,295,1,11,3.5,0,300765.39
2,4,12,315,4,16,3.5,4,415019.96
2,21,14,157,4,3,3.4,5,372194.79
1,14,5,214,3,14,5.0,0,650568.24
2,20,13,64,1,12,2.5,1,223339.56
0,8,10,94,4,13,1.3,5,795079.57
2,24,17,50,2,17,3.9,3,328662.47
1,7,13,259,4,12,4.1,5,442980.66
0,10,11,66,4,17,3.0,1,707020.11
2,19,13,343,1,18,2.2,6,450349.94
1,20,10,351,4,7,3.9,5,554150.94
1,7,15,29,2,7,2.8,4,389110.89
0,23,16,81,1,10,4.9,1,994648.78
1,8,9,67,4,20,3.6,4,495023.13
1,22,13,352,3,3,1.8,6,426259.2
1,7,14,120,4,7,4.4,0,519589.27
3,1,6,168,4,11,4.7,2,668312.81
0,19,11,353,3,4,4.2,1,834700.95
1,11,10,126,1,10,3.0,1,417720.14
3,1,10,232,1,10,4.8,4,665123.94
0,16,17,189,4,5,3.8,4,1027454.94
3,15,8,161,2,17,3.0,0,431053.03
0,19,12,304,1,12,4.5,6,938390.4
3,12,16,359,1,7,3.1,1,609089.49
2,1,5,251,3,12,1.9,2,396173.41
2,5,13,338,3,14,1.9,6,380597.68
3,11,3,239,1,19,3.8,4,774021.88
0,13,6,23,1,8,4.3,4,608139.9
1,11,8,113,1,12,1.1,3,461391.89
3,15,16,231,4,20,2.2,4,833586.7
2,13,18,15,1,3,4.3,4,325524.0
2,24,3,35,3,8,1.1,4,300946.75
3,1,16,61,2,16,2.2,6,1034099.8
2,5,4,117,3,8,3.4,0,240947.9
3,23,10,146,2,6,2.6,2,582907.5
2,22,9,398,3,20,2.6,1,311313.68
2,2,4,25,1,7,2.3,3,291897.97
1,2,3,245,4,20,2.2,0,450544.18
3,11,12,203,4,7,3.6,5,909370.17
3,23,16,165,1,12,2.3,5,893415.25
2,7,12,77,3,18,4.9,6,307610.15
2,4,2,316,3,16,3.6,4,389281.53
3,23,16,29,3,11,1.8,0,432116.02
0,10,17,157,1,6,3.3,4,1145463.55
3,20,14,182,3,7,3.5,3,738994.75
3,6,6,268,1,7,3.7,6,972545.75
0,21,16,25,2,12,3.7,0,1051939.04
0,11,3,37,1,3,4.6,3,462320.65
1,5,18,142,2,16,3.6,2,494457.69
0,8,9,287,3,11,2.5,4,640288.92
0,19,6,239,1,5,1.3,4,649425.24
3,14,4,268,3,10,3.0,6,937137.04
1,18,8,111,2,18,4.1,3,474353.63
0,24,4,3,4,6,4.3,2,503990.27
1,22,12,130,4,10,4.0,3,566296.2
1,17,9,245,1,9,4.5,3,597926.71
3,24,4,291,2,6,2.0,0,470025.1
1,1,6,292,2,10,2.3,4,371620.08
0,10,8,168,1,12,4.9,3,664917.89
3,14,18,76,3,20,1.8,1,443086.46
3,21,2,307,3,20,1.9,2,612700.06
0,13,11,238,4,4,2.1,5,828757.24
2,22,7,188,3,19,1.6,0,292959.66
2,21,3,127,3,8,2.5,3,340301.25
1,24,15,327,1,16,3.9,6,526658.31
2,15,14,133,3,19,4.7,2,299641.45
3,12,11,229,4,11,3.9,0,348067.17
2,13,9,57,4,18,2.0,0,193467.64
1,11,4,231,3,16,2.6,6,456703.17
1,7,11,206,3,12,4.7,2,559041.17
2,12,10,68,4,14,4.6,0,213814.39
2,3,4,89,2,19,3.3,1,229232.35
2,23,3,104,3,4,2.9,1,205143.05
2,24,4,196,3,9,3.3,4,316218.2
1,10,9,173,3,8,1.1,6,398833.75
2,25,16,352,4,5,1.2,4,409133.58
1,8,3,359,1,6,3.5,4,527301.26
0,21,13,51,1,9,2.2,1,886624.69
2,22,7,309,3,20,1.8,1,356285.16
0,23,16,275,3,6,1.1,0,1043443.22
3,2,7,364,1,8,4.2,4,777430.94
2,1,14,373,1,15,2.9,6,386126.48
0,8,18,172,2,7,4.1,5,1106423.42
2,24,7,122,2,8,4.0,4,259997.02
0,5,4,291,3,7,4.9,3,560641.06
0,6,11,373,4,18,1.6,3,811585.01
3,6,5,150,4,15,1.3,4,750248.8
2,12,4,155,3,16,2.6,2,338818.77
0,15,10,195,3,18,3.2,4,644689.44
0,7,13,303,2,3,4.2,6,949453.93
2,6,7,270,3,13,1.5,0,318649.3
2,18,9,343,4,10,2.4,2,388704.64
2,14,10,96,1,14,3.1,4,314072.83
0,20,13,400,3,4,1.8,3,1005704.51
2,9,3,272,2,12,1.3,1,302067.91
3,19,18,106,1,12,2.6,3,725778.06
1,20,2,379,3,17,2.3,4,456336.59
0,15,15,201,4,11,4.5,4,1011621.94
1,8,17,75,1,12,2.6,0,438756.15
1,3,12,37,2,17,3.7,4,467780.31
1,23,13,307,2,17,3.5,0,474169.16
0,14,6,380,2,17,4.2,0,575139.95
0,19,3,123,1,15,1.8,4,494120.93
3,6,7,20,4,14,2.8,6,958378.71
0,15,17,180,4,18,4.3,1,1113814.34
3,14,3,118,3,5,4.9,6,1007550.86
1,14,17,219,1,15,3.9,5,463468.37
0,21,5,130,1,4,1.7,6,585294.52
3,2,16,179,4,5,4.6,2,545977.15
1,14,4,32,4,3,4.8,1,566863.71
3,9,8,207,2,5,4.8,1,538436.31
3,22,17,330,1,12,5.0,0,548831.65
3,13,13,276,1,16,4.4,5,955635.45
2,20,6,30,2,20,4.8,5,263484.4
2,12,3,342,1,12,2.0,5,426393.95
2,17,10,350,3,19,4.0,4,457805.1
0,4,12,264,4,10,1.8,3,835181.59
2,1,16,88,2,8,4.9,5,262358.35
1,19,13,363,3,9,2.0,4,456865.38
0,22,17,281,3,15,1.8,0,1152335.59
2,6,12,27,4,19,3.1,0,150895.01
3,18,5,286,3,4,2.1,2,580135.88
3,15,15,175,1,16,2.4,4,782956.63
3,22,7,219,2,16,4.9,2,630510.19
2,13,5,369,2,17,2.5,4,376981.82
1,1,7,34,3,9,4.8,0,547344.58
2,14,2,137,1,6,2.3,3,247925.53
1,8,4,310,3,9,1.2,1,346534.29
1,7,16,145,4,14,1.8,5,415923.96
3,8,3,129,1,3,5.0,5,943757.81
2,13,9,102,1,3,2.4,5,312963.05
2,15,3,249,1,18,4.0,6,374891.75
0,6,11,309,2,12,3.1,5,897342.61
3,15,5,111,2,10,3.2,1,586651.74
2,2,11,12,2,13,4.3,4,291724.39
3,25,6,162,3,15,4.8,5,947418.32
0,5,18,258,4,8,4.9,5,1152670.58
2,11,10,293,4,17,3.3,5,380520.57
2,2,18,130,3,7,2.4,4,301666.54
0,20,7,190,1,9,3.0,6,578466.77
2,23,15,268,4,11,1.8,3,349695.05
1,6,3,179,1,8,4.4,0,490566.45
1,10,11,200,4,3,2.6,2,468468.45
1,12,7,308,2,12,4.3,0,531940.87
3,17,18,227,2,14,4.8,0,344093.18
0,19,15,45,2,19,2.6,4,915166.74
3,16,18,245,3,9,3.9,6,1085488.95
3,11,16,81,2,14,4.3,6,980174.85
3,9,9,109,3,10,1.7,3,681988.31
2,6,4,98,3,13,4.0,3,288508.64
1,24,10,302,4,5,2.3,1,471616.91
1,4,14,381,1,8,4.1,4,473728.97
3,14,14,13,4,18,1.1,6,892254.39
2,1,3,241,3,10,4.3,6,362506.11
0,10,7,85,1,18,3.5,5,691979.42
3,4,3,220,3,6,1.6,3,592557.46
3,1,3,136,3,15,3.9,0,344922.82
1,9,12,88,2,6,2.3,5,340518.66
1,8,9,78,1,9,3.6,1,488414.56
0,1,14,121,1,18,2.2,1,875886.48
0,6,9,296,1,10,4.9,2,703235.49
0,19,3,351,1,18,2.5,5,486834.15
2,21,18,158,3,7,5.0,2,304894.46
3,18,6,27,2,4,1.1,4,892995.47
1,8,17,374,1,6,4.1,0,554338.76
1,17,9,185,3,11,4.6,1,592892.22
3,10,11,357,3,14,2.4,4,678318.84
3,16,11,319,1,4,1.3,6,1082096.41
3,13,13,18,1,12,4.1,6,885816.01
0,10,13,334,3,17,3.4,3,850673.11
0,2,16,336,3,8,1.7,0,1046291.54
3,21,15,163,1,3,1.6,5,945324.13
2,5,10,174,1,14,3.9,2,282263.84
3,18,11,140,4,4,1.8,5,883884.14
0,15,14,135,1,16,4.8,2,921196.33
3,18,10,172,3,20,4.0,2,659295.25
1,14,16,233,2,14,4.1,3,593085.32
3,7,12,159,1,17,1.3,5,951292.92
2,24,18,225,4,18,1.2,1,264308.54
3,14,12,204,3,9,2.5,0,370123.99
2,14,9,94,4,20,4.5,2,331859.0
3,1,13,254,3,16,2.0,2,551410.45
1,9,8,392,4,19,4.7,1,586090.15
3,21,16,127,3,4,2.0,0,513637.4
1,7,13,209,4,15,1.6,6,378109.43
1,25,3,18,1,6,2.6,2,530020.91
2,4,13,317,1,6,1.5,6,452613.57
1,21,8,388,1,20,2.6,4,449372.64
0,6,17,370,1,13,3.9,6,1182586.22
0,19,15,385,4,7,3.2,1,1052722.69
2,23,6,159,4,15,3.5,3,318661.76
3,10,15,341,1,14,2.6,6,1076862.04
2,19,12,143,3,14,2.3,2,258432.01
1,6,17,179,4,17,2.7,3,401017.15
0,20,3,296,1,18,1.0,6,544191.18
1,12,4,317,4,3,2.8,5,491497.37
0,10,7,128,4,10,2.9,0,690831.24
2,1,16,236,3,5,2.0,2,366118.34
0,19,13,252,4,3,1.4,0,802376.15
0,20,8,232,1,12,4.4,5,715910.54
1,24,9,239,4,17,2.7,0,499887.39
2,22,17,195,4,18,2.8,1,304306.93
0,15,7,303,3,13,2.5,3,605568.18
3,2,13,335,3,4,3.7,3,697280.68
3,4,17,278,3,13,1.9,5,780375.14
0,4,15,233,2,12,4.5,1,986461.36
0,8,15,198,3,11,1.4,0,978778.88
1,12,15,345,2,15,1.2,2,375028.02
3,2,8,268,1,20,1.7,4,750259.22
3,15,9,153,3,3,1.2,5,911625.1
1,6,18,260,3,7,1.5,3,361189.97
2,5,2,394,3,8,2.9,6,456826.31
1,9,16,103,2,18,1.0,6,325977.79
3,13,10,320,3,8,2.3,2,566663.46
1,17,17,300,2,6,4.8,5,632115.86
3,5,17,125,2,16,1.4,0,385994.64
2,17,15,169,1,6,1.5,6,368791.66
1,24,3,278,1,7,3.7,6,533015.0
3,12,14,215,4,13,1.3,1,465402.51
2,6,2,42,2,12,3.3,5,359670.2
0,23,10,225,1,12,3.0,4,783939.35
3,8,6,134,1,15,3.1,1,520779.2
2,11,14,16,4,19,3.8,2,267540.82
1,10,15,102,1,19,3.8,4,520950.05
0,18,15,113,2,4,4.6,0,920250.95
3,22,16,267,2,11,1.5,5,907087.61
1,10,9,175,3,4,2.3,5,348296.68
0,16,5,137,3,15,4.8,5,626353.13
3,21,16,379,3,16,1.7,3,666083.26
2,4,2,214,4,11,5.0,0,230130.35
2,25,4,315,4,5,4.9,1,308788.06
3,7,8,383,1,10,2.8,2,592854.22
0,23,10,352,4,3,2.1,1,797534.86
1,4,12,196,3,12,4.5,6,533409.2
1,12,14,85,4,17,3.1,5,390013.4
1,11,14,308,4,3,4.6,2,574384.61
3,19,13,5,4,10,2.0,5,935292.47
3,12,18,264,2,16,2.8,4,773344.42
3,4,3,207,1,5,3.4,1,511185.41
3,18,16,220,3,20,3.5,4,800064.41
2,2,9,257,3,3,4.4,5,441740.83
0,23,18,226,1,7,4.0,0,1139573.98
3,16,12,112,3,20,3.5,5,924591.53
3,21,17,30,1,14,4.3,5,937928.0
0,7,3,293,1,9,4.5,2,469633.56
3,25,5,143,1,20,4.1,4,823873.95
0,5,15,140,4,9,2.7,6,989707.24
