membership_type,distance_km,visits_per_week,duration_months,age,gender,personal_goal,late_cancels,churn
2,8.7,1.1,22,65,0,1,1,0
1,8.2,6.8,9,56,1,0,1,0
0,1.2,4.3,9,60,1,0,0,0
1,17.7,1.1,37,24,1,0,0,0
2,13.7,5.6,4,62,0,1,1,0
1,15.7,1.0,47,30,0,1,1,0
2,13.5,1.9,25,21,0,1,1,0
2,7.2,3.9,29,23,1,0,0,0
1,10.4,1.1,16,23,0,1,1,0
1,3.0,0.6,22,47,1,0,1,0
1,3.7,4.8,35,43,1,1,0,0
2,6.8,0.3,12,53,0,0,0,0
1,13.1,2.5,13,28,0,0,0,0
0,12.2,1.7,25,45,0,1,0,0
1,15.6,6.5,55,33,0,0,1,0
2,10.9,4.1,8,39,0,1,0,0
0,13.7,0.5,18,62,0,1,0,0
0,1.4,2.9,10,50,1,1,2,0
1,18.7,2.6,23,53,0,1,1,1
1,17.0,1.0,16,47,1,1,0,1
2,18.8,5.1,2,29,0,1,1,0
2,3.9,1.3,53,26,1,1,1,0
2,3.3,5.9,40,62,0,0,1,0
2,11.0,6.6,10,42,0,0,1,0
2,16.9,0.6,48,22,0,1,0,1
1,14.9,4.6,59,31,1,0,2,0
1,5.5,4.4,22,24,0,1,1,0
0,9.8,3.6,11,28,1,0,1,0
1,5.1,4.5,48,47,0,1,0,0
2,11.5,6.3,46,29,0,0,2,0
0,11.6,5.3,37,56,0,1,0,1
1,2.1,4.5,19,42,1,1,2,0
1,12.8,3.0,4,37,1,1,0,0
1,2.4,1.7,25,45,1,0,1,0
1,1.0,1.4,21,58,0,0,0,0
1,17.2,1.5,32,18,1,0,2,0
1,5.3,6.0,58,34,0,0,0,0
2,9.6,0.8,13,43,1,1,0,0
2,18.8,0.8,11,18,1,1,0,0
1,12.7,0.1,22,48,1,1,0,0
2,7.8,5.1,26,46,0,1,0,0
0,17.1,0.0,32,61,0,1,3,1
1,4.7,6.4,18,42,0,0,0,0
1,10.0,6.8,29,44,1,0,1,0
2,11.5,1.6,17,44,0,1,2,0
1,11.9,0.3,11,20,0,0,1,0
1,0.8,6.7,45,23,1,0,2,0
2,7.9,1.5,46,22,1,1,1,0
1,10.5,3.8,36,27,1,0,1,0
2,9.4,4.5,33,51,0,1,1,0
0,16.5,4.1,31,55,1,1,1,1
2,14.6,5.9,53,55,1,1,0,0
2,18.7,3.4,18,32,1,0,0,0
1,4.9,3.7,14,33,1,1,0,0
1,3.5,7.0,30,53,0,1,1,0
1,4.5,3.9,12,43,0,1,0,0
1,13.3,1.4,12,36,0,1,1,0
2,5.4,1.2,44,64,1,0,1,0
2,13.5,6.1,14,28,1,1,1,0
1,13.8,2.5,29,29,1,1,1,0
2,2.1,6.6,56,52,1,0,1,0
1,14.9,5.6,5,44,0,1,1,0
2,6.6,6.6,55,63,1,0,1,0
2,4.8,3.9,2,37,1,0,1,0
2,5.5,0.3,8,61,0,0,0,0
0,18.0,6.0,18,30,1,1,0,0
2,12.3,4.1,55,42,1,1,2,0
0,13.2,6.1,50,34,1,1,1,0
0,4.7,2.0,46,65,1,1,0,1
1,7.5,6.0,21,40,0,0,0,0
0,16.3,1.4,13,44,1,1,3,0
2,7.1,2.0,1,21,1,0,0,0
2,16.3,1.0,2,22,1,1,1,0
2,4.4,1.0,1,57,1,0,0,0
0,14.8,0.7,40,64,1,0,2,1
1,2.8,3.7,53,41,1,1,0,0
1,16.5,4.7,29,51,0,1,2,1
0,13.6,1.5,51,35,0,0,0,0
0,19.2,6.4,59,28,1,1,0,0
2,1.1,0.7,13,45,1,1,0,0
1,3.1,0.8,33,22,1,1,0,0
2,1.0,6.2,4,44,1,1,1,0
1,0.8,4.9,28,27,1,0,1,0
1,17.0,1.3,23,35,1,1,1,0
2,12.8,6.9,47,54,1,0,1,0
2,13.1,0.2,33,48,0,1,1,0
1,7.8,0.8,59,36,1,1,0,0
0,1.5,2.0,3,27,1,1,1,0
1,8.9,5.1,48,62,0,0,1,0
1,3.6,5.0,43,55,0,1,0,0
2,18.7,5.6,21,26,0,1,2,1
2,17.6,3.8,26,59,1,1,0,1
1,6.4,4.2,12,21,0,0,0,0
2,0.8,2.4,2,26,0,0,0,0
1,0.9,2.7,34,53,0,0,0,0
2,10.8,0.7,46,59,0,0,1,0
0,16.6,0.8,55,45,1,1,0,0
1,7.2,4.9,3,52,0,0,0,0
0,13.3,0.2,31,52,1,0,0,1
1,17.2,3.2,13,39,0,0,1,0
1,12.9,4.6,1,44,1,1,0,0
2,0.6,3.4,44,38,0,1,0,0
0,11.2,0.5,49,49,0,0,1,1
0,3.9,5.4,11,31,0,0,1,0
1,16.1,3.3,34,46,0,1,0,1
2,8.5,2.0,28,44,0,0,1,0
2,9.1,1.2,50,57,1,1,1,0
1,6.4,4.3,36,34,0,1,1,0
2,5.0,6.5,28,21,0,1,1,0
1,3.6,1.9,15,64,0,0,0,0
1,8.4,6.1,58,57,0,1,1,0
1,11.0,4.6,16,53,1,0,1,0
0,18.1,0.1,9,44,0,1,0,0
2,8.3,5.9,29,45,1,1,3,0
1,6.8,2.8,8,61,0,0,1,0
1,16.5,5.9,11,41,0,0,1,0
1,14.1,1.4,57,43,0,1,2,0
1,2.7,3.6,13,51,0,1,0,0
0,14.3,1.4,23,58,1,1,1,1
2,19.0,3.4,49,33,0,1,0,1
2,10.2,6.5,18,37,0,1,0,0
0,10.1,3.5,23,63,0,0,1,1
1,14.6,7.0,43,26,0,1,0,0
1,4.4,1.9,44,53,1,1,1,0
2,7.7,4.2,35,61,0,0,0,0
2,6.7,6.8,46,23,1,1,0,0
1,19.9,5.3,48,48,1,0,0,1
1,3.7,4.8,31,60,0,0,0,0
2,3.9,5.2,6,52,1,1,0,0
1,9.5,2.3,32,59,0,1,1,0
2,5.8,2.0,50,58,1,0,1,0
0,17.5,1.0,9,55,1,0,1,0
2,9.0,4.2,4,21,0,0,0,0
2,13.9,6.5,54,23,1,0,3,0
2,16.5,5.4,41,28,1,0,1,1
0,5.8,6.9,59,33,0,0,1,0
1,14.8,6.9,8,55,0,1,3,0
0,8.3,3.0,29,35,1,0,2,0
1,5.5,3.6,38,21,0,0,0,0
1,17.9,5.8,43,33,0,0,0,0
0,11.5,5.4,36,18,1,1,2,0
1,10.2,5.4,35,21,0,1,0,0
2,4.0,3.9,19,58,1,0,1,0
1,18.1,4.1,42,58,0,1,1,1
1,12.9,5.9,38,30,0,1,1,0
2,19.0,6.6,23,44,0,0,0,1
2,1.4,5.4,39,45,0,1,1,0
0,2.8,5.4,16,22,1,1,1,0
2,17.6,1.1,21,55,1,0,1,1
2,9.3,6.0,52,30,1,1,1,0
0,9.6,6.6,35,22,0,1,1,0
2,4.9,1.9,39,58,1,0,0,0
1,10.0,1.3,39,60,0,1,0,0
1,9.1,1.2,48,43,1,1,2,0
2,14.6,0.2,2,28,0,0,1,0
0,12.9,2.8,30,44,1,0,2,0
2,16.1,1.3,45,60,0,0,1,1
2,15.8,0.9,41,63,1,1,0,1
2,8.7,5.1,52,49,1,0,0,0
1,6.4,5.3,13,59,1,1,1,0
1,6.9,4.9,22,23,1,1,0,0
2,19.8,4.7,12,27,0,1,0,0
1,8.5,3.6,22,59,0,0,0,0
0,15.2,0.4,5,61,0,0,1,0
1,2.1,6.8,35,31,1,0,0,0
2,8.9,6.9,52,22,0,1,1,0
1,6.9,6.2,41,39,0,1,0,0
2,3.6,5.3,49,56,1,0,1,0
2,1.0,5.4,26,39,0,1,0,0
1,5.4,4.2,1,59,0,1,4,0
2,16.0,0.8,33,28,0,1,0,1
0,6.3,5.8,33,63,1,0,1,1
2,17.5,4.7,9,49,0,1,2,0
2,11.8,0.5,20,50,0,1,0,0
2,16.2,4.3,41,62,0,1,0,1
0,20.0,1.3,33,44,1,1,2,0
0,13.0,3.9,39,19,0,0,1,0
0,7.1,1.7,26,31,1,0,0,0
1,6.5,4.5,35,35,0,1,1,0
1,19.5,5.4,28,37,1,1,0,0
1,14.4,0.3,13,40,0,1,0,0
0,10.3,0.5,3,63,0,1,0,0
0,4.7,7.0,57,56,1,0,0,1
2,10.1,4.8,48,22,1,1,0,0
1,15.4,2.2,11,48,0,0,2,1
2,19.5,1.7,5,42,0,0,1,0
0,13.6,2.9,18,62,1,0,0,0
1,1.0,6.6,53,52,1,0,0,0
2,9.6,4.8,57,50,0,1,1,0
1,16.6,7.0,13,59,0,1,1,1
0,10.5,3.9,34,64,1,1,0,1
2,7.2,3.0,23,65,1,0,2,0
1,17.3,1.4,34,57,1,0,3,1
2,11.8,3.8,21,24,0,1,1,0
0,10.3,4.5,60,22,1,1,0,0
2,10.0,3.6,17,22,0,0,2,0
0,13.8,0.9,9,54,0,0,0,0
2,9.4,1.2,2,48,1,1,0,0
1,11.6,5.5,52,58,0,1,0,0
0,6.1,1.5,41,22,0,1,0,0
1,3.9,0.7,11,21,0,0,2,0
0,16.5,1.1,13,58,1,1,0,0
2,6.7,6.3,20,46,0,0,1,0
2,3.0,4.4,3,57,1,0,1,0
2,4.1,5.4,6,58,0,0,1,0
1,8.5,1.6,5,44,1,0,2,0
0,6.1,4.4,44,28,1,1,1,0
2,14.1,1.4,33,42,1,1,4,0
2,7.3,3.6,57,19,1,1,1,0
0,11.9,0.5,16,42,1,1,1,0
2,3.8,3.6,42,40,0,1,1,0
1,3.2,1.6,30,18,1,1,0,0
1,18.2,1.5,36,59,1,1,1,1
2,17.4,3.5,15,64,1,1,1,0
1,18.0,4.0,7,20,0,0,0,0
1,10.1,4.9,29,62,0,1,2,0
0,1.9,2.1,45,48,1,0,0,1
1,6.5,2.0,16,41,0,1,0,0
2,17.7,0.6,40,31,1,0,2,1
0,8.7,2.2,56,57,0,0,0,1
1,6.9,2.4,12,36,1,1,0,0
2,6.3,3.5,10,18,0,1,2,0
0,11.2,2.9,49,44,1,0,0,0
2,9.3,4.9,51,54,0,0,2,0
2,7.8,3.2,53,45,0,1,1,0
0,8.7,5.9,27,53,0,0,1,1
1,5.7,3.7,24,31,1,0,0,0
1,4.2,4.1,58,53,0,1,2,0
1,4.4,4.9,48,43,0,1,1,0
0,1.2,4.7,58,54,0,1,1,1
0,18.9,6.5,34,31,0,1,0,0
0,19.2,5.2,41,65,1,1,1,1
0,2.5,6.7,2,51,1,1,1,0
2,1.9,2.4,16,21,0,1,2,0
2,8.6,6.8,41,53,0,0,1,0
0,15.4,4.2,48,22,1,1,0,0
1,16.6,2.2,14,46,0,0,1,1
2,0.9,1.0,36,31,1,0,2,0
1,6.0,3.6,25,28,1,1,2,0
2,10.9,6.7,36,33,1,1,1,0
0,3.1,5.9,5,45,1,1,0,0
1,19.4,5.2,40,26,1,0,0,0
2,5.4,0.4,46,19,0,1,0,0
1,10.9,5.4,12,21,1,0,5,0
0,2.6,4.8,25,40,1,1,3,0
1,7.1,5.9,51,18,0,1,0,0
2,2.9,0.7,44,58,1,1,0,0
1,18.3,2.8,15,21,0,0,2,0
2,19.0,2.4,36,22,1,1,0,1
2,11.1,5.4,10,51,0,1,0,0
0,7.3,5.3,47,44,1,0,1,0
1,6.8,3.5,22,28,0,1,2,0
2,18.5,2.5,40,59,1,1,1,1
1,12.6,0.7,14,21,1,0,2,0
0,8.5,1.1,57,22,1,0,0,0
2,15.5,0.1,29,20,0,1,2,1
2,10.9,5.4,40,50,0,1,1,0
2,4.8,6.4,9,50,1,1,0,0
0,5.2,0.2,8,19,0,1,0,0
1,5.9,5.6,47,44,0,1,0,0
1,0.8,1.9,19,36,1,0,0,0
0,5.5,3.6,19,43,1,0,1,0
2,12.4,4.9,28,29,0,1,0,0
0,15.2,2.3,1,38,1,1,0,0
1,2.7,6.9,27,32,0,1,0,0
0,19.5,6.9,48,45,0,1,3,0
0,10.0,4.7,51,65,0,0,0,1
0,1.7,6.9,1,40,1,1,3,0
1,18.8,0.8,21,49,1,1,0,1
2,5.8,0.1,57,40,0,1,0,0
1,6.5,6.0,15,38,0,0,0,0
1,9.5,4.8,48,61,1,0,0,0
0,6.8,2.2,6,61,1,0,0,0
1,4.0,3.7,25,24,0,1,1,0
1,3.0,2.8,43,22,0,1,2,0
0,10.4,3.2,24,57,0,0,0,1
1,1.9,4.0,59,50,1,1,1,0
1,14.3,3.6,58,35,0,1,1,0
2,7.2,4.3,8,35,0,1,1,0
0,19.9,2.3,9,39,0,1,3,0
2,1.7,3.9,47,27,0,1,0,0
0,1.4,6.0,40,30,1,1,0,0
0,5.4,2.5,29,47,1,1,1,1
2,7.4,2.0,37,39,1,1,0,0
0,16.4,3.4,22,52,1,0,1,1
2,16.7,2.2,46,65,0,0,0,1
2,14.6,6.3,46,58,0,0,1,0
2,16.6,4.2,27,48,1,0,1,1
2,14.7,5.2,54,63,0,0,0,0
2,17.5,0.2,46,22,0,1,1,1
1,9.6,0.7,11,49,0,0,1,0
2,5.9,2.8,37,25,1,0,0,0
1,12.8,2.9,50,64,0,1,0,0
2,7.6,0.5,52,60,1,0,0,0
0,1.8,5.6,17,56,0,1,0,0
2,17.2,3.9,4,64,0,1,1,0
2,16.8,3.5,47,53,0,1,0,1
2,10.2,4.7,26,50,1,1,3,0
0,9.6,4.8,10,28,0,1,0,0
1,2.8,2.3,20,40,0,0,0,0
0,3.0,3.3,44,33,0,1,0,0
2,16.1,4.1,44,18,0,1,1,1
0,17.2,0.0,19,49,1,0,0,0
0,0.6,1.0,47,42,1,0,1,0
0,15.8,2.7,25,35,1,1,0,0
2,11.0,0.3,40,44,0,0,1,0
1,9.0,0.4,54,53,1,0,0,0
1,9.8,3.6,46,42,0,0,3,0
1,14.4,4.3,39,30,0,0,0,0
0,0.5,1.7,50,37,0,0,0,0
1,1.7,6.3,52,49,0,1,0,0
2,16.9,5.7,22,58,1,1,1,1
1,20.0,6.0,59,57,1,1,0,1
1,5.2,3.2,42,55,1,0,1,0
1,8.3,5.7,51,46,1,1,0,0
2,14.2,4.7,11,49,1,1,1,0
1,13.5,0.7,12,46,0,1,0,0
2,15.8,0.1,38,34,1,1,0,1
1,18.3,6.6,31,43,1,0,0,0
1,5.6,3.8,43,29,1,1,1,0
0,10.8,5.1,1,29,1,1,0,0
1,3.2,1.1,30,20,0,1,1,0
2,19.4,4.9,40,29,1,1,0,1
0,15.3,4.6,33,63,1,0,0,1
0,4.2,6.3,56,60,1,1,4,1
1,14.9,2.1,14,37,0,1,0,0
1,16.1,2.5,5,58,0,1,0,1
2,3.2,4.3,28,42,1,0,1,0
0,10.2,6.2,2,55,1,0,2,0
2,16.5,1.9,44,52,0,1,0,1
2,7.3,0.7,23,37,1,0,1,0
2,1.5,2.3,3,55,0,1,0,0
2,7.2,4.5,28,43,0,1,2,0
2,15.7,7.0,53,45,1,1,0,1
1,2.5,1.2,25,59,0,1,0,0
1,6.5,5.7,45,64,0,0,1,0
1,17.1,1.6,59,27,1,1,2,0
2,3.7,3.6,45,60,0,0,1,0
1,8.1,5.2,50,27,1,1,0,0
0,11.3,0.8,24,34,1,1,2,0
2,4.0,5.6,10,22,1,1,0,0
2,14.2,0.5,11,18,1,1,2,0
1,15.7,2.3,25,53,1,1,2,1
2,12.9,0.2,42,49,1,1,0,0
1,17.3,5.9,36,28,1,0,1,0
0,3.0,4.2,12,56,1,0,0,0
1,0.6,1.2,2,50,0,1,1,0
1,5.7,0.8,20,18,0,0,1,0
2,16.9,3.3,36,36,0,1,1,1
2,3.0,0.1,23,36,1,0,0,0
2,15.4,5.5,5,41,1,1,0,0
2,18.6,6.8,54,42,0,1,0,1
1,11.4,0.2,16,20,1,0,0,0
0,17.7,4.1,25,51,1,0,2,1
0,5.3,4.3,26,58,1,0,0,1
1,14.6,0.1,53,40,1,0,1,0
0,15.7,5.4,56,63,0,0,1,1
0,10.0,1.8,25,40,1,0,0,0
2,12.3,4.6,2,33,0,0,0,0
1,2.2,1.5,26,61,1,1,2,0
1,5.9,0.6,26,33,1,0,1,0
0,2.0,1.8,57,46,1,1,0,1
2,5.2,6.1,19,54,0,0,0,0
0,17.9,5.3,19,50,0,1,2,0
1,1.1,3.4,4,48,1,0,0,0
2,10.2,0.8,54,55,1,1,2,0
1,10.7,1.5,40,53,0,1,0,0
1,6.1,6.7,26,18,0,1,0,0
1,15.7,1.0,40,47,0,0,1,1
2,12.0,2.0,60,43,1,0,2,0
2,4.3,3.9,60,49,0,1,1,0
1,9.7,2.6,35,58,0,1,1,0
0,1.0,1.9,36,36,1,0,2,0
2,0.8,4.8,55,23,0,1,1,0
2,14.8,1.1,60,31,0,1,0,0
0,3.9,3.3,45,46,1,1,0,1
2,19.4,0.8,58,59,0,1,1,1
1,7.5,2.0,17,30,1,1,0,0
2,14.1,2.5,57,60,0,1,0,0
0,9.5,4.5,29,55,1,0,2,1
1,8.5,3.2,25,56,1,0,1,0
2,13.5,2.0,30,18,1,1,2,0
2,12.7,4.8,20,50,1,1,1,0
2,17.6,3.3,12,55,0,1,0,0
2,2.1,5.1,11,31,0,1,0,0
0,10.4,2.7,47,57,0,0,0,1
1,12.3,5.1,22,24,0,0,0,0
2,13.2,4.0,12,19,1,0,0,0
2,12.7,1.7,19,42,1,0,1,0
0,7.7,3.8,28,41,1,1,1,0
0,1.1,0.9,28,63,0,1,1,1
1,14.4,0.1,14,25,0,0,0,0
2,1.4,4.8,46,36,1,0,0,0
1,9.7,1.2,36,43,0,0,1,0
1,14.5,4.1,43,58,1,0,1,0
1,5.8,3.3,52,54,1,1,0,0
0,1.0,3.1,11,19,1,1,1,0
1,2.3,2.2,29,22,0,1,1,0
0,3.2,3.7,51,59,0,1,2,1
2,13.5,6.8,26,55,1,1,1,0
1,13.2,5.4,4,30,0,0,1,0
1,19.6,2.9,60,33,1,0,2,0
2,6.8,6.1,59,49,0,0,0,0
1,3.1,3.7,30,54,0,0,2,0
2,3.9,6.9,33,32,1,0,0,0
0,1.1,6.8,19,55,0,1,0,0
2,16.6,0.2,15,19,0,0,1,0
1,2.0,1.2,10,28,1,0,2,0
1,17.9,5.9,45,35,0,1,1,0
0,1.4,2.6,31,49,1,0,2,1
0,16.4,1.7,31,39,1,1,1,0
1,4.3,3.8,23,40,1,1,2,0
2,1.0,4.7,32,40,0,1,1,0
2,14.2,2.2,31,18,0,1,0,0
1,0.6,6.0,29,45,1,1,2,0
2,6.3,3.5,45,54,1,1,1,0
0,1.6,1.6,30,55,0,0,1,1
0,2.9,4.7,40,35,0,1,0,0
1,2.9,3.3,27,24,0,1,0,0
2,14.6,1.1,34,34,1,1,2,0
1,19.5,0.5,53,62,1,1,0,1
1,5.3,4.2,1,42,0,0,1,0
2,8.3,0.5,21,60,0,1,0,0
2,7.8,6.8,8,50,0,1,1,0
1,5.5,1.4,22,26,0,1,0,0
2,14.4,6.9,19,46,1,0,1,0
2,5.8,2.2,38,34,0,1,2,0
1,10.5,6.5,59,59,0,1,0,0
2,3.0,4.5,28,18,1,1,1,0
1,17.0,0.7,5,42,0,0,2,0
1,13.9,1.8,48,36,0,0,1,0
0,11.0,2.7,43,49,1,0,1,1
1,12.5,2.9,30,38,0,1,1,0
1,4.9,3.9,33,56,1,1,1,0
1,17.0,4.2,44,63,0,1,1,1
0,2.9,2.2,23,48,1,0,0,1
2,17.7,0.6,25,25,1,1,1,1
0,12.5,4.8,24,31,0,1,1,0
2,18.8,3.2,44,63,1,1,2,1
1,6.1,4.8,40,35,0,0,2,0
1,18.7,4.0,36,60,1,0,0,1
1,12.9,0.0,2,56,1,1,0,0
2,0.7,5.6,39,59,0,1,0,0
1,2.5,5.4,41,31,0,1,0,0
0,12.1,2.8,51,32,1,1,1,0
2,2.4,5.5,42,34,1,1,0,0
2,15.1,0.1,25,24,0,1,1,1
1,13.6,3.0,55,42,0,1,1,0
1,4.2,3.0,50,56,1,0,1,0
0,12.9,1.4,33,25,0,0,0,0
0,11.6,1.5,13,46,1,1,2,0
2,5.3,0.3,41,54,1,1,0,0
1,14.3,4.6,26,49,1,0,0,0
2,5.4,6.7,33,36,0,0,2,0
2,17.4,6.5,5,23,1,1,1,0
0,8.2,1.4,12,59,1,1,2,0
0,10.2,3.8,36,33,1,0,3,0
0,13.4,5.6,46,47,0,1,0,1
2,17.7,2.3,29,32,1,0,0,1
2,9.4,1.2,11,40,1,0,2,0
1,13.3,0.1,45,56,1,1,0,0
1,12.1,5.2,35,49,0,1,1,0
1,1.9,1.9,5,29,0,1,0,0
2,12.8,1.3,34,50,1,0,1,0
2,1.4,6.3,13,18,0,1,1,0
0,10.4,5.8,33,50,0,1,2,1
2,2.6,5.6,51,33,0,0,0,0
0,12.4,0.4,2,62,1,1,1,0
0,14.6,6.5,12,27,0,0,3,0
2,15.8,3.2,42,38,1,1,0,1
0,12.0,1.8,10,26,1,1,0,0
2,19.8,5.1,15,59,1,1,0,0
1,7.5,0.3,59,21,1,0,2,0
1,0.7,1.0,41,24,0,1,0,0
2,16.5,3.0,39,29,1,1,1,1
0,9.3,6.8,16,31,1,0,1,0
2,11.1,0.2,26,49,0,1,0,0
0,17.0,0.4,13,58,1,0,0,0
2,5.6,0.8,7,51,1,1,1,0
0,6.9,2.1,37,50,0,1,2,1
0,2.4,1.8,60,61,1,1,0,1
2,13.8,1.2,27,32,1,1,1,0
2,4.7,4.9,29,39,0,1,1,0
2,17.1,5.1,40,44,1,1,0,1
0,12.4,2.7,59,21,0,0,4,0
1,18.3,3.8,26,31,1,0,0,0
1,1.7,4.1,15,45,1,0,0,0
1,19.8,5.8,49,22,1,0,1,0
2,8.3,2.9,38,49,0,0,0,0
0,11.1,6.3,22,34,0,1,1,0
2,13.1,5.7,13,43,0,0,0,0
2,10.0,3.8,17,46,0,1,1,0
2,10.8,2.0,43,58,1,1,0,0
0,8.6,5.1,49,59,1,1,0,1
0,4.1,4.9,54,36,0,1,0,0
2,19.4,1.0,15,19,1,1,2,0
2,16.1,6.3,32,30,1,1,1,1
2,12.2,1.3,57,50,1,1,0,0
1,1.6,0.5,2,60,0,1,0,0
2,17.9,0.0,47,24,1,0,3,1
0,2.0,5.4,36,40,0,0,0,0
1,15.8,0.0,33,32,1,1,1,0
2,1.6,1.7,54,47,0,0,0,0
0,15.3,6.8,51,47,0,1,0,1
2,17.0,0.7,23,35,0,1,2,1
1,9.3,4.1,38,40,0,0,0,0
1,11.3,0.4,33,18,0,0,2,0
1,16.8,3.2,24,24,1,1,1,0
2,19.4,4.4,20,49,1,1,0,0
1,0.8,3.7,29,28,0,1,1,0
2,3.0,4.7,46,40,1,1,0,0
2,17.4,1.1,23,35,1,1,0,1
2,13.7,4.9,58,36,1,0,0,0
1,5.8,0.2,6,27,1,0,1,0
1,9.2,2.1,23,22,0,0,0,0
1,2.7,6.5,21,55,0,1,3,0
1,1.1,1.3,56,34,0,1,0,0
2,14.8,1.1,50,39,1,1,1,0
1,14.6,2.9,15,42,1,1,0,0
1,14.0,3.0,10,62,1,0,0,0
2,17.7,2.0,58,33,1,1,0,1
1,6.1,1.3,27,54,1,0,2,0
2,8.8,1.6,24,50,1,1,0,0
0,5.4,4.8,52,26,1,1,1,0
0,12.7,0.8,1,34,1,1,1,0
1,12.9,0.8,31,37,0,0,1,0
0,8.5,1.1,28,46,0,0,0,1
1,18.7,6.3,45,24,0,1,1,0
2,10.0,6.0,57,61,1,1,1,0
1,18.4,6.6,55,33,0,1,1,0
0,14.7,6.6,46,53,0,1,1,1
2,18.8,0.4,59,31,0,1,0,1
2,15.3,5.7,14,59,1,0,0,0
0,4.9,2.4,54,42,0,0,0,0
2,13.9,5.7,46,64,1,1,1,0
1,5.1,6.6,40,57,0,1,1,0
0,6.2,5.0,33,36,0,1,2,0
1,4.8,5.9,45,38,1,1,0,0
2,10.2,3.9,19,56,0,0,0,0
2,9.0,3.7,15,65,1,1,0,0
0,18.2,6.6,49,27,0,1,0,0
1,12.1,3.0,39,42,0,1,1,0
1,7.5,0.7,22,28,1,0,3,0
2,12.7,1.5,44,61,0,1,2,0
1,7.2,4.7,23,63,0,1,1,0
2,16.8,2.8,21,22,0,1,0,1
2,2.2,5.4,33,45,0,0,0,0
0,4.8,3.7,46,45,0,1,0,0
1,2.3,0.9,12,31,0,1,0,0
2,17.4,4.6,30,21,0,0,0,1
1,5.8,6.6,60,48,0,1,0,0
0,19.9,3.6,19,60,0,0,2,0
1,3.5,6.2,25,34,0,0,2,0
2,6.8,6.8,23,39,0,1,0,0
0,17.9,2.0,53,53,0,0,0,1
2,12.9,3.7,17,19,1,0,2,0
0,10.1,0.1,13,46,1,0,0,0
1,3.7,3.6,20,48,0,0,1,0
1,15.9,1.5,39,57,0,1,3,1
0,7.0,2.9,46,53,1,1,1,1
2,15.2,0.5,57,34,1,1,1,1
0,11.9,5.5,15,35,1,0,0,0
2,12.5,4.0,44,53,1,1,0,0
1,6.8,4.5,48,44,0,0,0,0
2,2.0,2.7,10,55,1,1,0,0
1,12.1,0.7,9,58,0,1,1,0
0,15.0,2.6,54,65,0,1,2,1
0,11.7,4.2,54,33,1,0,1,0
2,12.2,3.9,27,56,0,0,1,0
1,14.1,5.3,15,50,1,0,2,0
1,1.4,2.4,50,47,1,1,0,0
1,4.9,6.6,37,58,1,0,0,0
1,12.5,4.7,18,24,0,0,2,0
2,3.1,3.8,15,32,0,1,0,0
1,5.8,0.4,16,23,1,1,0,0
2,1.4,4.0,48,23,1,0,2,0
2,4.7,5.7,44,46,1,0,2,0
2,0.7,2.4,1,40,0,0,0,0
2,16.5,5.7,6,58,0,1,1,0
2,12.0,6.1,27,35,0,1,2,0
2,11.2,5.3,5,48,0,1,1,0
2,0.6,2.8,10,37,1,0,2,0
2,17.1,0.6,36,24,1,1,0,1
2,0.5,4.0,3,44,0,1,0,0
2,15.9,2.9,20,36,1,0,2,0
2,4.8,2.6,37,38,0,0,1,0
0,16.5,1.0,27,19,1,1,1,0
1,3.0,4.7,28,18,0,1,1,0
2,11.2,3.1,28,45,1,1,0,0
0,1.1,2.5,36,53,0,0,1,1
1,11.3,6.6,37,47,0,1,2,0
1,3.1,2.7,12,24,1,0,0,0
1,16.2,1.2,3,26,0,0,0,0
0,5.1,0.4,6,35,1,1,1,0
1,2.8,6.9,40,60,0,0,2,0
1,1.1,2.6,16,44,1,1,1,0
2,11.7,5.9,29,49,1,1,1,0
1,13.4,0.5,43,29,0,0,0,0
0,17.9,3.5,27,58,0,0,2,1
0,1.7,2.8,26,37,0,0,2,0
2,8.1,1.9,44,58,1,0,1,0
2,3.7,5.2,11,25,0,1,2,0
2,10.3,4.5,15,61,0,0,1,0
2,5.1,0.5,58,46,0,1,3,0
1,8.5,2.0,16,46,1,0,2,0
2,7.7,1.9,57,55,0,0,0,0
1,14.0,6.4,49,29,0,1,0,0
0,15.0,1.6,41,40,0,1,1,0
1,8.8,3.6,7,58,0,1,1,0
0,5.3,6.7,18,21,0,1,0,0
2,16.0,6.9,36,55,1,1,3,1
0,17.0,3.5,5,61,1,0,0,0
1,11.0,2.6,32,35,0,1,1,0
2,5.4,3.1,43,65,0,1,0,0
0,15.8,1.5,56,33,0,1,0,0
0,7.4,7.0,41,26,0,1,1,0
1,18.4,2.2,19,38,0,1,2,0
2,5.7,1.1,12,38,1,0,1,0
2,18.8,0.8,6,57,0,0,1,0
0,8.8,6.1,40,60,0,1,0,1
2,15.2,1.8,56,47,0,0,0,1
2,4.6,2.2,5,23,1,1,1,0
1,12.7,2.1,60,24,0,1,2,0
2,11.9,5.2,58,64,0,1,1,0
2,8.7,6.1,51,19,0,1,0,0
1,14.8,1.8,44,18,1,1,0,0
2,16.5,1.0,37,25,0,1,3,1
2,14.7,5.0,60,62,0,1,1,0
1,16.4,3.3,53,21,0,1,1,0
0,15.0,0.6,32,20,0,0,0,0
1,3.4,2.9,2,35,1,0,0,0
1,15.6,0.5,15,25,1,0,1,0
1,4.2,6.9,3,22,0,1,0,0
2,2.4,6.4,55,43,1,0,3,0
1,18.1,6.7,23,37,0,0,0,0
2,12.2,6.0,12,24,0,1,0,0
1,3.9,0.1,16,61,1,0,3,0
2,12.9,0.9,47,64,1,1,0,0
2,7.0,4.7,37,18,1,1,2,0
0,3.3,1.0,3,48,1,1,1,0
0,16.1,3.2,16,41,1,0,1,0
2,2.6,1.4,4,27,1,1,2,0
2,19.3,1.1,1,42,0,0,0,0
2,15.6,0.7,23,46,1,1,0,1
0,14.4,5.9,14,45,0,0,1,0
0,5.2,5.9,59,40,1,1,0,0
2,15.3,3.4,3,57,1,1,2,0
2,0.9,4.3,44,52,1,1,0,0
1,11.3,1.6,56,60,1,1,0,0
1,6.6,6.4,38,63,0,0,1,0
1,16.7,4.0,43,18,1,1,0,0
0,15.3,4.5,40,24,1,1,0,0
0,10.0,3.1,13,41,0,1,1,0
2,9.7,4.7,36,61,0,1,1,0
2,1.9,4.5,58,47,0,0,0,0
0,5.1,6.8,50,25,1,0,1,0
0,14.3,4.2,8,56,0,1,2,0
2,1.8,1.2,34,20,0,0,1,0
2,15.9,5.0,17,50,0,0,2,0
2,19.6,2.1,31,20,1,0,1,1
0,2.0,1.6,5,36,0,0,1,0
2,9.4,3.2,45,46,0,1,0,0
0,11.8,3.8,45,51,0,1,0,1
1,16.4,0.3,51,61,1,1,0,1
1,3.4,4.1,17,24,0,1,0,0
2,7.5,4.7,46,34,1,0,0,0
2,16.8,6.4,52,64,0,1,2,1
1,10.6,3.8,21,60,1,1,2,0
1,3.7,0.7,52,21,0,1,0,0
2,17.5,4.0,7,24,1,1,0,0
0,18.8,6.0,51,58,1,1,1,1
0,14.9,4.7,8,25,0,0,1,0
2,19.5,5.9,17,43,0,1,1,0
1,18.6,0.9,21,47,1,1,2,1
1,2.9,3.5,41,55,0,0,1,0
1,8.5,3.8,33,60,1,1,2,0
2,12.1,5.9,18,29,1,1,0,0
1,14.8,2.3,8,50,1,1,1,0
2,10.9,5.0,17,65,1,1,0,0
1,13.2,4.2,44,30,1,1,1,0
2,2.8,2.2,3,63,0,1,1,0
0,8.4,4.1,44,40,1,1,1,0
1,0.6,5.8,7,57,1,0,1,0
1,13.2,3.4,27,37,0,0,0,0
1,3.7,0.1,45,42,0,0,2,0
2,8.4,1.6,12,61,0,1,1,0
2,10.2,2.9,32,62,0,1,0,0
1,13.5,4.8,50,24,0,0,1,0
0,15.4,6.5,51,37,1,0,1,0
0,14.4,2.5,1,24,0,1,2,0
1,11.6,1.7,44,55,0,1,1,0
1,10.8,0.7,29,25,0,1,1,0
1,17.2,5.1,40,36,1,1,0,0
2,17.4,5.0,11,19,1,1,0,0
1,1.7,4.5,26,35,1,1,1,0
2,5.8,5.7,10,65,0,0,1,0
2,18.5,3.1,7,39,0,0,1,0
0,12.1,0.8,21,29,0,1,1,0
2,3.1,2.3,10,47,1,0,0,0
2,1.9,1.2,4,25,0,0,1,0
2,2.3,6.6,21,65,1,1,1,0
1,15.5,6.3,36,61,1,1,1,1
2,4.8,4.4,45,56,0,0,2,0
0,5.2,6.6,57,38,1,1,0,0
2,3.0,6.7,44,21,1,1,0,0
0,12.2,6.4,26,40,1,1,1,0
2,10.5,2.1,16,25,1,0,1,0
2,6.0,0.2,18,53,0,0,1,0
1,13.3,3.6,25,37,0,1,2,0
0,15.7,4.5,60,62,1,1,2,1
1,19.6,3.3,24,38,1,0,3,0
2,9.8,6.8,28,39,0,0,0,0
2,8.6,4.9,54,49,1,0,2,0
0,6.2,4.1,44,28,1,1,0,0
2,15.8,5.4,7,37,0,1,2,0
2,19.5,3.7,27,44,0,0,1,1
0,12.2,6.1,55,62,1,1,1,1
2,13.0,3.3,46,48,1,0,0,0
0,13.9,0.7,15,24,0,1,0,0
0,8.8,1.4,59,36,1,0,0,0
1,4.8,3.1,60,62,0,0,3,0
2,5.5,3.1,51,55,1,1,0,0
2,12.5,6.5,3,63,1,1,1,0
0,12.9,3.0,48,20,0,0,1,0
2,9.5,0.6,53,38,0,1,1,0
2,1.3,3.4,32,50,0,1,0,0
1,17.6,5.0,35,60,1,1,0,1
2,5.3,1.6,10,36,1,0,1,0
1,11.8,6.1,36,62,1,1,0,0
0,14.9,0.1,13,51,0,1,2,0
1,4.1,4.9,36,21,1,1,1,0
2,9.7,1.7,53,39,1,0,1,0
0,0.5,5.1,25,57,0,0,2,1
1,1.4,4.2,33,61,1,0,0,0
1,5.4,6.3,45,45,0,1,1,0
2,13.3,0.6,16,57,1,0,0,0
2,17.8,3.4,41,27,1,1,0,1
0,8.8,4.3,8,36,0,1,2,0
1,1.0,6.1,40,63,0,1,0,0
1,6.2,0.1,56,24,1,0,4,0
2,19.2,5.6,5,20,1,0,1,0
2,2.7,3.3,19,24,0,1,0,0
1,15.2,6.3,34,60,1,1,2,1
1,15.1,0.7,17,65,0,1,0,1
2,12.0,1.6,54,47,0,1,0,0
1,18.7,3.4,52,64,1,1,1,1
2,13.0,4.8,11,35,1,1,2,0
2,19.3,0.9,49,22,1,0,1,1
2,16.6,4.2,34,57,0,0,0,1
2,16.0,3.0,26,37,1,1,2,1
0,19.0,2.4,60,62,1,1,1,1
1,12.5,5.0,38,38,0,1,0,0
1,6.8,4.0,4,56,1,1,3,0
2,2.5,0.6,49,20,0,1,0,0
1,14.0,2.7,40,22,0,0,1,0
2,10.7,0.3,47,47,1,0,2,0
0,8.0,2.6,21,64,1,1,2,1
2,19.0,6.5,15,24,1,1,1,0
1,18.3,4.4,47,47,0,1,0,1
2,7.9,5.0,54,46,0,1,0,0
1,18.9,2.1,3,43,1,1,2,0
2,8.9,4.8,53,20,1,1,0,0
1,4.5,6.7,1,34,0,1,0,0
2,12.6,5.2,17,44,0,1,1,0
2,2.3,6.0,13,33,1,0,0,0
1,3.5,1.0,55,39,1,0,1,0
0,16.4,3.5,38,45,1,0,0,0
2,16.5,1.4,48,36,1,1,0,1
0,5.2,4.1,54,64,0,1,1,1
2,15.1,4.4,57,59,1,0,1,1
2,19.5,0.4,44,46,0,0,1,1
0,19.2,6.8,48,59,1,1,1,1
0,9.2,5.3,1,31,0,1,1,0
2,17.3,4.6,31,38,0,1,0,1
2,11.4,2.3,39,48,1,1,1,0
1,11.5,2.6,26,59,1,1,0,0
1,5.2,0.5,14,44,0,1,0,0
0,8.0,0.9,42,53,0,0,2,1
2,4.7,2.6,28,23,0,1,1,0
2,15.0,5.4,18,56,1,0,0,0
2,13.0,5.1,53,49,0,0,0,0
1,16.2,1.3,46,52,0,0,0,1
0,12.6,2.0,32,46,1,1,0,1
0,5.9,0.4,24,25,0,1,0,0
1,19.1,5.0,3,19,1,1,0,0
2,13.2,6.5,12,61,1,0,1,0
2,9.8,3.0,46,49,1,0,1,0
2,15.7,1.9,51,32,0,0,1,1
0,5.5,1.6,15,56,0,1,0,0
1,16.3,5.5,44,25,1,1,2,0
0,7.1,4.6,12,62,1,1,2,0
0,2.0,6.9,48,65,1,0,3,1
2,15.8,6.7,38,62,0,1,0,1
1,4.2,0.5,6,57,0,1,0,0
1,13.1,1.3,2,53,1,0,1,0
0,5.8,1.0,51,51,1,0,2,1
1,13.9,3.5,56,48,1,1,0,0
1,3.0,2.8,40,64,1,1,0,0
1,12.7,5.5,18,29,1,1,1,0
1,4.2,1.4,39,27,0,1,1,0
1,10.3,0.7,3,61,1,1,1,0
1,17.5,4.4,44,57,1,0,0,1
0,9.8,1.2,36,28,0,1,1,0
2,15.6,5.7,11,50,0,1,0,0
2,3.4,1.9,18,60,0,1,0,0
1,13.3,2.7,33,52,0,0,1,0
1,3.5,2.4,37,52,0,1,0,0
2,15.5,6.6,52,20,1,1,0,1
1,14.4,1.8,19,54,1,1,0,0
2,8.3,2.9,32,40,0,0,4,0
2,9.7,2.9,53,18,0,1,1,0
1,3.8,6.0,43,18,0,0,0,0
0,12.9,5.7,25,32,1,1,2,0
2,18.3,6.0,33,21,0,1,1,1
0,11.4,4.4,31,25,1,1,2,0
1,6.6,1.8,7,38,0,1,1,0
0,8.5,1.4,15,42,1,1,1,0
1,4.8,0.8,59,60,1,1,0,0
2,9.1,4.0,22,24,0,1,1,0
1,10.2,2.7,40,56,1,0,1,0
0,18.8,0.4,50,32,0,1,0,0
0,8.9,5.0,42,40,1,1,1,0
2,17.3,3.2,35,64,0,1,0,1
2,3.8,0.4,49,45,1,1,0,0
1,11.1,3.1,24,64,0,1,1,0
2,12.0,6.6,37,54,1,0,1,0
0,12.1,1.2,36,45,0,1,1,0
2,10.3,4.5,40,29,0,1,1,0
1,15.5,3.0,14,62,0,1,0,1
2,3.9,2.3,27,60,0,1,3,0
1,1.8,1.1,45,32,1,0,0,0
2,3.3,2.7,3,43,1,0,0,0
1,11.5,0.2,44,33,1,0,0,0
1,5.4,2.6,44,65,0,0,0,0
2,14.9,4.0,35,33,1,1,3,0
0,1.7,2.3,40,41,0,1,1,0
0,18.2,1.1,1,65,1,0,0,0
0,19.1,3.0,25,48,1,1,1,1
2,15.8,2.5,58,40,0,0,0,1
1,17.6,6.9,54,21,1,1,1,0
2,7.9,3.9,11,37,0,0,1,0
1,3.6,3.2,2,59,1,1,0,0
1,4.4,6.7,54,34,1,0,0,0
1,10.3,5.5,45,24,0,1,0,0
2,13.4,2.5,57,55,1,1,0,0
2,11.6,3.3,24,60,1,1,4,0
0,2.5,3.6,30,18,0,0,2,0
0,14.7,1.4,4,33,1,0,2,0
0,15.9,0.9,42,65,1,1,2,1
1,1.1,1.1,33,44,1,1,2,0
1,9.4,2.5,18,60,0,1,2,0
2,9.0,0.6,9,32,0,1,1,0
2,1.8,1.4,44,33,1,1,1,0
0,3.9,0.7,36,47,0,0,0,1
2,16.4,0.1,1,19,0,1,0,0
1,11.9,2.8,26,37,0,1,1,0
1,4.8,3.1,18,32,1,0,3,0
1,9.4,5.2,52,49,1,1,2,0
2,17.2,4.0,33,33,0,1,2,1
2,2.5,6.0,6,36,0,1,2,0
2,19.1,4.8,5,58,0,1,2,0
2,3.3,5.7,51,28,1,0,2,0
2,6.2,4.0,8,51,1,1,1,0
2,4.0,3.7,36,18,1,1,0,0
0,9.7,6.8,8,55,1,0,2,0
2,6.6,2.9,12,28,0,0,0,0
2,19.8,3.7,24,44,0,0,2,1
0,0.8,4.9,1,44,0,1,1,0
2,6.8,3.4,17,35,1,1,1,0
2,12.1,2.9,1,57,0,1,0,0
0,7.1,4.7,1,27,0,1,2,0
1,9.4,0.3,26,24,1,1,0,0
1,8.8,6.0,1,27,1,1,1,0
0,2.2,6.8,5,57,1,1,1,0
0,13.2,4.3,46,49,1,1,0,1
1,16.8,3.3,30,27,0,0,0,0
2,10.8,3.2,5,34,1,0,0,0
1,3.4,3.9,31,37,0,1,2,0
1,9.9,5.1,26,29,1,0,1,0
2,0.8,2.1,4,51,1,0,2,0
2,18.2,2.2,58,39,1,0,0,1
2,5.2,1.0,12,41,1,1,0,0
0,18.1,5.1,57,63,1,0,0,1
1,11.9,2.6,35,46,1,0,1,0
1,19.7,5.9,57,47,0,0,1,1
2,17.1,3.4,28,57,1,0,0,1
2,0.7,0.8,17,50,0,0,0,0
1,0.8,7.0,18,31,1,0,1,0
1,15.0,5.7,10,25,0,0,2,0
2,10.6,1.9,23,44,1,1,0,0
2,15.2,0.6,35,30,0,0,0,1
1,12.0,0.2,7,46,1,1,1,0
1,5.0,5.5,57,36,1,1,1,0
0,15.8,0.7,25,21,1,1,2,0
0,1.1,1.8,22,46,1,0,0,1
0,16.2,0.7,26,26,0,0,0,0
0,13.5,6.7,7,54,0,1,0,0
2,13.6,2.3,14,21,1,1,0,0
1,1.4,1.7,36,45,1,1,3,0
0,4.6,5.0,28,46,1,1,1,1
2,10.0,4.5,5,25,0,0,1,0
0,9.1,2.4,21,24,0,0,1,0
1,1.0,3.9,36,57,0,1,0,0
0,7.0,4.4,39,20,0,1,0,0
2,19.4,2.9,49,43,0,0,1,1
0,6.5,5.6,53,38,1,1,0,0
2,12.8,5.2,29,59,0,0,2,0
2,13.8,6.0,25,31,1,0,2,0
2,12.7,0.7,16,54,0,0,0,0
2,6.1,4.1,53,37,0,1,0,0
0,11.6,5.1,37,65,0,1,1,1
2,14.2,0.1,50,61,1,1,2,0
2,8.0,4.3,51,31,1,0,3,0
1,6.0,2.5,30,36,0,0,2,0
2,5.9,6.2,60,21,1,0,0,0
2,18.4,5.8,17,47,1,0,2,0
2,13.1,1.8,7,65,0,1,2,0
2,15.2,5.6,43,55,1,0,0,1
1,11.6,1.0,59,59,1,1,0,0
1,12.8,5.5,10,24,0,1,1,0
1,5.9,4.8,60,57,1,0,1,0
0,17.9,5.8,9,56,1,0,0,0
1,10.3,3.7,11,26,1,1,0,0
1,16.2,5.4,46,26,1,1,2,0
0,10.6,5.1,58,38,0,1,0,0
0,2.8,0.4,58,35,1,0,1,0
1,2.7,3.6,51,27,1,1,1,0
0,9.6,3.9,26,58,0,1,2,1
2,8.9,6.3,59,30,1,1,0,0
1,18.3,3.9,40,30,0,1,1,0
1,3.1,6.3,11,20,0,1,0,0
0,13.9,1.7,23,63,1,0,1,1
1,18.4,3.0,1,44,0,1,1,0
0,8.5,3.7,1,20,0,1,0,0
0,17.8,2.4,30,31,0,0,0,0
1,3.3,2.4,40,61,1,1,1,0
2,2.6,1.1,36,37,0,1,3,0
1,5.1,1.2,12,49,1,1,0,0
0,10.7,6.0,60,30,1,1,1,0
0,13.1,5.2,50,65,1,1,0,1
2,15.5,3.1,45,27,1,0,0,1
2,15.4,5.4,47,44,1,1,0,1
2,2.7,1.0,13,63,1,0,0,0
1,17.5,1.5,46,19,1,1,0,0
1,2.7,4.1,9,32,0,1,1,0
2,18.0,0.7,59,26,1,0,2,1
1,19.2,4.7,8,33,1,0,1,0
2,11.9,2.2,37,49,0,1,1,0
1,14.0,6.3,23,21,1,0,1,0
1,7.7,4.4,43,25,1,0,0,0
0,11.2,3.1,6,49,1,1,2,0
0,16.7,3.8,27,31,1,1,0,0
2,3.6,1.6,10,64,0,0,1,0
1,10.3,0.2,31,24,1,1,2,0
2,8.5,0.4,32,23,0,1,1,0
1,17.4,2.8,30,31,1,1,1,0
0,3.1,5.9,58,32,1,1,0,0
1,17.9,4.8,27,38,0,1,1,0
1,5.4,4.5,15,39,0,0,0,0
2,12.3,6.7,40,64,0,1,1,0
0,7.9,6.3,60,28,0,1,0,0
2,18.7,3.0,19,25,0,0,0,0
1,4.4,5.2,52,64,0,1,0,0
1,10.3,3.5,56,51,0,1,2,0
1,5.0,4.9,49,58,0,0,1,0
1,16.1,3.1,58,21,0,1,1,0
1,5.8,4.0,43,26,1,1,0,0
1,19.1,1.1,20,42,1,1,1,0
1,18.5,5.2,33,19,0,1,0,0
1,9.8,0.3,5,26,1,0,0,0
1,0.8,0.4,36,54,0,0,0,0
2,19.3,3.9,60,59,0,0,1,1
0,13.9,4.5,29,49,0,1,2,1
1,10.1,2.0,23,48,0,1,1,0
1,12.3,6.3,30,48,1,1,0,0
0,2.7,3.5,41,53,0,0,1,1
1,3.6,0.9,58,49,0,1,2,0
0,13.0,6.3,22,54,0,1,1,1
1,1.5,4.0,48,26,1,1,1,0
2,14.2,4.8,40,50,1,0,1,0
1,18.4,2.5,31,54,0,1,2,1
1,14.3,6.0,19,53,0,1,3,0
0,11.4,4.4,35,21,0,0,0,0
1,16.0,4.3,47,63,0,1,2,1
2,15.1,2.4,3,21,1,0,1,0
1,12.0,6.5,32,31,1,1,1,0
0,4.3,6.8,19,53,1,1,0,0
1,0.7,4.6,31,49,1,1,0,0
2,9.4,0.2,18,29,0,0,0,0
0,5.2,5.6,10,35,1,1,1,0
1,4.9,3.5,39,40,0,1,1,0
0,10.4,6.8,32,25,1,0,0,0
1,7.8,1.8,8,64,0,0,0,0
0,10.3,0.6,26,33,1,1,2,0
2,5.8,5.9,22,46,0,1,1,0
1,12.4,3.5,28,38,1,0,1,0
2,12.6,2.5,45,26,1,0,0,0
1,4.6,3.0,60,37,0,1,2,0
0,11.6,6.6,26,43,0,0,1,0
1,9.2,0.3,10,27,1,0,1,0
0,19.4,3.8,53,62,1,1,1,1
1,14.6,1.6,8,32,0,1,3,0
1,4.0,5.9,9,18,1,0,1,0
2,17.7,4.1,6,34,1,0,0,0
1,9.8,3.5,1,36,1,1,1,0
0,17.0,4.2,27,24,0,0,0,0
1,16.7,2.3,52,41,1,1,1,0
1,0.8,5.6,19,35,0,0,0,0
1,5.1,4.1,28,64,1,0,0,0
0,18.3,5.9,56,52,1,0,1,1
2,15.5,4.1,3,25,1,0,0,0
1,3.1,1.2,7,41,0,0,0,0
0,4.6,5.4,54,49,1,1,0,1
2,12.6,6.0,41,48,1,0,1,0
0,5.9,5.5,20,37,0,0,2,0
2,4.5,3.1,31,32,1,1,1,0
2,19.7,4.7,22,39,0,1,1,1
1,9.4,5.4,2,32,0,0,1,0
0,10.6,2.0,17,62,1,0,0,0
1,13.2,0.9,10,50,1,1,0,0
2,2.0,6.7,8,52,0,0,2,0
2,8.2,6.5,57,47,1,1,0,0
2,18.2,4.8,33,38,0,1,0,1
1,18.9,4.1,17,59,0,0,3,1
1,10.2,6.7,58,34,1,1,0,0
2,17.9,5.4,19,35,1,1,0,0
1,10.2,3.1,32,48,0,0,1,0
0,19.7,6.1,40,28,1,1,1,0
1,15.9,5.8,40,59,0,1,1,1
2,16.7,3.8,13,29,1,0,1,0
1,4.1,2.5,57,44,0,1,0,0
0,0.6,2.5,6,49,0,0,1,0
0,10.3,3.9,37,50,0,0,2,1
0,19.7,6.1,13,54,0,1,0,0
1,19.4,3.0,49,38,0,0,2,0
1,12.5,0.8,30,42,0,1,2,0
2,4.1,2.3,50,30,0,1,1,0
0,0.7,0.1,44,46,1,0,1,1
2,10.2,6.1,44,53,0,1,1,0
0,6.4,1.7,52,43,1,0,4,0
0,7.1,6.7,12,60,1,0,0,0
1,16.7,2.7,22,57,1,1,2,1
2,2.2,3.7,3,32,1,0,0,0
1,2.3,5.3,13,56,0,0,1,0
2,9.1,0.3,30,62,0,1,1,0
1,8.6,2.9,13,33,0,1,1,0
2,1.7,2.8,16,46,0,0,0,0
2,11.1,0.3,58,29,0,1,0,0
0,8.9,4.9,57,28,0,0,1,0
0,19.9,5.3,12,46,0,1,0,0
2,1.8,4.2,47,32,1,0,0,0
0,2.8,3.0,41,54,1,1,1,1
2,3.6,1.4,21,53,1,1,0,0
1,6.8,1.4,14,19,0,1,1,0
2,13.5,4.7,20,22,0,1,0,0
0,19.3,3.4,6,25,1,1,4,0
0,18.2,4.6,20,49,1,0,0,0
0,9.1,6.4,11,18,0,0,1,0
0,1.9,4.5,33,31,0,0,1,0
1,13.1,0.5,55,49,0,0,1,0
1,8.6,4.7,44,41,0,0,0,0
2,1.0,0.1,55,33,1,1,0,0
2,16.4,6.7,53,19,1,1,0,1
2,10.8,1.8,12,18,1,1,0,0
0,9.0,3.8,38,61,0,1,0,1
1,14.6,4.2,52,33,1,1,1,0
2,17.2,1.5,59,25,1,1,0,1
1,18.7,0.9,58,27,0,1,3,0
2,7.0,5.6,44,43,0,1,1,0
0,4.1,4.8,58,52,1,1,0,1
0,6.9,4.3,49,59,0,1,0,1
0,19.5,1.2,35,38,0,1,0,0
0,2.4,5.3,41,22,1,1,0,0
2,19.0,4.5,8,38,0,1,2,0
1,12.6,4.1,5,52,0,1,0,0
2,0.7,3.2,26,35,1,1,2,0
2,17.3,1.2,23,24,1,1,0,1
1,13.8,1.3,10,22,1,1,1,0
2,3.3,5.8,26,65,1,0,0,0
2,7.2,1.5,26,34,0,1,1,0
0,17.5,6.4,26,44,0,1,0,0
0,14.7,1.1,9,45,0,0,0,0
2,6.7,4.7,55,63,1,1,0,0
0,16.0,2.9,13,26,1,1,0,0
1,5.5,4.4,41,34,1,0,0,0
0,11.2,0.3,4,63,0,1,1,0
0,18.7,2.5,1,49,1,1,4,0
2,9.0,1.3,53,42,1,1,1,0
1,11.3,0.8,46,51,1,1,1,0
1,15.6,0.2,48,18,0,0,0,0
1,4.5,0.3,33,50,1,1,2,0
1,9.3,4.9,46,54,1,1,1,0
0,18.4,3.5,56,35,1,1,1,0
1,13.2,2.2,28,48,0,1,2,0
0,14.2,0.6,56,57,0,0,1,1
0,19.3,1.2,41,61,1,1,0,1
2,12.0,1.9,16,36,0,1,1,0
0,17.5,3.4,54,52,1,1,0,1
1,19.9,6.6,13,31,1,0,0,0
1,13.7,2.4,23,26,0,1,4,0
0,13.9,2.5,42,37,0,1,0,0
1,4.0,5.0,21,20,1,1,1,0
1,9.5,3.4,13,27,0,0,0,0
1,14.9,2.0,35,24,1,0,0,0
0,7.2,1.1,45,46,1,1,2,1
0,2.8,0.3,57,18,1,1,1,0
0,0.9,1.5,3,31,0,1,2,0
0,13.5,6.5,23,48,0,0,0,1
1,1.1,7.0,14,47,1,0,0,0
2,10.0,5.6,17,33,0,1,0,0
2,17.7,3.2,38,24,0,0,0,1
2,16.6,5.0,28,20,1,1,0,1
0,14.5,5.8,25,48,0,0,1,1
0,17.3,2.5,7,38,0,0,0,0
1,15.1,1.2,28,24,1,0,1,0
2,0.9,1.1,20,38,0,0,0,0
2,9.7,4.0,42,33,1,0,0,0
1,0.8,0.4,9,55,0,1,1,0
0,11.3,7.0,22,45,1,0,0,0
1,5.1,3.1,54,59,1,0,2,0
2,9.1,1.6,6,19,0,1,0,0
1,4.5,3.6,18,49,0,1,1,0
0,16.5,1.7,59,29,1,0,0,0
1,4.1,4.3,14,56,0,0,0,0
2,6.9,5.7,28,19,0,1,0,0
2,0.8,3.0,34,36,0,1,2,0
0,6.5,5.2,49,33,1,0,1,0
1,1.0,4.1,30,63,0,1,2,0
1,9.3,1.2,2,32,0,1,1,0
1,1.0,1.5,13,23,1,1,1,0
0,8.1,3.8,1,20,1,1,1,0
1,12.3,5.9,23,43,0,0,0,0
1,18.2,3.1,17,21,0,1,1,0
2,11.3,4.4,10,23,1,0,0,0
1,10.5,5.3,17,27,1,1,1,0
1,1.4,5.6,25,60,1,0,1,0
2,7.8,4.5,41,59,1,1,1,0
1,8.2,5.5,31,26,1,1,1,0
2,6.8,4.2,35,40,0,1,0,0
2,17.8,6.5,51,31,1,1,0,1
2,8.2,2.4,9,40,1,0,2,0
2,4.6,5.9,56,19,0,1,0,0
2,15.8,4.5,38,64,1,1,0,1
0,16.3,4.0,39,31,0,1,3,0
2,7.2,5.0,14,22,0,0,1,0
2,16.5,0.2,45,24,1,0,1,1
0,14.3,5.5,50,32,0,0,1,0
2,2.6,1.6,4,35,1,0,1,0
0,7.7,1.1,48,31,1,0,0,0
2,17.1,4.7,3,42,1,1,1,0
2,7.8,6.3,41,42,0,1,0,0
0,17.4,3.9,11,58,0,1,1,0
0,9.2,1.6,8,38,0,0,1,0
2,11.5,5.2,34,24,1,1,2,0
0,8.1,6.3,2,35,1,1,0,0
2,12.5,5.1,10,54,1,1,0,0
0,10.7,5.7,42,45,0,1,1,0
2,16.9,6.5,48,26,1,1,1,1
1,19.4,3.7,24,54,1,1,3,1
2,6.1,6.3,39,34,1,0,0,0
2,3.5,5.6,4,55,0,1,4,0
2,6.9,2.4,3,61,0,0,3,0
1,14.4,2.3,43,25,1,1,0,0
2,4.6,1.5,3,59,0,0,2,0
1,6.8,4.7,4,35,1,1,0,0
0,18.7,6.2,46,37,1,0,0,0
0,15.2,0.6,1,27,1,1,3,0
0,19.1,4.1,11,54,0,1,3,0
1,2.2,4.9,54,24,1,1,2,0
1,10.0,5.7,19,30,1,1,3,0
0,18.1,3.9,48,24,0,1,1,0
0,9.1,4.6,35,44,1,1,0,0
2,13.9,3.7,3,62,0,1,1,0
0,3.8,1.3,59,43,0,0,0,0
0,5.3,0.5,56,36,1,0,1,0
1,8.8,1.8,5,37,1,1,1,0
2,6.6,5.7,30,50,1,1,0,0
2,13.1,0.8,29,60,0,1,0,0
1,16.6,0.5,49,33,0,1,1,0
0,7.5,1.6,45,54,1,0,1,1
0,15.4,2.0,34,42,1,0,0,0
0,6.0,2.8,54,33,1,1,1,0
0,8.4,5.8,23,28,1,0,1,0
0,1.2,4.4,49,43,1,1,0,0
1,3.3,5.3,30,32,1,1,1,0
0,2.7,6.2,22,54,0,1,0,1
0,11.8,5.4,20,31,1,1,1,0
1,12.7,1.8,17,39,1,0,0,0
2,1.6,3.8,41,31,0,0,0,0
1,11.4,3.2,12,18,0,1,1,0
2,15.2,5.8,36,19,1,1,1,1
2,10.3,1.7,50,22,0,1,0,0
0,9.5,4.3,59,31,1,1,0,0
2,12.9,0.3,36,47,1,0,0,0
0,8.0,2.3,58,46,1,1,1,1
2,12.3,3.3,42,52,0,1,0,0
1,18.5,1.4,17,38,1,0,0,0
2,17.2,4.7,15,58,1,1,1,0
2,14.9,2.6,38,60,0,1,1,0
0,17.5,1.3,22,24,0,0,1,0
2,6.3,6.1,28,46,0,0,0,0
1,15.1,1.4,39,65,1,0,3,1
2,6.2,4.0,37,35,1,0,1,0
2,10.6,3.4,19,53,1,0,0,0
1,10.0,3.1,14,22,0,1,1,0
0,1.4,1.7,3,21,1,0,0,0
2,11.6,5.7,21,58,0,1,0,0
1,10.3,4.5,12,54,0,0,0,0
2,10.6,5.6,57,30,0,0,1,0
2,1.1,5.1,2,21,0,1,2,0
0,7.8,5.4,33,34,0,1,2,0
2,8.8,1.3,13,36,0,1,0,0
1,14.9,4.3,22,51,0,1,0,0
1,14.8,5.5,11,39,1,0,1,0
2,7.9,3.5,3,56,0,0,1,0
2,8.4,4.3,11,63,1,1,1,0
0,14.4,1.9,5,48,1,1,1,0
0,8.7,3.2,56,58,1,1,1,1
2,12.3,5.9,15,42,0,1,1,0
2,5.7,1.5,23,63,1,1,0,0
2,1.5,5.0,23,25,0,1,0,0
1,14.0,4.4,46,64,1,1,0,0
1,13.5,0.5,39,42,0,1,3,0
1,2.1,4.7,51,29,1,1,4,0
1,1.0,3.2,55,47,1,1,1,0
1,0.5,1.3,59,60,1,1,2,0
2,3.0,3.0,46,25,0,0,0,0
2,4.6,0.9,28,57,1,1,2,0
2,17.2,6.6,35,29,1,1,1,1
2,9.0,6.8,53,28,1,1,1,0
2,13.2,3.0,39,59,1,1,1,0
1,19.4,1.5,28,63,0,0,1,1
2,9.1,5.6,60,59,1,0,2,0
2,16.1,2.2,4,59,1,1,0,0
2,8.0,2.5,24,57,1,0,2,0
2,15.0,2.8,13,38,0,1,1,0
0,5.6,5.0,13,27,0,1,1,0
2,17.8,4.3,4,30,0,0,1,0
0,1.5,6.9,17,31,0,1,1,0
0,9.3,5.9,7,61,0,1,0,0
2,19.8,6.8,10,53,0,1,0,0
2,3.3,5.4,58,50,0,0,1,0
1,2.5,3.0,58,40,0,0,0,0
1,7.0,6.4,2,27,0,1,0,0
0,3.2,2.8,15,47,0,1,0,0
0,13.7,0.7,55,42,1,0,2,0
2,12.5,1.5,55,59,1,0,0,0
2,10.8,6.9,5,25,0,1,1,0
1,19.4,1.3,8,58,1,0,1,1
0,6.7,2.8,11,32,0,0,1,0
1,9.2,5.8,4,18,1,0,0,0
1,9.5,3.5,44,46,0,1,0,0
0,14.2,4.6,26,61,1,1,0,1
0,4.9,6.1,41,29,1,0,2,0
0,15.2,0.8,9,41,1,0,1,0
1,4.1,3.3,44,50,1,1,1,0
0,19.6,2.3,21,31,0,0,0,0
0,19.1,4.4,20,18,0,1,0,0
2,8.3,3.5,12,19,0,1,1,0
0,17.7,2.4,51,63,0,0,0,1
2,8.2,1.4,38,34,1,0,1,0
1,11.1,1.0,51,18,0,1,0,0
1,15.1,5.2,6,40,0,0,1,0
1,15.3,5.8,16,65,0,0,3,1
0,17.8,5.5,48,61,1,1,0,1
1,9.5,4.7,52,53,0,0,0,0
2,12.1,4.4,48,59,0,1,4,0
1,11.6,2.9,8,35,1,1,0,0
0,10.4,4.5,36,38,1,1,0,0
2,14.0,0.8,12,27,0,1,0,0
2,5.6,4.0,40,35,1,1,1,0
2,1.8,4.1,34,42,1,0,0,0
1,10.6,3.5,1,18,1,0,3,0
0,8.9,5.6,47,41,1,1,1,0
2,10.8,2.6,13,63,1,1,1,0
2,12.5,2.3,58,60,0,1,1,0
2,7.6,0.7,13,53,1,1,0,0
2,6.5,2.2,37,38,1,1,0,0
2,13.7,2.6,60,22,0,1,2,0
2,8.3,0.6,49,34,1,0,2,0
1,16.7,5.2,54,61,1,0,5,1
1,15.4,0.2,23,32,1,1,4,0
1,18.1,6.3,24,30,0,1,0,0
0,2.4,0.7,35,54,0,1,0,1
1,3.6,1.6,3,46,1,1,1,0
1,12.4,1.2,20,58,0,1,0,0
2,14.3,4.5,38,26,1,0,1,0
1,4.6,6.9,15,46,1,0,1,0
0,1.0,5.8,45,23,1,0,1,0
0,17.3,0.5,5,51,0,1,1,0
2,15.7,0.8,60,36,0,0,1,1
2,18.5,3.8,60,45,0,1,1,1
2,6.1,5.5,29,23,1,1,1,0
0,10.4,5.0,56,34,1,0,0,0
1,14.7,3.6,27,65,0,1,1,0
1,12.7,0.2,21,33,0,0,0,0
2,0.7,6.9,16,50,0,1,1,0
1,10.4,5.3,2,39,0,1,2,0
1,19.6,4.3,17,43,1,1,1,0
2,5.0,5.0,47,51,0,0,0,0
0,9.4,4.2,9,30,1,0,2,0
2,16.2,4.9,8,61,0,0,1,0
2,5.7,2.3,8,64,0,1,0,0
0,8.4,5.7,46,40,1,0,0,0
0,14.0,0.5,11,63,1,1,0,0
2,9.3,3.4,35,46,1,1,0,0
2,19.1,6.7,42,22,1,0,1,1
2,17.1,4.0,17,50,1,1,1,0
1,6.2,1.6,5,33,0,0,2,0
1,0.5,3.8,41,24,1,0,0,0
0,11.0,1.7,38,18,0,0,1,0
1,17.1,2.3,15,28,1,0,1,0
1,18.2,0.0,29,42,1,1,1,0
1,2.9,6.2,44,18,0,0,1,0
2,17.9,0.9,5,41,1,0,0,0
2,10.2,5.5,10,59,0,1,0,0
2,19.6,5.2,46,57,1,0,0,1
0,16.1,0.1,56,42,1,1,0,0
1,3.7,0.1,49,60,0,0,1,0
2,10.8,2.4,15,59,0,0,0,0
1,17.7,2.3,22,59,1,1,0,1
2,16.4,3.7,25,44,0,1,0,1
0,19.4,0.8,29,58,1,1,0,1
1,16.8,3.8,44,37,1,1,0,0
2,19.8,5.4,24,63,1,1,1,1
0,10.7,5.3,48,30,0,0,1,0
0,12.1,5.7,41,53,1,0,1,1
1,1.9,4.8,39,54,1,1,2,0
2,8.2,2.0,15,65,0,0,0,0
0,6.7,5.8,19,33,0,1,1,0
0,18.4,4.3,57,34,0,0,1,0
2,7.0,1.9,6,61,1,1,2,0
2,17.8,2.6,59,30,1,1,0,1
1,5.2,3.6,52,19,0,1,0,0
2,11.8,0.2,57,20,0,1,0,0
0,10.9,6.1,37,19,0,1,2,0
1,2.4,2.8,17,33,1,0,0,0
0,6.7,2.6,21,25,0,0,0,0
1,19.7,1.4,45,30,1,1,3,0
2,12.1,3.4,28,22,1,1,1,0
2,16.6,1.7,36,23,0,0,0,1
0,14.5,5.8,9,33,0,1,0,0
2,18.1,7.0,26,50,0,1,1,1
2,7.2,2.5,33,62,1,0,0,0
0,4.8,1.1,36,24,1,1,1,0
2,1.9,0.4,12,58,1,1,0,0
2,16.9,4.0,11,29,1,1,1,0
1,10.7,5.3,35,19,0,1,3,0
1,14.5,6.3,19,36,0,0,0,0
1,1.7,0.4,60,63,1,1,0,0
2,17.0,6.7,54,58,0,0,1,1
2,11.9,2.5,15,56,1,1,2,0
2,2.8,0.4,41,64,1,0,1,0
2,10.2,0.7,58,30,1,0,1,0
2,12.1,4.9,12,55,0,1,2,0
2,7.1,2.6,12,57,1,0,0,0
1,14.4,4.1,60,46,1,0,4,0
0,11.8,6.0,16,23,0,0,0,0
0,16.9,3.0,27,39,0,1,0,0
0,17.3,4.1,30,39,0,0,1,0
0,1.7,6.1,38,19,0,0,0,0
2,13.1,6.9,26,40,0,1,0,0
2,14.6,5.2,17,23,0,1,0,0
0,3.3,4.7,26,38,0,0,1,0
0,17.7,2.5,22,41,0,0,2,0
2,17.2,6.6,9,42,1,1,0,0
1,3.2,3.9,37,25,0,0,2,0
0,17.7,2.7,35,30,0,1,2,0
1,13.1,2.9,49,20,0,0,2,0
0,15.8,0.2,18,18,0,1,2,0
2,16.1,5.0,20,61,0,1,1,0
0,3.7,5.0,49,54,1,0,2,1
2,1.7,2.2,23,50,0,1,1,0
2,12.9,2.0,48,38,1,1,1,0
2,7.1,5.4,15,30,1,1,0,0
0,5.6,1.5,5,57,1,0,0,0
1,3.0,4.5,46,35,1,1,0,0
0,17.3,5.7,35,57,0,1,0,1
2,11.6,2.5,34,64,0,1,1,0
2,16.8,0.3,52,59,0,0,1,1
2,11.4,2.5,1,21,0,1,0,0
0,1.4,4.7,40,49,0,0,2,1
1,4.8,3.1,30,34,0,0,2,0
1,16.4,6.5,38,57,0,1,0,1
0,4.2,3.7,50,39,0,0,1,0
2,18.3,6.8,24,22,0,0,0,1
1,6.7,4.6,28,47,0,0,0,0
1,8.7,5.7,48,23,1,1,1,0
1,13.4,4.5,3,20,0,1,2,0
2,16.1,3.5,9,31,0,1,4,0
1,15.4,4.0,30,45,1,0,0,0
2,16.4,5.8,48,22,1,1,0,1
2,10.4,3.9,23,51,0,1,1,0
0,6.8,6.5,54,49,1,1,1,1
2,4.7,2.1,54,63,0,1,0,0
2,19.2,2.9,55,47,1,1,1,1
0,11.7,3.3,59,33,1,1,2,0
2,19.4,4.6,4,22,1,1,2,0
2,10.1,5.5,56,61,0,0,0,0
2,7.8,4.4,24,22,1,1,3,0
2,12.4,6.1,19,46,0,1,1,0
2,19.9,6.8,30,18,1,0,0,1
0,17.4,0.3,45,18,1,1,2,0
2,8.5,0.0,1,64,0,0,0,0
0,1.3,1.8,29,24,1,1,0,0
2,8.5,0.7,25,26,0,1,0,0
1,15.3,5.7,44,56,0,0,1,1
2,0.5,5.6,50,57,0,0,0,0
1,16.7,0.9,56,20,0,0,0,0
2,5.6,3.6,47,39,1,1,1,0
2,7.6,6.4,35,57,0,1,1,0
0,18.5,1.0,43,29,1,0,0,0
2,7.8,4.5,15,23,0,1,1,0
2,9.8,5.2,55,51,0,0,0,0
1,9.2,6.4,60,24,0,0,2,0
2,7.6,4.2,52,55,0,1,0,0
1,2.1,3.5,21,63,0,1,2,0
1,8.8,3.2,5,59,0,1,0,0
0,10.1,2.2,50,25,1,0,2,0
1,4.8,3.2,51,39,1,0,1,0
2,16.6,1.3,55,53,1,1,0,1
1,10.1,4.7,24,29,1,0,0,0
0,5.2,1.5,18,59,0,0,0,0
2,2.5,0.3,14,35,0,1,2,0
2,11.8,3.3,6,65,1,0,1,0
0,9.8,5.6,46,44,0,0,1,0
2,14.4,1.6,18,50,0,0,0,0
2,19.8,5.7,28,40,0,1,0,1
1,4.4,5.0,52,42,1,0,1,0
1,14.8,4.4,33,47,1,1,2,0
0,8.9,4.1,54,19,1,0,3,0
2,8.2,1.9,45,42,1,0,1,0
0,6.1,3.4,20,24,1,0,1,0
1,7.5,1.7,39,37,0,1,1,0
1,2.8,1.0,33,65,0,0,0,0
2,9.4,4.1,60,52,0,1,1,0
1,12.0,5.4,29,40,0,0,0,0
2,6.0,3.1,24,37,1,1,2,0
0,9.3,5.2,32,21,1,0,2,0
2,9.7,4.9,20,43,0,0,2,0
2,13.4,3.2,13,57,1,0,1,0
1,11.9,5.2,60,22,0,0,0,0
1,18.9,2.2,7,19,0,0,0,0
1,10.8,5.6,17,32,1,0,0,0
1,12.3,2.3,28,36,1,1,3,0
1,10.8,4.8,45,36,0,1,2,0
2,7.2,4.7,4,33,1,1,1,0
2,3.7,2.9,37,55,0,1,0,0
2,0.8,5.0,53,61,1,1,0,0
2,4.8,6.2,33,48,1,1,0,0
0,11.4,0.5,48,18,0,1,1,0
0,1.0,2.1,48,62,0,1,2,1
2,6.7,0.8,43,45,0,1,0,0
1,1.3,1.3,1,37,0,1,1,0
2,13.9,1.3,21,45,0,1,1,0
2,10.5,6.8,50,56,1,1,0,0
2,17.9,4.9,29,49,0,0,0,1
2,12.8,4.1,34,60,0,1,0,0
0,14.2,4.1,55,24,0,0,1,0
2,17.7,0.7,26,43,1,1,0,1
2,18.0,2.6,36,53,0,0,0,1
0,7.7,6.3,51,31,0,1,0,0
0,11.9,0.1,45,33,1,1,0,0
0,8.4,0.1,58,18,0,0,0,0
1,11.5,1.9,59,44,0,1,1,0
2,18.9,4.4,29,54,1,1,2,1
1,19.9,6.1,19,29,1,0,0,0
0,9.7,0.2,29,29,1,0,1,0
0,1.8,3.6,19,53,1,1,2,0
2,19.2,4.4,10,20,0,1,1,0
0,2.8,0.4,52,30,1,0,0,0
2,1.0,3.3,29,34,1,0,2,0
1,14.1,6.3,46,26,1,1,1,0
1,17.1,2.5,57,29,0,1,1,0
1,12.5,3.2,53,57,0,1,0,0
0,12.1,4.0,39,47,1,0,2,1
1,6.9,1.0,10,63,0,1,2,0
2,12.7,3.3,53,42,0,1,3,0
1,16.6,3.7,4,61,0,0,1,1
1,6.9,1.1,54,42,1,0,1,0
1,9.5,5.3,9,41,1,1,0,0
1,13.0,0.8,6,63,0,1,3,0
1,15.7,1.7,12,23,1,1,2,0
2,12.9,4.5,19,41,0,1,1,0
0,3.6,2.0,48,23,1,1,1,0
1,10.8,0.7,59,63,0,1,0,0
0,9.0,3.4,38,21,0,1,0,0
2,13.1,2.4,30,30,1,1,0,0
2,13.1,3.1,12,52,1,0,0,0
1,2.4,1.2,25,60,1,0,3,0
2,3.2,6.8,35,61,0,0,1,0
0,2.2,1.0,16,47,1,0,1,0
0,2.4,2.0,34,53,0,1,0,1
1,10.7,3.5,23,21,1,1,2,0
2,0.6,6.4,1,40,0,1,0,0
2,15.8,0.6,29,64,0,0,1,1
0,11.6,4.3,31,34,0,0,1,0
0,14.6,1.2,18,34,1,1,1,0
2,9.9,4.6,52,32,0,1,2,0
1,18.2,4.0,58,52,0,1,1,1
1,16.5,5.7,57,42,0,0,1,0
0,10.2,0.3,55,32,1,0,0,0
2,5.3,0.8,60,44,1,1,0,0
2,3.0,4.9,55,47,0,1,0,0
1,16.9,1.5,14,49,0,0,0,1
1,13.7,0.0,1,26,1,1,3,0
0,5.7,6.2,59,54,0,0,2,1
0,14.7,6.8,47,36,1,1,2,0
2,6.5,2.0,16,19,1,1,1,0
2,5.5,2.4,7,19,0,1,0,0
0,14.9,2.1,54,55,0,1,1,1
0,14.9,4.5,13,42,0,1,0,0
1,16.6,3.0,16,56,1,0,0,1
2,17.1,0.5,11,46,0,0,0,0
1,11.2,4.4,20,38,1,1,1,0
1,5.5,5.4,56,30,0,0,1,0
2,12.3,6.6,30,44,0,0,1,0
2,6.3,2.8,39,34,1,1,0,0
2,16.0,0.6,50,24,0,1,2,1
2,2.8,1.2,41,36,1,1,0,0
1,6.9,3.3,12,19,1,0,0,0
1,1.2,4.8,42,36,0,0,1,0
2,9.2,4.6,34,27,1,0,0,0
0,3.2,5.5,55,57,0,0,1,1
2,19.5,3.8,29,64,0,1,0,1
2,7.4,5.8,7,33,0,0,1,0
1,15.9,1.5,15,18,0,1,0,0
2,16.7,2.2,3,48,1,1,1,0
2,2.3,0.9,6,35,0,0,0,0
0,13.5,3.0,48,38,1,0,2,0
1,7.2,4.0,51,44,1,1,4,0
2,6.3,3.2,13,33,0,1,0,0
0,15.2,2.3,21,65,1,1,3,1
0,5.5,1.1,27,35,1,1,0,0
2,6.5,5.0,58,55,1,0,2,0
0,15.3,3.6,12,64,0,1,0,0
1,7.3,5.2,53,60,0,0,1,0
1,8.2,4.3,14,33,0,1,1,0
1,14.9,4.1,38,56,1,1,0,0
1,3.2,6.9,25,53,0,1,2,0
2,14.0,5.8,59,47,0,0,1,0
2,6.8,3.9,51,56,0,1,0,0
1,17.0,2.0,18,40,1,0,0,0
2,12.6,1.3,52,45,1,1,0,0
1,0.6,6.7,25,57,0,0,1,0
1,3.1,6.9,6,31,1,1,1,0
2,15.1,6.5,55,60,0,1,1,1
0,4.8,1.0,2,59,1,1,0,0
0,0.8,4.9,19,31,0,0,3,0
1,14.9,4.5,51,59,0,0,1,0
0,13.6,2.9,26,37,0,1,1,0
0,4.9,1.7,57,49,1,1,0,1
1,12.7,5.8,36,60,1,1,0,0
0,12.7,5.4,60,31,0,1,0,0
1,18.8,4.6,13,35,0,1,0,0
2,2.4,4.4,24,34,0,0,1,0
0,3.8,5.8,33,32,0,0,1,0
2,6.4,2.6,55,32,0,1,0,0
1,15.4,5.2,34,51,1,0,1,1
1,9.7,2.1,5,34,1,0,1,0
2,7.7,6.6,23,40,1,1,2,0
0,7.9,2.3,21,58,0,1,0,1
1,10.4,5.3,22,61,0,0,0,0
0,6.8,5.1,39,32,0,1,0,0
1,13.8,5.7,36,38,1,1,0,0
2,1.0,6.0,48,37,1,0,2,0
2,12.2,4.3,60,48,0,0,2,0
0,7.5,1.4,19,23,0,1,1,0
1,9.8,1.7,40,36,0,0,1,0
2,15.2,1.1,54,36,0,0,0,1
2,1.2,5.2,32,26,1,1,0,0
2,4.7,3.9,32,44,1,1,0,0
0,10.5,3.3,21,64,0,1,1,1
2,12.5,6.2,53,29,0,0,3,0
1,4.1,0.5,2,27,1,0,0,0
1,4.3,2.7,37,52,1,1,0,0
1,12.7,1.0,45,36,1,0,1,0
2,14.6,0.0,19,38,1,0,0,0
2,9.3,2.6,25,49,0,1,0,0
2,9.2,3.5,55,30,0,1,1,0
0,8.3,0.4,24,31,0,1,0,0
1,5.4,2.9,37,35,0,0,1,0
0,19.7,1.5,28,63,1,0,2,1
2,12.7,3.3,43,57,0,0,0,0
2,7.4,5.3,18,23,1,1,0,0
2,5.5,3.0,18,26,1,1,1,0
0,5.4,1.0,44,35,0,1,0,0
2,6.7,3.9,57,25,1,1,0,0
1,11.3,0.9,44,56,1,1,0,0
0,11.8,6.0,21,27,1,1,0,0
2,13.4,4.4,3,21,1,1,0,0
2,1.0,0.3,16,21,0,0,0,0
2,11.7,3.7,60,51,0,1,1,0
2,11.8,3.3,59,44,0,1,0,0
1,18.4,5.9,14,59,1,0,0,1
2,5.0,5.9,21,56,1,0,0,0
1,1.3,5.1,38,42,1,0,1,0
0,18.9,5.8,35,31,0,1,0,0
1,11.5,4.3,27,56,0,1,2,0
2,2.5,4.2,6,37,1,0,0,0
1,6.9,2.4,6,39,0,1,1,0
0,8.1,3.1,24,20,0,1,0,0
0,15.5,3.9,33,43,1,1,0,0
2,5.7,3.2,2,29,0,0,2,0
2,19.0,4.7,26,58,0,1,1,1
2,11.7,2.6,45,56,0,1,0,0
1,2.4,4.8,27,61,0,1,0,0
2,10.4,2.4,41,23,0,0,1,0
2,11.9,3.9,10,65,0,0,1,0
1,19.2,5.7,45,52,0,1,1,1
1,18.3,5.5,31,33,0,1,0,0
1,18.8,2.4,31,52,1,0,2,1
0,13.1,5.2,8,65,1,0,2,0
0,13.0,2.9,22,33,1,1,1,0
0,13.9,0.5,38,20,0,1,1,0
1,1.5,0.3,42,56,0,1,4,0
2,5.7,6.1,11,32,0,1,0,0
0,5.5,0.8,11,48,0,1,0,0
2,15.7,5.3,27,30,1,0,0,1
2,3.8,2.7,40,57,1,1,0,0
1,15.0,1.5,33,58,1,1,1,0
0,8.6,1.7,60,33,1,1,1,0
2,5.8,3.6,14,35,0,1,0,0
2,18.1,6.6,14,18,0,1,0,0
1,6.4,3.9,20,53,1,0,1,0
2,15.6,3.6,12,43,1,0,2,0
2,15.3,2.5,5,31,1,0,0,0
0,7.8,0.9,47,31,0,1,2,0
0,6.9,0.9,42,39,0,0,0,0
2,0.6,3.8,38,65,0,1,1,0
2,9.5,2.8,45,60,1,1,0,0
2,4.0,2.3,32,49,1,0,2,0
0,0.7,1.6,59,31,1,0,0,0
1,12.5,5.4,57,44,1,0,1,0
1,2.9,6.9,6,35,0,0,2,0
0,6.5,1.9,34,34,1,0,2,0
2,14.4,5.2,47,18,1,1,2,0
1,15.0,1.1,7,33,0,1,1,0
1,19.1,5.0,58,56,1,1,0,1
2,18.2,1.9,51,63,1,1,0,1
0,10.5,6.2,3,35,1,1,0,0
1,18.9,1.0,13,21,0,0,0,0
2,7.2,3.7,49,43,1,1,0,0
0,11.2,4.8,2,33,1,0,0,0
1,11.1,1.0,2,52,1,1,0,0
2,0.9,5.1,13,60,0,0,0,0
2,1.2,6.3,8,22,0,1,0,0
2,5.1,5.1,16,40,0,0,4,0
0,18.7,2.4,44,55,0,0,0,1
2,18.1,2.0,3,41,0,1,0,0
0,12.9,0.1,19,40,0,1,1,0
1,1.8,4.9,27,39,1,1,2,0
2,19.1,6.8,41,61,1,0,0,1
1,1.8,6.0,39,53,0,0,1,0
2,10.4,0.8,48,25,0,1,0,0
2,12.6,5.9,55,48,1,0,1,0
2,14.3,4.2,8,37,1,0,0,0
1,18.5,0.7,45,55,1,1,0,1
1,7.2,4.6,29,27,1,0,0,0
1,7.8,0.5,21,36,0,1,2,0
2,11.1,0.2,13,24,0,0,1,0
0,5.4,5.1,11,32,1,1,0,0
2,11.2,5.7,2,44,1,0,1,0
0,7.3,2.5,14,43,1,1,0,0
2,18.6,0.9,25,23,1,1,1,1
0,6.5,3.0,55,41,1,0,0,0
2,12.9,4.0,58,18,0,0,2,0
1,8.0,3.9,40,38,0,0,3,0
1,19.7,5.0,59,34,1,1,1,0
2,17.9,6.0,6,59,1,1,3,0
2,6.7,6.8,53,22,0,1,1,0
2,0.6,3.3,26,18,1,0,1,0
2,6.3,2.1,21,29,1,1,1,0
2,10.1,2.2,12,64,0,1,1,0
0,7.1,1.5,6,41,0,1,0,0
1,13.3,4.5,32,53,0,0,0,0
1,7.0,3.0,27,34,1,1,1,0
0,6.9,4.7,31,35,0,1,1,0
0,18.0,1.5,30,50,1,1,1,1
0,6.2,4.4,31,57,1,0,1,1
2,12.0,6.2,13,19,1,0,0,0
1,10.6,5.9,28,20,0,0,0,0
1,5.5,6.8,30,56,1,0,0,0
1,3.4,3.4,33,57,1,0,1,0
1,7.4,1.0,13,54,0,1,0,0
0,6.7,1.8,53,43,0,1,0,0
0,7.5,5.7,59,52,1,1,1,1
2,16.3,3.0,7,20,1,1,1,0
0,10.9,5.0,1,29,1,1,2,0
2,19.5,4.8,25,42,0,1,1,1
1,6.4,4.7,59,23,0,1,0,0
2,5.3,0.2,44,21,1,0,1,0
0,1.4,4.7,34,18,1,1,1,0
1,17.3,4.3,60,65,1,1,3,1
1,9.8,2.0,9,41,1,1,3,0
2,6.3,0.2,35,60,1,1,3,0
0,1.0,2.7,12,41,1,1,0,0
2,12.6,3.8,51,38,1,0,1,0
2,6.3,5.2,21,20,1,1,1,0
2,13.2,6.0,39,46,1,1,0,0
2,2.7,6.5,22,37,0,1,1,0
1,10.6,1.6,45,63,1,0,0,0
1,3.2,1.5,60,30,0,0,0,0
1,13.3,3.2,48,30,0,1,0,0
2,14.9,2.2,13,18,0,1,1,0
1,16.1,0.8,2,45,0,1,0,0
2,16.0,6.8,35,42,1,0,2,1
0,17.6,4.8,1,18,1,1,0,0
0,17.3,5.1,2,54,0,0,0,0
0,16.3,5.5,17,21,0,0,0,0
2,5.4,0.7,40,30,1,0,1,0
2,17.6,6.2,18,32,1,0,2,0
2,10.0,4.6,34,47,0,0,0,0
0,3.1,1.5,48,53,1,0,1,1
1,16.3,3.2,48,46,1,0,0,1
2,16.3,2.2,24,34,0,1,3,1
1,9.0,6.5,11,64,1,0,0,0
1,14.4,3.4,30,40,0,1,3,0
1,2.6,6.4,28,36,0,0,1,0
1,2.9,2.2,1,47,0,1,2,0
2,8.3,6.3,14,47,0,0,0,0
0,5.1,5.2,30,29,1,0,1,0
1,17.4,6.5,53,62,1,1,2,1
2,17.4,1.6,42,58,0,1,1,1
0,3.2,2.3,33,38,1,1,1,0
1,6.6,6.3,50,62,0,0,2,0
1,9.3,0.1,54,42,0,1,1,0
2,2.9,0.9,8,55,0,0,1,0
0,2.8,0.3,1,36,1,0,1,0
2,9.8,5.6,48,48,1,1,1,0
2,12.3,6.8,4,18,0,0,4,0
1,3.8,5.0,25,64,1,0,2,0
2,3.5,6.4,44,64,1,1,2,0
2,14.1,6.5,8,39,1,0,0,0
1,18.4,4.9,53,57,0,1,1,1
0,0.5,4.3,52,63,1,1,2,1
0,15.4,2.5,12,29,1,0,0,0
2,0.7,3.4,40,40,0,1,1,0
1,18.8,3.6,58,57,1,0,0,1
2,7.3,6.6,11,32,0,1,1,0
1,15.5,0.2,29,55,1,0,0,1
2,10.7,6.2,48,46,1,1,1,0
2,7.7,1.1,8,64,1,1,1,0
2,8.0,5.0,44,27,0,1,0,0
2,13.9,3.9,11,56,0,0,1,0
2,17.7,0.2,31,34,1,0,0,1
2,16.3,0.6,33,38,0,1,2,1
1,7.2,1.3,33,24,1,1,0,0
1,15.4,2.5,41,31,1,1,1,0
1,3.8,0.2,6,54,0,1,1,0
2,0.5,2.7,7,25,0,0,1,0
2,13.9,0.3,21,34,1,0,1,0
1,2.1,5.3,31,47,0,0,2,0
2,8.4,5.8,56,50,1,0,2,0
0,16.5,3.9,10,39,1,1,0,0
2,8.0,1.2,58,31,0,1,0,0
2,1.5,4.8,14,41,0,1,2,0
1,0.8,0.9,36,62,0,0,0,0
2,18.2,6.7,29,58,0,1,2,1
2,16.5,1.1,25,19,1,0,0,1
0,13.3,4.7,51,37,1,0,0,0
1,0.7,5.2,19,38,1,1,1,0
0,15.4,3.9,55,63,1,1,1,1
2,8.9,0.4,17,54,1,1,0,0
1,2.1,5.9,3,65,1,1,0,0
0,15.2,5.6,29,53,0,1,2,1
1,14.0,4.9,36,51,0,0,1,0
0,4.6,1.2,5,18,1,1,1,0
0,6.8,0.9,51,52,1,1,1,1
1,19.3,4.4,12,63,0,1,0,1
1,2.8,1.0,19,35,0,0,1,0
0,16.4,5.5,33,34,1,1,1,0
2,13.2,2.4,36,24,1,1,2,0
1,4.9,1.0,43,64,0,0,0,0
0,11.6,2.0,54,38,0,1,1,0
1,11.7,1.5,31,42,1,1,0,0
2,1.4,2.6,28,62,1,0,2,0
2,13.9,4.5,8,62,1,0,1,0
0,1.5,5.0,53,20,1,1,0,0
1,11.4,5.9,4,31,1,0,1,0
0,1.4,4.1,26,22,1,0,3,0
2,15.8,3.9,45,43,0,1,1,1
1,19.4,1.3,24,39,1,0,1,0
0,1.8,0.6,6,52,1,0,0,0
1,17.6,6.6,7,62,0,0,0,1
2,15.8,2.1,43,54,0,1,0,1
0,8.5,2.1,8,51,0,1,0,0
0,3.9,6.9,38,18,1,0,2,0
0,15.0,0.1,48,52,1,0,0,1
2,14.8,6.5,7,32,1,1,1,0
0,13.4,0.9,38,45,1,1,0,0
1,6.6,3.7,49,57,0,0,0,0
2,9.4,0.5,50,40,0,1,1,0
2,0.7,0.2,58,18,1,0,0,0
2,7.1,4.0,30,40,0,1,0,0
1,10.0,3.4,32,47,0,1,0,0
0,5.5,1.7,23,54,0,0,1,1
2,11.5,4.0,30,19,1,1,3,0
2,5.7,5.6,54,36,0,0,1,0
2,13.1,4.7,25,61,1,1,1,0
0,11.8,1.9,21,33,0,0,1,0
2,17.3,4.3,35,34,1,1,0,1
0,4.3,1.8,45,48,0,1,0,1
2,15.3,3.8,45,29,1,1,0,1
2,17.5,3.0,27,63,0,1,1,1
0,1.3,3.5,28,22,0,0,0,0
2,8.6,3.8,28,31,1,1,2,0
2,7.3,2.1,3,35,1,0,0,0
1,0.9,3.2,6,60,0,1,3,0
2,15.6,6.1,15,50,1,0,0,0
0,17.6,6.1,44,37,1,0,0,0
0,15.4,0.9,24,35,1,0,1,0
1,14.6,4.7,10,39,1,1,1,0
0,7.4,3.9,53,39,0,0,2,0
0,5.3,4.8,33,24,1,1,3,0
2,10.2,1.4,46,58,0,0,1,0
1,2.5,3.8,1,29,0,0,0,0
1,13.0,5.8,13,58,0,0,2,0
0,12.4,5.2,28,24,0,1,0,0
1,18.1,6.7,35,51,1,0,1,1
2,18.2,6.0,29,51,0,1,3,1
0,19.3,5.5,30,53,1,0,0,1
0,1.8,5.6,24,25,0,0,0,0
2,14.6,2.8,53,34,1,1,2,0
2,6.6,2.8,13,34,1,1,1,0
1,14.7,1.4,57,58,1,1,0,0
2,11.4,6.3,14,51,0,1,1,0
2,19.7,3.9,51,46,0,1,2,1
2,9.7,6.9,58,34,0,0,0,0
2,2.8,0.5,17,45,0,1,1,0
0,12.7,5.7,17,50,0,1,0,0
0,9.1,0.2,34,28,1,1,1,0
2,7.0,4.8,48,31,1,1,0,0
1,12.3,1.9,58,18,0,0,2,0
1,17.0,6.2,19,42,1,0,0,0
2,5.2,3.2,57,56,0,0,1,0
2,13.7,3.8,35,29,1,0,0,0
2,14.8,4.3,41,59,1,1,3,0
2,19.3,5.9,48,65,0,1,2,1
2,4.7,5.8,41,37,0,0,1,0
1,10.5,5.5,42,38,1,1,2,0
2,14.2,5.6,9,45,0,0,1,0
0,1.5,4.3,35,19,1,1,1,0
2,17.5,0.7,35,46,1,1,4,1
0,7.2,1.3,38,52,1,1,1,1
2,13.7,4.8,37,42,0,1,0,0
2,8.4,1.4,24,65,1,1,1,0
2,18.0,3.3,52,35,0,1,2,1
1,16.2,0.4,42,35,0,0,1,0
2,9.6,0.4,48,52,0,1,1,0
0,19.0,0.4,37,20,1,0,0,0
2,15.5,1.2,9,51,0,1,1,0
1,8.9,3.5,57,56,1,1,0,0
2,17.8,2.9,55,53,1,0,1,1
0,10.8,5.4,10,60,1,1,1,0
0,11.4,3.1,58,35,0,1,2,0
2,2.6,4.2,34,40,0,1,1,0
2,17.9,1.7,2,38,0,1,1,0
0,8.1,6.1,17,40,1,1,0,0
2,9.9,4.0,43,35,0,1,0,0
1,19.8,6.0,53,60,0,1,1,1
1,16.6,1.7,12,33,1,0,0,0
2,2.7,6.9,54,40,1,0,0,0
2,15.6,1.8,48,26,0,0,0,1
1,5.1,4.6,2,45,1,1,0,0
2,3.7,1.1,10,60,1,0,2,0
1,16.5,0.4,56,18,0,0,1,0
2,11.0,4.4,8,22,0,1,1,0
0,9.7,6.1,18,32,0,0,1,0
2,2.6,0.5,18,59,1,1,0,0
2,2.3,3.8,60,29,0,0,1,0
1,8.3,6.0,39,49,0,0,1,0
2,18.8,5.0,39,46,0,1,4,1
1,4.8,4.2,11,53,0,0,1,0
0,14.6,4.6,6,63,0,0,0,0
2,10.9,4.8,22,64,1,1,0,0
2,11.3,6.4,31,56,1,1,0,0
1,19.0,1.8,37,32,0,1,2,0
0,17.3,5.8,14,49,0,1,0,0
1,17.1,5.0,50,59,0,0,4,1
1,1.5,1.4,48,55,0,0,0,0
0,19.8,5.7,40,18,1,0,0,0
2,18.9,1.3,50,32,1,1,0,1
1,2.6,0.9,11,62,0,1,1,0
0,11.2,3.7,24,47,0,1,0,1
0,1.0,0.0,51,55,0,1,0,1
2,2.6,6.1,26,34,0,1,0,0
1,17.4,2.2,19,62,1,1,0,1
2,1.3,3.0,37,53,1,0,1,0
1,5.5,2.1,56,30,0,1,1,0
1,10.1,5.7,25,60,1,0,0,0
2,5.6,3.0,56,47,1,1,0,0
1,18.7,4.7,36,43,0,1,2,0
2,6.8,1.2,54,44,1,0,2,0
2,14.4,0.4,32,51,1,1,1,0
0,15.6,4.1,21,64,1,1,1,1
1,1.5,3.8,48,46,0,1,1,0
2,8.0,4.5,31,26,0,1,0,0
0,4.3,5.6,9,33,0,1,0,0
1,5.5,2.6,34,45,1,1,0,0
0,8.5,6.0,43,55,0,1,2,1
2,1.6,0.4,50,34,1,1,0,0
1,12.4,1.0,28,49,1,0,1,0
1,4.2,3.6,24,43,1,1,0,0
2,2.2,3.6,17,64,0,0,1,0
1,9.2,3.2,17,50,1,1,0,0
1,7.1,1.0,32,47,1,0,0,0
2,19.5,4.7,1,41,1,0,0,0
2,16.1,2.7,2,43,1,1,1,0
0,5.8,1.9,16,21,0,0,1,0
2,12.0,1.3,52,35,1,1,1,0
1,10.9,6.3,40,60,1,0,1,0
2,4.1,5.6,27,65,1,0,1,0
1,15.4,1.2,5,23,1,0,0,0
0,14.2,0.1,33,59,1,0,1,1
0,3.0,0.9,42,63,1,1,0,1
1,14.6,0.8,58,61,1,0,0,0
0,12.8,5.3,33,57,0,1,0,1
1,0.7,2.9,18,58,0,0,0,0
2,1.5,2.6,17,28,1,1,0,0
2,11.2,3.0,10,63,1,0,0,0
2,2.3,5.2,10,65,0,0,2,0
1,12.3,4.6,40,23,0,1,0,0
2,3.9,5.1,12,62,0,0,2,0
0,13.9,4.1,21,25,1,0,2,0
2,7.7,2.1,20,55,0,1,1,0
2,15.0,2.1,45,23,0,1,2,0
0,4.2,1.9,48,20,0,1,1,0
1,13.2,6.5,14,21,0,1,1,0
2,19.5,0.8,29,30,1,1,0,1
2,10.0,1.9,45,43,1,1,1,0
2,5.9,5.8,13,57,1,1,2,0
2,6.6,6.9,52,21,1,1,0,0
2,4.2,1.5,23,23,1,1,0,0
2,11.7,6.8,60,38,1,0,0,0
2,10.5,5.1,43,62,0,1,2,0
2,11.2,2.7,44,53,1,0,1,0
1,13.8,2.4,48,52,0,1,0,0
2,0.8,6.1,35,35,0,1,1,0
2,3.0,1.9,1,18,0,1,1,0
0,4.7,2.2,58,51,0,0,0,1
1,0.6,0.2,28,64,1,0,0,0
2,4.1,3.5,4,33,1,1,1,0
1,17.0,1.5,20,51,0,0,0,1
2,13.2,7.0,59,23,0,1,1,0
1,3.6,1.1,40,57,1,1,0,0
0,1.2,6.2,27,36,0,1,2,0
1,5.4,1.0,42,54,1,0,0,0
2,14.4,2.8,48,49,0,1,1,0
1,9.2,4.4,11,20,0,1,1,0
2,10.9,6.4,31,34,0,0,0,0
0,10.9,6.2,37,39,0,0,0,0
1,5.1,1.4,27,24,0,0,0,0
0,3.8,1.2,19,35,0,1,0,0
2,3.6,5.0,52,19,1,1,1,0
1,19.3,1.7,40,56,1,1,0,1
2,18.8,6.7,46,21,0,0,1,1
1,15.1,0.2,18,45,0,1,1,0
1,13.1,1.3,36,56,1,1,0,0
0,4.9,0.8,46,52,0,1,0,1
1,2.8,4.7,32,58,1,0,1,0
1,18.7,0.2,29,65,0,1,1,1
1,6.0,3.9,6,39,0,1,1,0
0,4.2,5.5,31,44,0,1,2,0
0,18.5,0.8,51,37,1,1,0,0
1,3.5,1.0,45,27,1,0,1,0
0,6.3,1.1,33,23,0,0,2,0
1,4.0,1.0,29,54,0,0,0,0
2,0.8,5.2,14,29,1,1,0,0
2,4.1,2.4,58,58,0,1,3,0
0,9.4,3.7,29,28,0,1,0,0
1,10.8,0.2,52,47,0,1,0,0
2,3.8,5.6,20,25,1,1,1,0
0,14.5,0.1,60,25,0,0,3,0
2,10.9,6.7,15,49,0,1,2,0
2,12.2,6.8,10,46,1,1,0,0
0,6.7,0.2,15,57,1,1,0,0
0,4.4,0.5,58,26,1,1,1,0
0,16.0,3.8,31,30,1,1,1,0
0,7.4,2.4,2,44,1,0,1,0
1,10.7,4.4,6,19,1,0,3,0
2,15.0,4.6,37,39,0,0,2,0
0,17.6,0.2,44,29,1,0,0,0
0,9.2,1.5,35,45,0,0,1,0
2,19.5,4.7,27,37,1,1,0,1
1,10.8,1.4,41,47,1,0,1,0
1,16.0,0.3,27,37,0,0,0,0
1,2.0,3.8,26,19,1,0,0,0
1,2.3,1.1,32,21,1,0,3,0
1,12.5,6.3,24,49,1,0,0,0
2,8.0,5.8,46,42,1,1,2,0
2,15.4,5.3,17,26,1,1,0,0
2,11.7,5.8,49,57,0,0,2,0
2,12.5,5.6,51,44,1,0,4,0
2,3.8,5.5,4,37,1,1,1,0
0,11.3,7.0,27,24,0,1,1,0
2,11.1,5.3,9,47,0,0,2,0
1,14.9,3.4,56,21,0,1,2,0
2,14.2,4.7,8,62,0,1,1,0
0,12.6,1.0,23,29,1,1,0,0
