age,gender,membership_months,distance_to_club,trainer_exp,num_visits_last_30d,avg_session_duration,group_lesson,calories_burned,high_intensity,early_renewal
56,1,18,10.4,61,4,48.4,0,446,0,0
69,0,22,14.0,50,2,91.7,0,576,0,0
46,0,22,9.5,69,9,83.5,0,640,1,1
32,1,1,12.2,0,6,28.1,0,322,0,0
60,0,17,1.7,119,8,31.5,0,362,0,1
25,1,11,6.1,73,6,57.7,1,650,1,0
38,0,10,5.9,95,5,94.4,0,723,1,0
56,0,19,13.4,9,9,103.3,0,800,1,1
36,1,14,2.7,101,8,21.5,0,418,0,0
40,0,10,2.7,5,4,52.9,0,471,0,0
28,1,15,5.3,110,10,62.4,1,614,1,1
28,0,19,1.3,19,7,111.1,1,770,1,1
41,0,4,3.1,54,3,70.1,0,554,0,0
70,0,2,14.5,100,6,47.0,1,481,0,0
53,1,9,6.7,61,3,59.0,0,492,0,0
57,0,10,9.7,28,6,63.6,1,575,0,0
41,1,11,11.0,0,12,87.0,0,552,1,0
20,0,14,5.8,0,6,24.1,1,338,0,0
39,1,7,2.6,0,1,58.9,0,515,0,0
70,0,23,3.5,0,6,84.7,1,454,0,1
19,1,15,5.0,42,5,48.3,0,577,0,0
41,1,22,9.7,86,2,79.2,0,515,1,1
61,1,19,6.3,8,8,55.7,1,597,0,0
47,1,22,0.6,0,3,95.9,0,577,1,1
55,1,15,8.1,43,12,26.1,1,408,0,0
19,1,24,13.9,38,5,111.8,1,800,1,1
38,0,8,12.3,0,7,37.2,0,525,0,0
50,0,11,12.5,47,6,35.9,0,439,0,0
29,1,9,12.0,103,6,104.1,1,662,1,0
39,1,15,5.2,0,10,106.9,1,782,1,0
61,1,1,11.6,54,5,29.3,0,406,0,0
42,1,1,2.6,31,7,110.9,0,772,1,0
66,0,19,10.0,24,5,47.3,0,495,0,0
44,0,3,9.8,0,6,81.9,0,434,0,0
59,1,10,0.9,72,3,26.9,0,421,0,0
45,0,8,11.9,73,6,58.1,1,516,0,0
33,0,15,13.6,98,4,65.1,1,650,1,0
32,1,10,4.4,49,3,80.0,1,726,1,0
64,0,1,12.3,52,8,72.5,0,467,0,0
68,1,18,1.7,65,10,66.1,0,628,0,1
61,0,2,9.2,14,10,116.0,1,796,1,0
69,1,19,7.5,10,12,38.5,1,376,0,1
20,0,13,8.4,0,9,35.8,1,436,0,0
54,0,22,13.9,79,7,91.3,0,696,1,1
68,0,1,13.1,106,4,27.5,0,298,0,0
24,0,2,11.9,0,2,68.3,0,622,0,0
38,0,16,4.5,80,3,68.4,0,483,0,1
26,0,15,13.7,17,8,51.0,1,489,1,0
56,1,13,1.9,118,7,113.0,0,693,1,1
35,0,16,12.9,23,3,48.3,1,586,0,0
21,1,17,5.3,0,5,48.8,0,472,0,0
42,1,21,1.3,0,14,43.4,0,375,0,1
31,1,7,10.2,0,6,34.6,1,471,0,0
67,0,24,3.9,89,8,56.4,0,530,0,1
26,1,17,4.0,105,6,88.1,1,752,1,1
43,0,7,4.9,54,4,94.2,1,682,1,0
70,0,13,1.4,70,7,101.3,1,708,1,1
19,1,5,3.1,110,8,39.8,0,450,0,0
37,0,17,0.6,16,4,23.6,0,498,0,0
45,1,3,7.0,0,5,117.5,0,800,1,0
64,1,7,1.7,44,4,21.4,1,469,0,0
24,1,17,10.4,81,6,116.1,0,800,1,0
61,1,7,3.9,0,2,102.9,0,696,1,0
25,0,21,14.2,13,5,111.2,0,663,1,0
64,0,1,13.1,73,3,58.7,0,550,0,0
52,1,17,4.7,43,5,39.7,1,507,0,0
31,0,17,11.9,114,5,80.6,0,698,1,0
34,0,11,12.1,27,3,94.1,0,721,1,0
53,0,3,14.8,43,5,33.1,0,440,0,0
67,0,15,9.2,83,6,99.8,1,588,1,0
57,0,21,1.7,0,6,40.9,1,410,0,0
21,0,11,9.9,15,8,69.2,0,556,1,0
19,1,16,9.6,32,1,105.6,0,765,1,0
23,1,22,9.8,1,5,39.3,0,460,0,0
59,1,9,5.0,0,8,44.2,0,429,0,0
21,0,24,13.0,0,9,26.3,0,394,0,0
46,0,24,14.4,0,6,34.7,0,368,0,0
35,0,1,3.7,70,9,34.7,1,466,0,0
43,1,22,1.8,95,3,40.3,1,419,0,1
61,1,16,3.3,76,6,48.6,0,458,0,0
51,0,9,12.4,0,5,101.5,0,683,1,0
27,1,19,10.3,44,5,111.6,0,708,1,1
53,0,12,9.7,0,2,60.6,0,557,0,0
31,1,19,6.3,0,3,32.8,0,476,0,0
48,1,22,8.9,109,9,42.4,1,485,0,1
65,1,9,5.0,0,6,93.6,0,800,0,0
32,1,7,7.4,44,3,87.7,1,783,1,0
25,1,14,12.0,111,7,116.7,0,747,1,0
31,0,19,14.7,43,6,21.4,1,457,0,0
40,1,19,14.0,9,5,95.1,1,735,1,0
57,0,2,14.0,102,9,70.6,1,542,1,0
38,1,9,6.3,101,6,110.3,0,695,1,0
33,1,13,7.3,72,9,77.6,1,731,1,0
62,1,15,10.7,17,9,64.7,0,536,0,0
35,0,3,13.9,68,5,86.6,1,654,1,0
64,1,11,2.6,43,7,103.4,0,662,1,0
70,1,21,4.9,95,9,48.2,0,445,0,1
41,1,14,2.5,0,6,30.8,0,395,0,0
43,0,8,9.4,0,3,63.3,0,529,0,0
42,0,18,4.9,63,3,41.5,0,300,0,0
62,0,19,5.2,0,8,63.0,1,501,0,0
58,0,16,1.5,28,8,119.1,0,701,1,1
46,1,2,5.6,0,12,77.4,1,701,1,0
32,0,8,13.0,42,7,89.4,0,800,1,0
62,1,22,3.9,113,10,87.8,0,637,1,1
18,0,6,10.6,0,6,102.1,0,564,1,0
42,0,12,9.6,0,6,114.4,0,717,1,0
24,1,15,13.0,43,5,85.9,0,658,1,0
26,1,8,2.4,63,8,67.6,0,729,1,0
41,1,4,14.7,75,5,51.8,0,624,0,0
18,1,15,8.9,62,10,56.0,1,639,1,0
61,1,20,14.9,58,10,53.4,0,473,0,0
25,0,17,13.7,0,3,52.4,1,528,0,0
41,1,13,3.7,69,5,89.5,1,711,1,0
28,1,18,1.3,0,7,78.8,1,644,1,0
68,1,2,4.2,64,5,40.2,1,392,0,0
34,0,13,8.1,113,4,117.0,0,800,1,0
25,1,13,3.0,75,5,62.8,1,607,1,0
52,0,22,2.9,62,3,76.6,0,583,0,1
52,0,15,7.2,0,4,90.3,0,563,0,0
50,0,20,1.0,88,9,81.4,0,552,1,1
22,0,10,2.3,82,6,51.1,1,546,1,0
59,1,3,6.5,0,7,99.8,1,585,1,0
56,1,19,1.4,74,2,31.0,0,470,0,0
58,1,3,6.3,86,8,76.9,0,552,0,0
45,0,22,7.4,1,7,47.3,1,374,0,1
24,0,14,7.0,0,3,81.6,1,725,1,0
26,0,8,13.1,0,5,41.8,0,382,0,0
25,1,23,8.2,88,3,97.2,0,677,1,1
29,0,4,7.3,34,5,42.8,1,564,0,0
51,1,20,6.5,0,9,109.0,1,800,1,0
50,1,11,12.4,115,8,106.2,0,644,1,0
65,0,11,13.5,86,4,56.2,1,467,0,0
40,1,11,12.9,24,17,58.6,0,492,0,0
41,1,2,10.3,99,4,90.2,1,768,1,0
54,1,17,2.5,98,2,29.0,0,521,0,0
52,1,9,4.5,63,4,28.1,0,359,0,0
61,0,2,1.2,65,10,33.6,1,511,0,0
57,0,24,14.0,20,8,76.2,0,540,0,1
39,1,15,10.1,0,8,34.9,1,470,0,0
44,1,16,11.3,0,8,47.8,1,416,0,0
52,0,4,5.0,24,7,84.7,1,640,1,0
18,1,8,12.8,86,6,21.6,0,413,0,0
52,1,9,4.3,106,5,38.0,1,461,0,0
54,1,5,0.5,89,6,113.0,1,800,1,0
64,0,16,6.0,47,7,86.4,1,582,1,1
31,1,13,8.8,0,4,50.6,0,434,0,0
20,1,7,7.4,68,5,24.5,0,459,0,0
18,0,20,13.0,19,7,78.6,0,705,1,1
22,0,17,2.0,61,4,42.3,0,481,0,0
43,1,3,8.5,46,2,116.0,1,800,1,0
31,0,5,7.9,0,3,88.7,0,666,1,0
56,1,19,4.6,57,2,117.4,1,800,1,1
44,1,12,12.4,29,6,104.9,0,678,1,0
26,0,7,11.4,0,4,68.3,0,483,0,0
32,1,9,11.1,105,6,87.0,0,643,1,0
32,0,6,13.2,0,6,101.2,0,775,1,0
43,1,17,11.0,57,5,77.8,0,652,1,0
59,0,16,3.9,59,6,26.1,0,415,0,0
30,1,23,10.7,91,5,67.0,1,636,1,1
68,0,3,5.0,38,6,33.1,0,321,0,0
49,0,21,4.0,84,7,91.5,1,796,1,1
56,1,4,1.6,8,5,88.1,1,710,1,0
66,0,10,11.3,6,3,119.3,0,787,1,0
69,1,5,10.8,0,3,82.9,1,518,1,0
49,0,21,3.9,0,7,100.0,1,713,1,0
21,1,22,11.4,69,5,46.8,0,495,0,0
47,0,10,13.8,20,5,54.0,0,411,0,0
54,1,12,2.1,85,2,111.7,1,716,1,0
40,0,10,3.9,0,5,95.5,1,585,1,0
56,0,13,11.4,34,7,85.5,0,542,1,0
62,0,11,4.5,15,7,45.4,0,450,0,0
32,0,22,9.6,12,2,89.9,0,624,1,1
60,1,16,1.7,31,4,108.7,0,762,1,1
46,0,8,7.1,32,4,43.1,0,557,0,0
53,1,8,11.2,0,6,90.6,1,641,1,0
30,0,8,10.5,104,9,59.4,0,407,0,0
49,0,13,12.3,78,3,31.9,0,407,0,0
24,1,2,13.2,74,6,96.3,1,800,1,0
68,1,12,11.7,25,5,36.7,0,432,0,0
39,0,10,10.2,61,3,45.3,0,558,0,0
45,0,12,1.0,46,3,98.3,1,739,1,0
19,0,11,8.3,0,7,94.2,1,556,1,0
59,1,15,1.0,0,3,45.4,1,489,0,0
62,1,16,12.2,80,7,114.1,0,768,1,0
70,0,17,5.2,0,7,41.5,0,451,0,0
23,1,2,8.7,0,6,119.4,0,800,1,0
45,1,18,4.6,116,11,93.8,1,769,1,1
45,1,12,11.8,0,8,59.3,0,530,0,0
61,1,19,13.4,22,7,33.0,1,510,0,0
61,0,23,6.3,41,12,52.1,1,501,0,1
37,0,18,13.0,36,3,39.4,0,355,0,0
47,0,17,4.4,19,7,82.2,1,644,1,1
28,0,6,8.3,114,6,55.7,1,567,1,0
45,1,15,13.0,0,4,49.5,0,392,0,0
42,1,3,5.2,6,2,95.7,0,781,1,0
56,0,6,14.3,97,6,43.1,1,539,0,0
50,0,3,2.3,56,8,78.7,0,522,0,0
18,0,1,0.8,0,6,39.5,0,499,0,0
44,1,13,13.6,102,3,91.5,0,656,1,0
69,0,21,1.5,27,6,82.5,0,557,0,1
30,1,14,14.9,111,5,99.8,1,800,1,0
58,0,13,14.3,2,10,26.8,0,391,0,0
20,0,4,2.5,0,13,41.0,1,568,0,0
56,1,7,8.3,61,4,35.4,0,408,0,0
23,1,22,3.2,70,7,39.1,1,414,0,1
25,0,10,6.7,16,7,30.3,1,439,0,0
44,1,7,1.4,70,2,76.2,0,663,1,0
26,1,21,3.7,10,3,79.3,0,584,1,1
54,1,15,5.8,0,3,104.3,1,622,1,0
50,0,15,6.9,60,0,61.8,0,551,0,0
68,1,4,14.7,113,3,73.2,1,518,1,0
59,1,23,12.2,37,7,119.1,1,800,1,1
61,1,23,11.2,0,7,73.2,0,527,0,0
41,0,6,8.3,51,3,77.4,1,644,1,0
32,0,24,12.7,61,4,119.6,0,694,1,1
49,0,20,5.4,0,11,119.4,0,797,1,1
49,1,5,10.8,20,5,62.4,0,560,0,0
41,0,20,14.9,69,10,83.5,0,673,1,1
58,1,12,5.1,0,2,68.1,1,615,0,0
69,1,1,10.3,0,9,92.1,0,556,0,0
66,0,8,12.7,112,7,113.8,1,800,1,0
66,1,1,13.8,0,6,51.0,1,400,0,0
69,0,5,10.9,0,10,101.9,0,546,0,0
29,1,22,4.6,0,4,85.5,0,755,1,0
56,0,6,5.2,119,13,48.0,1,557,0,0
19,1,21,0.8,0,5,99.7,1,800,1,1
20,1,3,11.5,0,4,62.7,0,525,0,0
66,1,15,1.1,58,5,32.0,1,461,0,0
54,1,5,13.0,19,10,119.3,0,800,1,0
66,1,24,2.2,4,7,62.6,0,554,0,1
34,1,14,3.0,0,3,74.2,1,552,1,0
66,1,18,7.4,0,7,100.8,0,609,1,0
19,1,16,11.2,110,10,116.1,0,800,1,0
19,0,6,2.5,65,6,107.3,1,693,1,0
45,1,24,6.9,19,9,72.5,1,564,1,1
40,1,14,7.5,0,8,74.6,1,637,1,0
54,1,24,3.6,4,8,48.1,0,498,0,1
49,0,8,2.2,111,9,66.3,0,595,0,0
50,1,7,12.6,62,6,114.7,0,754,1,0
18,0,8,7.8,0,7,92.7,1,637,1,0
36,1,13,0.7,0,4,21.2,1,422,0,0
19,0,6,12.1,41,10,31.7,1,400,0,0
70,1,18,14.7,49,3,112.4,1,732,1,0
61,1,2,9.3,0,3,104.9,0,636,1,0
43,0,8,7.8,48,8,68.6,0,560,0,0
49,1,11,13.2,0,8,81.7,0,713,0,0
23,0,1,14.3,0,8,49.0,1,409,0,0
49,1,22,11.4,72,5,99.3,0,779,1,1
21,1,6,7.0,40,4,80.3,0,710,1,0
28,1,16,9.1,84,4,89.5,0,776,1,0
34,1,20,10.7,43,7,57.5,1,764,1,0
55,1,12,3.3,0,6,63.0,1,632,0,0
41,0,11,7.0,0,6,40.8,0,472,0,0
22,0,10,12.5,112,6,114.8,1,707,1,0
69,1,3,10.0,41,5,114.7,0,682,1,0
51,1,13,6.5,99,4,101.8,0,735,1,0
23,1,3,10.1,0,4,113.6,0,640,1,0
39,1,15,2.2,81,7,86.5,1,740,1,1
28,0,16,6.3,0,7,43.5,0,307,0,0
65,1,13,12.0,100,6,96.0,0,746,1,0
33,0,17,3.7,44,5,52.5,0,487,0,0
50,1,3,3.2,0,5,64.0,0,528,0,0
26,0,20,14.3,0,8,47.4,0,415,0,0
23,0,11,3.5,112,5,62.4,0,439,0,0
33,0,21,4.3,0,1,87.9,1,697,1,0
46,0,19,14.6,10,2,31.1,1,511,0,0
20,1,22,11.2,2,7,30.5,0,447,0,0
37,0,11,10.6,0,11,88.4,1,667,1,0
53,0,16,12.9,101,9,98.0,1,682,1,0
36,0,21,2.2,47,9,75.1,1,630,1,1
43,0,3,10.7,44,6,38.2,0,494,0,0
20,0,22,7.8,15,2,63.1,0,592,0,1
36,0,6,12.5,96,6,95.8,1,787,1,0
37,1,14,7.9,119,10,88.6,1,728,1,1
49,1,24,9.5,17,6,31.0,0,440,0,1
24,1,18,7.4,24,8,116.9,0,745,1,1
69,0,17,7.4,0,8,42.3,1,395,0,0
58,0,4,11.6,91,8,42.0,0,497,0,0
50,1,23,9.6,60,8,66.0,0,480,0,1
57,1,15,9.7,20,3,52.7,0,579,0,0
56,0,11,7.0,59,1,118.4,0,728,1,0
35,0,3,8.2,0,7,27.6,0,320,0,0
57,0,3,11.3,0,6,50.6,0,370,0,0
18,0,16,12.5,21,6,58.3,0,581,0,0
28,0,5,10.6,0,4,69.3,0,538,0,0
45,1,21,13.9,48,12,21.6,0,504,0,0
42,1,10,12.4,14,6,28.2,0,355,0,0
67,1,19,8.6,37,6,45.8,0,446,0,0
40,1,4,10.2,0,7,75.4,0,571,0,0
48,1,19,13.9,82,6,96.8,0,651,1,0
47,1,11,9.5,80,5,88.6,0,679,1,0
59,1,2,12.5,40,3,76.7,0,622,0,0
52,0,10,10.5,65,8,59.7,1,567,0,0
24,0,11,8.5,19,8,107.1,0,800,1,0
33,0,20,4.0,38,5,66.0,1,515,1,1
43,1,16,6.7,0,4,49.9,0,506,0,0
65,1,19,14.5,110,6,82.9,1,626,1,0
69,0,23,10.0,79,6,89.2,0,640,0,1
66,1,24,8.7,0,12,59.8,0,529,0,0
19,0,11,14.0,54,5,22.8,0,334,0,0
18,1,14,9.0,39,0,29.4,1,435,0,0
65,0,2,8.1,71,6,104.6,0,730,1,0
29,0,23,11.5,0,4,25.7,1,388,0,0
22,1,5,10.8,6,4,79.2,0,634,1,0
54,0,5,3.3,10,2,38.4,1,498,0,0
49,0,19,7.3,113,11,42.9,1,533,0,1
26,0,21,7.4,52,3,47.3,1,484,0,0
58,1,12,6.0,0,4,23.8,1,332,0,0
52,1,18,8.0,0,9,37.7,0,354,0,0
36,0,4,6.5,17,2,85.0,0,646,1,0
65,1,22,3.4,118,7,69.9,0,488,0,1
33,1,17,6.5,0,10,99.7,0,687,1,0
20,0,10,1.5,93,6,26.1,0,487,0,0
37,0,20,8.8,43,6,108.9,0,716,1,1
41,0,6,12.9,114,6,119.6,1,759,1,0
50,0,14,11.0,0,7,21.6,0,441,0,0
41,1,11,5.7,25,3,116.8,0,800,1,0
69,0,11,1.8,36,4,43.6,0,389,0,0
28,1,18,3.4,64,8,89.3,1,724,1,1
66,1,23,8.4,0,4,49.2,0,477,0,0
25,0,22,3.5,0,7,72.2,0,570,0,1
53,1,18,8.4,114,6,71.0,1,732,1,1
55,0,24,3.9,20,4,56.1,0,508,0,1
57,1,23,12.8,77,3,91.8,1,721,1,1
37,1,11,6.3,57,8,80.0,1,720,1,0
52,1,21,4.1,87,8,70.8,0,670,0,1
65,1,12,12.3,0,4,118.3,1,800,1,0
42,0,5,5.5,10,3,114.0,1,796,1,0
52,1,23,2.1,42,6,115.5,0,678,1,1
42,1,9,8.8,0,9,108.1,0,678,1,0
46,1,9,8.9,0,8,45.5,0,511,0,0
35,1,22,10.9,3,9,55.0,1,590,1,0
63,1,10,4.0,75,5,43.1,0,533,0,0
35,0,22,6.9,49,5,118.6,1,800,1,1
19,0,19,4.6,36,6,35.3,0,375,0,0
52,1,1,1.7,0,4,56.7,1,588,0,0
33,0,7,13.2,0,4,39.9,1,416,0,0
58,1,4,11.1,51,4,42.3,0,535,0,0
53,1,1,4.9,43,3,44.7,0,481,0,0
50,0,15,9.2,0,1,84.0,1,734,1,0
21,0,8,3.4,3,4,27.6,0,425,0,0
50,1,12,13.4,41,5,77.3,1,603,1,0
31,0,22,2.2,44,8,101.9,0,722,1,1
38,1,22,0.6,0,8,96.7,1,704,1,1
65,0,18,7.8,0,7,35.1,1,460,0,0
37,1,15,9.0,82,4,111.5,0,786,1,0
25,0,17,8.9,112,3,97.0,1,800,1,0
24,1,14,1.3,85,7,20.5,0,413,0,0
20,0,14,5.1,26,3,93.7,1,697,1,0
34,1,18,7.7,109,8,93.7,0,668,1,1
50,0,20,3.6,0,3,69.7,0,534,0,0
65,1,18,13.2,116,7,24.6,1,431,0,0
29,1,16,1.8,36,8,78.0,1,691,1,1
68,0,1,7.6,0,7,96.6,0,612,0,0
39,0,23,10.5,87,7,47.1,1,478,0,1
39,0,11,4.3,85,5,86.7,1,618,1,0
63,1,15,9.6,41,7,55.4,1,532,0,0
47,1,12,12.5,0,5,77.4,0,648,0,0
55,1,8,3.3,108,4,58.5,0,631,0,0
55,0,22,13.8,113,4,50.4,0,476,0,0
62,0,20,8.5,16,5,105.6,1,654,1,1
68,1,6,4.8,113,5,95.4,0,674,1,0
25,1,3,6.7,110,7,54.5,1,703,1,0
44,1,24,5.0,120,7,63.5,1,652,1,1
44,0,13,11.0,12,11,89.2,0,686,1,0
51,1,13,12.0,34,7,101.1,0,777,1,0
38,0,2,12.6,0,6,88.4,0,696,0,0
47,0,5,14.8,0,8,74.1,1,503,1,0
50,1,17,12.0,105,8,115.4,0,740,1,0
45,1,6,9.2,75,6,97.4,1,701,1,0
64,1,2,5.4,0,3,31.6,0,422,0,0
50,0,4,8.4,0,4,75.8,1,589,0,0
22,0,22,1.1,17,5,61.0,0,602,0,1
65,1,11,11.3,0,5,99.5,0,634,1,0
36,1,8,7.0,42,2,24.5,0,496,0,0
21,0,12,0.8,92,10,61.1,1,570,1,1
52,0,8,1.4,83,5,51.8,0,528,0,0
66,0,11,6.1,92,10,34.1,1,495,0,0
34,1,22,9.0,71,5,57.9,0,621,0,0
61,0,20,7.2,52,1,87.3,1,679,1,1
45,0,8,9.5,42,8,56.2,1,584,0,0
47,0,8,7.5,30,5,78.0,1,737,1,0
46,0,17,10.1,8,11,79.3,0,639,1,1
63,0,20,3.7,65,6,78.7,0,538,0,1
70,1,20,2.1,111,8,73.0,1,638,1,1
23,0,23,9.1,94,3,31.7,0,432,0,0
52,1,16,7.5,0,4,41.8,1,328,0,0
58,0,14,0.9,106,3,100.0,1,731,1,1
54,1,11,6.0,68,3,70.2,0,591,0,0
41,1,7,2.0,91,6,90.6,0,757,1,0
46,1,16,8.2,93,9,77.0,0,575,1,1
66,1,13,6.2,22,5,23.9,0,314,0,0
63,0,15,9.4,52,4,99.6,1,711,1,0
70,0,24,12.2,95,4,26.4,1,425,0,0
48,1,16,4.8,0,6,114.3,0,741,1,0
52,1,21,14.5,46,4,41.5,1,495,0,0
50,1,23,8.3,0,6,71.2,0,502,0,0
69,1,24,9.5,69,9,26.4,0,400,0,1
38,1,9,10.4,83,3,109.5,0,733,1,0
49,0,3,10.2,49,5,118.0,1,800,1,0
40,0,19,7.9,82,11,34.6,1,485,0,1
50,1,20,6.7,0,8,49.6,0,448,0,0
20,1,5,1.3,94,10,21.6,0,534,0,0
35,0,10,0.8,0,3,98.7,0,635,1,0
42,1,17,5.7,83,3,51.1,1,575,0,0
59,0,15,5.3,0,7,78.9,0,551,0,0
48,1,23,6.1,64,4,23.9,0,512,0,1
20,0,8,2.5,35,3,91.5,1,694,1,0
57,0,15,11.2,4,4,72.9,0,568,0,0
63,1,21,12.9,56,6,92.5,0,660,1,1
41,0,14,14.1,71,4,99.0,0,708,1,0
67,1,20,7.6,78,9,28.9,1,519,0,1
49,1,7,10.7,17,5,77.8,1,705,1,0
64,1,21,12.9,85,6,85.0,0,651,1,1
39,0,23,6.6,106,5,71.7,0,674,0,1
40,0,12,5.0,3,4,38.2,0,489,0,0
19,0,17,14.1,85,5,99.6,0,678,1,0
44,1,17,8.0,0,5,119.7,0,678,1,0
59,1,10,7.7,0,6,116.9,0,712,1,0
19,1,19,3.1,0,4,97.8,0,714,1,0
43,1,14,2.1,112,7,61.8,1,621,1,1
34,1,11,12.7,72,5,53.7,0,620,0,0
57,1,2,9.4,0,5,26.9,1,338,0,0
50,0,18,5.2,0,6,61.6,0,452,0,0
26,1,7,3.3,0,9,35.6,0,357,0,0
60,0,12,8.6,0,3,45.4,0,336,0,0
65,1,2,9.0,43,6,109.2,0,698,1,0
56,1,20,3.5,39,7,116.9,1,800,1,1
46,1,18,12.8,110,5,114.9,1,800,1,0
59,0,6,1.7,65,10,39.3,0,370,0,0
43,0,24,5.7,79,8,110.1,1,700,1,1
52,0,10,10.4,0,4,34.2,1,292,0,0
67,0,20,4.5,10,6,70.8,0,570,0,1
42,0,15,12.5,117,10,84.4,0,583,1,0
41,1,5,11.2,0,7,66.2,0,643,0,0
30,1,20,11.9,15,2,115.2,1,800,1,0
24,0,3,2.2,95,5,53.3,0,515,0,0
53,0,5,2.5,89,5,72.7,0,530,0,0
62,0,8,4.7,119,3,27.5,0,299,0,0
37,1,8,8.0,0,5,105.2,0,631,1,0
18,1,8,11.3,26,4,61.3,1,566,1,0
25,1,12,12.6,0,8,90.1,0,614,1,0
63,1,24,10.7,0,9,88.2,0,560,0,0
33,1,23,14.0,60,8,87.6,1,731,1,1
31,1,8,11.2,0,5,70.7,0,601,0,0
29,0,11,4.9,0,7,47.8,0,415,0,0
68,1,14,4.3,18,7,82.5,1,774,1,1
40,0,8,10.6,0,7,116.2,1,640,1,0
32,1,24,3.3,110,9,103.4,0,745,1,1
45,0,10,1.8,0,6,30.9,0,367,0,0
51,1,7,8.2,0,5,22.3,1,345,0,0
19,1,17,12.4,0,9,69.9,1,551,1,0
49,1,4,2.0,1,6,97.6,1,724,1,0
40,1,13,12.0,105,5,51.4,1,542,1,0
39,0,4,12.3,0,10,90.1,0,597,1,0
68,0,5,7.5,71,7,113.2,1,670,1,0
42,0,22,1.3,68,4,65.9,0,462,0,1
39,0,4,3.0,0,8,44.4,1,437,0,0
39,1,18,10.8,101,9,111.8,1,772,1,1
66,0,6,10.8,38,4,67.2,0,537,0,0
69,1,24,13.5,0,6,60.8,0,489,0,0
59,1,24,8.9,0,4,55.3,0,464,0,0
23,1,23,2.3,63,8,62.3,0,572,1,1
32,0,22,2.3,10,5,87.4,0,594,1,1
60,1,2,11.0,0,2,63.4,1,640,0,0
54,1,23,3.2,0,8,52.4,0,421,0,0
50,1,11,5.3,0,7,94.4,0,625,1,0
25,1,14,7.6,45,9,40.3,1,481,0,0
70,1,5,0.9,71,6,40.2,0,416,0,0
61,0,6,4.1,21,3,89.6,1,668,1,0
61,1,10,6.4,69,9,106.7,0,715,1,0
22,0,8,4.6,104,6,44.1,0,450,0,0
56,0,14,2.5,9,6,39.1,0,415,0,0
21,0,24,11.1,76,5,87.0,1,641,1,1
23,0,3,12.3,0,6,82.1,0,613,1,0
62,0,12,4.2,24,6,64.7,0,651,0,0
49,0,16,11.7,54,8,29.6,0,351,0,0
69,1,23,6.1,49,7,29.2,1,461,0,1
47,1,17,7.8,0,4,97.7,0,670,1,0
64,1,1,12.9,84,6,65.2,1,627,1,0
52,0,23,11.4,10,3,105.8,1,769,1,1
57,0,10,12.2,0,7,77.5,0,570,0,0
69,1,23,2.5,94,6,81.9,0,626,0,1
33,0,10,1.5,15,4,113.4,0,726,1,0
30,0,21,13.5,78,7,36.5,0,403,0,0
67,1,24,6.1,0,2,74.3,1,570,0,0
59,0,2,4.7,39,6,25.8,0,305,0,0
47,1,9,11.0,0,5,55.9,0,471,0,0
36,1,22,12.6,16,6,34.8,0,538,0,0
34,0,13,13.0,30,13,38.8,0,446,0,0
36,0,16,5.1,70,5,113.5,0,800,1,1
45,1,18,12.9,10,8,81.1,1,749,1,0
43,0,19,1.1,42,10,109.2,0,704,1,1
54,0,12,1.2,41,3,64.4,0,545,0,0
43,1,8,9.5,0,2,79.8,0,581,0,0
70,0,17,1.4,73,6,23.2,0,317,0,0
40,1,15,5.2,85,11,67.0,0,525,1,1
26,1,10,10.3,0,9,76.4,1,670,1,0
29,0,15,5.4,0,9,21.7,0,353,0,0
70,0,15,3.1,19,6,98.9,1,800,1,1
18,0,23,4.6,0,5,49.5,1,547,0,0
18,0,7,7.1,0,10,65.2,0,486,0,0
64,0,13,7.4,36,5,73.6,1,641,1,0
51,1,17,11.9,48,14,119.2,0,772,1,1
49,0,9,11.4,0,11,29.9,0,445,0,0
65,1,8,7.1,4,4,75.5,0,566,0,0
42,1,20,12.8,15,2,73.1,1,563,1,0
57,1,21,2.2,10,9,26.9,0,366,0,1
62,1,18,4.2,0,5,83.4,1,581,1,0
70,0,13,12.5,0,9,48.7,0,375,0,0
18,1,16,6.0,57,6,30.4,0,421,0,0
33,1,9,14.7,88,3,37.9,0,520,0,0
56,0,12,7.3,47,5,102.4,1,800,1,0
22,0,12,12.0,97,10,30.4,0,337,0,0
39,1,6,6.3,0,8,66.7,0,627,0,0
46,0,19,6.7,0,3,39.5,0,370,0,0
20,0,7,6.1,13,2,36.2,0,466,0,0
29,0,3,10.9,0,4,40.6,0,324,0,0
43,0,16,8.4,34,3,69.3,0,597,0,0
33,1,18,14.2,93,8,43.8,0,379,0,0
68,1,16,4.1,81,6,29.7,0,444,0,0
54,1,23,2.0,0,6,100.1,0,680,1,1
39,0,7,6.2,41,4,74.0,1,626,1,0
46,0,4,9.4,109,5,35.7,0,392,0,0
31,1,8,13.0,23,8,67.1,0,619,1,0
45,0,13,5.5,3,5,26.8,1,437,0,0
22,0,13,10.0,92,6,78.0,0,606,1,0
64,1,17,5.6,0,9,54.0,1,534,0,0
66,0,17,9.4,0,4,30.4,0,347,0,0
47,1,5,13.3,18,4,38.4,1,531,0,0
63,0,6,3.9,49,6,54.6,1,505,0,0
69,0,19,6.4,0,8,100.6,1,677,1,0
22,0,13,14.9,0,5,37.4,1,465,0,0
29,1,14,13.1,85,4,31.0,0,425,0,0
33,1,22,8.7,69,6,71.6,0,533,1,1
43,1,4,8.0,65,8,75.9,1,664,1,0
43,1,7,4.6,53,5,29.0,0,506,0,0
65,0,8,8.0,106,6,48.4,1,508,0,0
38,1,13,12.8,0,6,46.3,0,491,0,0
56,0,6,10.4,20,2,38.6,1,452,0,0
53,1,6,4.7,18,12,51.6,0,560,0,0
50,0,24,3.4,31,8,23.7,0,372,0,1
47,1,21,4.3,0,7,85.2,1,603,1,0
54,0,3,3.0,73,6,118.8,0,800,1,0
40,0,3,1.9,0,7,83.4,0,548,0,0
27,1,13,6.6,118,7,56.1,0,619,0,0
22,0,22,2.1,92,10,86.8,1,748,1,1
53,0,2,3.0,72,3,77.2,1,650,1,0
51,0,16,8.4,22,7,104.7,1,651,1,1
69,0,22,2.9,60,9,82.2,0,601,0,1
48,1,6,1.4,72,3,83.4,0,635,1,0
27,1,8,5.1,90,17,42.2,0,472,0,0
36,1,23,3.7,10,5,61.6,0,588,0,1
49,1,8,8.0,33,5,54.4,0,567,0,0
18,0,6,2.0,102,6,21.1,1,383,0,0
22,1,14,11.4,82,3,51.3,0,534,0,0
62,0,3,13.6,62,5,68.6,0,528,0,0
21,0,10,11.3,85,6,80.0,0,685,1,0
33,1,3,8.2,24,4,113.5,0,773,1,0
41,0,12,13.0,4,2,43.9,0,402,0,0
33,1,17,10.6,0,9,35.2,0,343,0,0
19,0,5,0.7,74,5,106.9,0,751,1,0
66,1,20,6.2,109,4,114.2,1,746,1,1
45,1,9,12.8,21,11,68.8,0,642,0,0
49,1,21,5.5,65,9,31.5,1,391,0,1
44,1,20,1.0,2,7,68.5,0,556,0,1
37,1,7,11.3,0,3,30.9,0,320,0,0
41,0,22,12.1,64,5,108.3,0,756,1,1
29,1,4,2.8,111,6,90.8,0,731,1,0
67,0,13,8.3,0,6,44.1,0,424,0,0
52,1,13,3.3,47,2,108.7,0,685,1,0
50,1,10,10.9,0,7,83.8,1,587,1,0
50,1,18,4.4,52,6,115.3,0,785,1,1
68,0,17,5.1,33,7,118.0,0,647,1,1
60,0,20,12.8,14,7,20.3,0,335,0,0
54,1,20,7.4,0,9,32.0,0,481,0,0
29,0,13,10.2,0,7,74.7,1,572,1,0
20,0,17,6.3,0,3,115.6,0,638,1,0
18,0,22,4.8,74,8,119.4,0,742,1,1
50,1,4,9.6,61,2,76.7,0,573,0,0
57,1,1,2.7,31,6,37.4,0,580,0,0
27,0,1,5.9,81,4,36.3,0,538,0,0
60,0,15,3.5,0,5,96.4,0,659,0,0
61,0,13,10.6,15,11,79.2,1,599,1,0
46,1,17,14.2,94,5,74.9,1,712,1,0
30,1,24,14.9,11,6,66.6,0,518,1,1
29,0,8,7.0,103,6,92.5,1,758,1,0
48,0,18,4.2,0,8,105.8,0,722,1,0
63,0,13,6.9,0,12,50.3,0,419,0,0
19,1,23,12.8,31,6,42.1,1,590,1,0
68,1,14,3.5,54,5,87.0,0,620,1,1
67,0,8,14.3,0,5,111.5,0,592,1,0
52,0,8,5.5,0,6,54.8,0,522,0,0
40,0,15,14.8,53,9,47.2,1,508,0,0
34,1,13,12.7,38,4,42.6,0,539,0,0
43,0,7,12.2,109,5,45.4,1,594,0,0
25,1,5,5.1,79,11,33.5,0,421,0,0
46,1,17,0.6,0,6,79.7,0,591,0,0
43,0,16,6.0,0,7,48.1,0,537,0,0
27,0,23,4.9,3,4,81.5,0,673,1,1
43,0,2,1.0,51,7,28.3,1,393,0,0
51,1,22,7.8,4,9,31.5,1,411,0,1
68,1,18,6.3,0,7,73.6,0,529,0,0
58,1,17,9.7,81,3,71.2,0,544,0,0
24,1,7,9.5,58,5,47.2,0,539,0,0
21,0,13,2.3,29,7,102.7,0,728,1,1
70,1,18,14.7,69,9,38.7,0,463,0,0
67,1,14,3.2,48,6,56.1,1,488,0,0
62,0,18,7.0,0,7,75.6,0,534,0,0
28,1,13,7.6,101,7,106.7,1,652,1,0
46,1,11,12.3,0,4,61.9,1,567,0,0
53,1,21,1.9,108,3,59.9,0,617,0,1
42,1,21,6.7,15,7,78.0,1,575,1,1
38,1,16,9.6,81,3,51.7,1,579,0,0
53,1,23,3.6,20,4,90.9,1,666,1,1
27,0,17,9.6,33,7,44.9,0,525,0,0
54,0,8,13.9,61,7,102.3,0,692,1,0
26,1,19,15.0,83,8,47.2,1,562,1,0
41,0,20,1.0,0,4,119.3,0,733,1,0
52,0,15,3.9,36,8,51.6,1,588,0,0
66,0,9,5.0,9,5,107.9,0,718,1,0
52,0,20,6.3,65,5,59.7,0,474,0,0
65,1,10,4.0,104,5,44.6,1,501,0,0
53,1,12,3.5,32,6,42.6,0,466,0,0
35,0,21,14.3,0,2,105.0,1,703,1,0
66,0,23,13.8,26,3,50.9,0,439,0,0
56,0,20,1.2,27,3,53.9,0,457,0,1
49,1,1,5.4,0,5,39.7,0,441,0,0
41,1,20,6.4,24,6,116.1,1,800,1,1
40,0,9,4.0,38,5,44.5,1,554,0,0
49,1,22,9.6,71,2,44.7,1,501,0,0
54,1,15,9.8,112,10,114.4,0,651,1,0
29,1,1,12.8,0,7,110.1,0,700,1,0
66,1,12,11.2,0,7,44.9,1,364,0,0
30,0,3,8.4,87,4,106.5,0,742,1,0
40,1,11,10.0,61,1,45.0,1,420,0,0
42,0,2,4.5,67,4,28.4,1,378,0,0
52,1,16,9.1,61,7,102.0,0,698,1,0
58,1,9,7.6,58,5,97.2,1,800,1,0
47,1,15,2.4,0,6,49.5,1,439,0,0
34,1,12,4.0,17,6,29.0,1,467,0,0
66,0,1,4.7,36,6,40.6,0,466,0,0
37,1,13,13.9,0,6,97.1,1,775,1,0
65,1,14,3.8,94,5,116.5,0,800,1,1
42,1,8,4.7,36,10,45.9,0,558,0,0
39,0,8,5.9,34,7,101.8,0,746,1,0
30,0,12,10.1,5,8,42.8,0,395,0,0
36,0,1,2.2,0,7,88.0,0,627,1,0
66,1,11,14.3,0,7,28.4,0,425,0,0
53,1,8,13.1,41,6,78.5,1,585,1,0
29,0,10,8.9,26,4,46.9,0,447,0,0
58,1,19,10.3,64,7,112.6,0,716,1,1
36,1,11,0.7,15,8,49.0,0,561,0,0
29,1,7,5.4,83,7,59.8,0,557,0,0
26,1,11,12.0,49,9,104.1,0,737,1,0
24,1,17,1.6,6,6,63.8,0,513,1,1
45,1,1,4.6,0,4,43.8,1,482,0,0
31,0,21,9.0,49,9,74.8,1,597,1,1
48,1,21,4.2,24,2,104.0,0,735,1,1
69,1,8,14.0,0,3,63.3,0,445,0,0
36,1,23,2.4,13,6,33.3,0,459,0,1
64,1,24,12.1,0,8,58.3,0,472,0,0
33,1,6,7.9,64,5,115.4,0,712,1,0
70,0,22,11.4,0,4,27.2,1,284,0,0
22,0,18,5.0,0,4,60.8,0,444,0,0
52,0,6,8.0,72,7,84.8,1,631,1,0
29,0,5,12.9,63,7,27.9,0,410,0,0
42,1,13,7.3,113,9,54.5,0,544,0,0
69,1,19,5.7,10,9,114.1,0,776,1,1
38,0,22,8.3,0,5,23.1,0,289,0,0
53,0,8,10.9,26,5,95.2,0,718,1,0
70,1,9,6.9,0,8,104.1,0,655,1,0
40,0,17,14.1,30,4,47.7,0,513,0,0
33,1,3,4.8,77,6,41.5,0,479,0,0
56,1,19,7.4,0,4,111.5,0,747,1,0
62,1,11,11.5,30,6,96.4,0,674,1,0
70,0,24,10.5,76,7,31.3,0,422,0,1
59,0,17,13.0,0,7,41.2,0,404,0,0
56,1,21,15.0,2,5,82.1,0,687,1,0
31,1,19,6.7,0,7,61.9,0,487,0,0
48,0,2,2.1,28,7,70.4,1,484,1,0
22,1,8,0.9,0,3,115.2,1,722,1,0
52,0,19,11.0,21,5,62.0,1,618,0,1
40,1,7,13.2,0,8,108.2,0,711,1,0
46,0,17,3.7,57,6,86.1,0,626,1,1
60,1,6,2.8,12,7,32.2,1,392,0,0
28,0,19,1.4,84,8,94.5,0,680,1,1
35,0,24,12.4,0,4,72.0,0,473,0,0
64,0,6,5.0,13,7,42.5,0,387,0,0
29,0,2,6.3,100,8,49.0,0,478,0,0
26,1,6,7.8,0,8,75.7,1,643,1,0
27,1,23,12.7,0,6,80.2,0,636,1,0
61,0,5,9.9,66,6,116.8,0,772,1,0
34,0,19,9.4,51,6,105.5,1,654,1,1
55,1,20,3.0,0,7,40.6,0,435,0,0
24,1,4,7.9,68,5,97.4,0,714,1,0
63,1,22,10.9,0,6,20.8,1,280,0,0
30,0,17,14.6,16,1,33.0,0,441,0,0
57,0,11,3.4,4,6,40.0,1,448,0,0
59,1,4,0.6,86,8,79.7,0,654,1,0
26,0,13,1.6,57,2,39.5,1,500,0,0
67,1,20,5.9,21,5,56.5,1,509,0,0
44,0,17,12.4,82,8,44.3,0,510,0,0
19,1,9,0.6,90,3,53.7,0,421,0,0
22,0,4,7.1,28,6,114.2,0,757,1,0
46,1,23,5.3,0,7,119.7,0,647,1,1
54,1,14,1.3,25,8,88.6,1,625,1,1
55,1,19,7.0,71,9,77.2,0,652,1,1
36,0,3,4.2,0,9,90.8,0,548,1,0
25,1,14,5.6,59,2,97.2,1,664,1,0
65,1,8,10.7,52,4,93.9,0,800,1,0
62,1,24,8.1,0,6,28.2,1,327,0,0
18,1,1,2.3,56,9,51.0,0,643,0,0
39,1,10,14.4,0,6,54.3,0,498,0,0
69,1,18,9.7,0,6,56.9,0,459,0,0
34,0,16,11.6,53,7,54.4,1,568,1,0
24,1,8,1.6,89,5,98.7,0,800,1,0
42,1,1,1.2,0,6,94.8,0,588,1,0
62,0,12,0.8,0,1,20.5,0,293,0,0
21,0,8,3.2,32,10,49.6,1,581,1,0
53,0,24,6.5,0,8,82.4,0,596,0,1
23,1,16,14.1,120,10,32.0,1,550,0,0
48,1,18,7.1,101,11,27.1,0,454,0,0
36,1,4,4.7,52,6,102.8,0,800,1,0
61,1,6,8.6,0,7,65.3,0,535,0,0
56,0,12,2.1,70,6,105.6,0,719,1,1
44,0,9,9.3,30,7,102.4,1,742,1,0
27,0,15,8.7,61,2,109.3,0,719,1,0
43,0,16,12.0,96,5,24.8,1,463,0,0
36,0,24,14.8,0,5,38.6,0,413,0,0
56,0,12,4.1,0,4,49.6,1,508,0,0
20,1,24,7.9,80,5,33.6,0,522,0,1
62,1,23,13.7,0,7,68.5,1,594,0,0
30,1,14,11.9,19,6,99.9,0,758,1,0
67,1,13,7.6,2,4,115.1,1,714,1,0
45,1,2,14.2,27,7,109.0,0,725,1,0
37,0,3,1.3,14,6,65.7,0,607,0,0
45,1,24,14.0,0,8,83.6,0,701,0,0
25,1,22,1.2,102,3,43.1,1,406,0,1
58,0,10,8.4,12,9,60.3,0,476,0,0
56,0,9,13.4,0,5,107.1,1,691,1,0
18,1,20,4.3,0,7,22.9,0,330,0,0
20,0,8,7.3,57,6,73.3,1,583,1,0
30,1,10,5.2,50,7,107.3,0,778,1,0
45,1,19,14.3,0,3,32.2,0,506,0,0
66,0,3,12.4,0,8,118.3,0,582,1,0
42,0,24,10.8,43,8,21.2,0,369,0,1
50,0,5,9.0,23,10,108.6,0,751,1,0
55,0,3,12.4,9,4,55.4,0,543,0,0
70,0,16,6.2,69,4,33.3,1,435,0,0
23,1,17,7.0,0,3,35.7,1,565,0,0
61,0,15,11.1,25,8,90.1,0,639,1,0
62,1,3,5.7,1,9,107.1,0,800,1,0
49,0,12,1.4,0,9,84.1,0,533,0,0
62,1,9,1.6,99,6,112.9,0,761,1,0
64,0,21,2.2,104,5,104.2,0,624,1,1
38,0,12,13.1,4,6,20.9,1,452,0,0
33,1,15,7.3,9,9,86.9,1,690,1,1
38,1,2,10.8,68,2,50.5,0,547,0,0
28,0,23,6.2,8,8,65.5,0,554,0,1
54,1,18,4.3,0,4,29.4,0,430,0,0
53,0,20,5.5,111,6,48.2,1,524,0,1
52,1,12,12.0,1,1,83.3,0,586,1,0
36,0,23,9.6,57,10,41.8,0,403,0,1
37,0,4,14.1,68,7,84.8,1,661,1,0
35,1,23,10.4,0,4,112.3,0,775,1,0
64,1,16,8.8,71,5,20.5,0,496,0,0
58,0,23,9.3,103,6,98.6,0,680,1,1
66,1,16,14.2,47,5,84.1,1,727,1,0
31,1,1,11.9,39,5,24.7,0,339,0,0
32,0,22,0.8,5,5,99.0,1,800,1,1
48,1,2,8.2,90,7,42.5,1,547,0,0
18,0,3,10.5,0,6,46.6,1,478,0,0
70,1,21,11.4,112,6,29.4,0,415,0,0
20,1,20,3.6,37,4,73.4,1,583,1,1
33,1,17,13.1,11,6,69.8,0,554,1,0
40,0,20,14.4,52,5,54.7,0,627,0,0
28,0,22,3.9,50,7,36.9,0,378,0,1
29,0,21,13.3,14,7,103.8,0,648,1,1
27,0,1,1.9,51,4,107.6,1,714,1,0
49,0,20,1.3,26,8,74.1,1,540,1,1
33,1,6,2.4,110,5,44.4,1,540,0,0
25,0,15,1.3,15,6,29.6,1,506,0,0
55,0,14,12.8,47,4,106.9,1,695,1,0
29,1,20,1.4,0,6,29.6,1,346,0,0
41,0,15,4.4,28,5,21.3,0,384,0,0
45,1,14,2.0,63,3,66.9,0,587,0,1
70,0,21,4.8,89,7,93.1,0,705,1,1
25,1,24,1.8,75,8,65.8,0,558,1,1
45,0,5,10.2,47,2,25.1,0,362,0,0
53,0,6,2.4,4,6,89.0,1,655,1,0
43,1,17,12.9,0,5,84.2,1,645,1,0
25,0,11,12.3,0,6,88.2,0,592,1,0
67,1,16,0.7,52,1,41.1,0,426,0,0
45,0,12,13.5,66,6,99.6,0,564,1,0
45,0,15,0.9,38,4,67.9,0,521,0,1
54,1,23,4.0,0,7,73.6,0,609,0,1
58,0,4,1.0,15,4,74.6,1,640,1,0
53,1,18,5.4,104,6,48.7,0,482,0,0
44,1,21,8.0,105,7,45.0,0,578,0,0
34,1,3,12.1,0,3,20.5,0,359,0,0
26,1,22,5.4,25,9,59.7,0,498,0,1
50,0,8,10.7,1,5,68.5,1,472,1,0
70,0,23,3.2,31,5,94.3,1,746,1,1
37,0,3,11.4,24,10,26.7,0,382,0,0
30,1,8,3.9,63,6,112.4,1,741,1,0
45,1,18,2.6,11,6,46.4,0,358,0,1
65,0,10,3.2,85,7,56.7,1,497,0,0
46,1,20,3.1,62,3,24.8,0,448,0,1
30,0,17,7.9,4,3,85.3,1,624,1,0
63,1,8,12.7,0,6,90.9,0,567,0,0
52,0,23,1.7,8,2,112.9,0,703,1,1
23,1,11,10.8,103,12,53.7,0,630,0,0
35,1,5,10.0,90,7,45.7,0,432,0,0
68,0,13,13.2,25,5,92.6,1,634,1,0
22,0,21,4.0,16,5,90.7,0,740,1,1
64,0,23,7.0,119,7,113.7,1,780,1,1
42,0,5,13.9,0,7,40.5,0,413,0,0
19,0,24,10.1,0,7,90.5,1,608,1,0
27,1,13,6.1,43,6,26.7,1,475,0,0
47,1,6,2.4,41,3,68.0,0,552,0,0
67,1,5,4.3,0,7,31.9,0,334,0,0
62,0,9,8.9,5,6,85.3,0,560,0,0
22,1,16,10.9,33,4,80.1,1,720,1,0
50,1,2,2.3,14,8,24.9,1,432,0,0
18,0,1,9.2,48,3,52.0,0,542,0,0
35,1,8,8.5,21,5,59.5,0,580,0,0
49,1,19,8.0,0,3,44.8,1,500,0,0
64,0,11,10.5,32,3,23.9,0,345,0,0
66,0,12,12.6,0,6,51.9,1,433,0,0
28,1,12,5.2,113,6,99.3,0,683,1,0
38,0,7,13.4,0,3,56.0,0,390,0,0
43,1,13,2.8,19,7,52.3,1,495,1,0
42,1,8,3.0,63,4,114.2,0,760,1,0
39,1,22,4.4,54,9,24.2,1,346,0,1
44,0,9,2.2,62,5,96.7,0,585,1,0
66,0,7,3.8,0,6,68.3,0,576,0,0
30,1,21,2.0,63,3,114.4,1,800,1,1
50,1,24,12.4,58,10,59.3,0,530,0,1
51,0,15,2.5,39,4,90.8,0,791,1,1
58,1,2,11.3,8,5,27.0,1,345,0,0
52,1,23,1.2,0,6,112.9,1,800,1,1
18,0,20,14.3,58,3,54.5,1,542,1,0
38,0,12,10.8,67,11,72.4,1,663,1,0
65,1,1,0.6,57,9,33.8,0,433,0,0
23,0,23,11.6,12,9,114.6,0,654,1,1
45,0,22,8.0,119,5,87.3,0,639,1,1
34,0,8,11.8,77,9,25.4,1,436,0,0
22,0,5,8.1,0,5,35.5,1,291,0,0
48,1,15,9.8,113,4,60.0,0,681,0,0
22,1,1,11.9,65,10,41.7,1,540,1,0
55,0,1,6.4,0,8,50.5,0,490,0,0
20,1,10,0.5,15,3,119.7,0,752,1,0
70,1,22,12.8,0,5,85.9,0,651,0,0
40,1,10,6.0,0,10,112.2,0,789,1,0
54,0,21,7.7,0,6,63.6,0,499,0,0
70,0,15,0.6,0,9,91.0,0,592,0,0
54,1,17,7.6,70,8,66.0,1,555,1,1
27,1,22,14.8,11,13,52.8,0,521,0,0
27,0,6,4.5,22,3,71.9,1,586,1,0
36,0,3,6.2,78,3,62.7,0,583,0,0
34,0,13,10.5,0,10,118.1,1,701,1,0
38,1,16,12.3,0,1,69.6,1,624,1,0
31,1,8,6.6,73,6,101.1,1,706,1,0
26,1,15,5.0,0,9,86.7,0,631,1,0
63,0,17,14.1,15,4,68.0,0,589,0,0
18,1,17,10.3,23,7,67.4,0,570,1,0
68,1,22,2.2,42,4,54.2,0,545,0,1
62,0,13,1.5,0,6,30.7,0,379,0,0
30,1,17,7.5,98,5,96.1,0,696,1,1
21,1,6,3.7,78,4,111.8,0,800,1,0
18,0,17,4.2,56,5,41.8,1,501,0,0
66,1,16,13.2,0,3,112.6,0,781,1,0
57,0,14,1.8,0,8,43.2,1,539,0,0
49,1,13,10.9,0,7,73.0,0,546,0,0
51,1,6,4.4,48,7,54.4,0,559,0,0
45,1,3,11.5,76,7,31.5,0,406,0,0
48,1,14,11.0,0,6,25.3,1,344,0,0
25,0,14,0.6,108,6,56.5,1,548,1,0
56,1,15,7.9,38,6,24.7,1,354,0,0
43,1,8,2.5,0,7,30.4,0,342,0,0
51,0,15,13.1,0,4,34.2,0,419,0,0
20,1,22,13.1,115,6,20.2,0,381,0,0
67,1,13,6.6,0,5,35.3,0,442,0,0
29,0,17,6.9,0,3,77.7,1,611,1,0
18,1,21,4.9,75,7,102.0,1,800,1,1
61,1,24,10.9,106,8,39.3,0,494,0,1
22,0,3,5.7,38,9,28.1,1,515,0,0
47,1,6,4.4,0,10,93.0,0,671,1,0
47,0,5,6.8,63,7,20.8,0,389,0,0
34,0,22,1.8,1,8,93.4,0,739,1,1
65,0,17,11.3,15,3,33.1,0,437,0,0
64,1,23,0.7,83,5,42.8,1,520,0,1
40,1,2,9.8,100,3,32.0,0,466,0,0
32,0,15,3.2,0,8,44.7,1,486,0,0
54,0,5,3.9,51,4,99.8,0,645,1,0
38,1,20,9.7,39,7,33.3,0,412,0,0
31,0,6,14.9,2,4,119.4,0,800,1,0
19,1,6,11.8,105,6,52.7,1,690,1,0
28,1,18,3.8,70,4,112.2,0,713,1,1
68,1,18,3.1,72,6,39.0,1,443,0,0
56,1,4,13.1,0,5,38.8,0,491,0,0
55,0,17,6.9,0,8,76.5,0,570,0,0
51,1,14,2.5,58,5,25.1,0,453,0,0
55,1,14,13.0,94,4,100.1,0,759,1,0
67,1,13,12.3,0,5,64.0,1,515,0,0
51,0,7,14.8,0,6,89.9,0,624,0,0
35,1,12,13.7,102,4,37.5,0,499,0,0
47,0,23,12.9,32,4,84.2,0,562,1,1
32,0,15,1.3,0,6,79.4,0,603,0,0
44,0,19,2.0,43,6,95.6,1,776,1,1
68,1,11,8.8,106,7,49.7,1,511,0,0
51,1,15,8.2,119,10,113.3,1,790,1,1
69,1,12,7.1,83,9,116.1,0,778,1,0
55,1,3,6.3,11,5,106.8,0,718,1,0
50,0,17,6.8,0,5,77.2,1,612,1,0
41,1,3,8.8,31,12,62.0,0,520,0,0
32,0,19,0.5,3,6,25.8,1,502,0,1
47,1,20,4.3,113,4,114.7,1,800,1,1
59,1,4,8.0,0,11,115.2,1,705,1,0
68,1,3,11.0,21,11,21.9,0,489,0,0
34,1,16,3.0,64,6,55.7,1,587,1,0
22,0,12,8.4,30,6,108.0,1,716,1,0
46,0,8,10.9,113,4,28.1,1,482,0,0
21,1,24,6.9,0,4,39.7,0,474,0,0
27,0,17,0.9,3,6,117.9,0,663,1,1
34,0,7,7.0,0,11,104.7,0,652,1,0
27,1,11,4.8,68,11,111.2,0,796,1,1
34,1,18,14.0,68,6,34.2,0,333,0,0
37,0,1,2.3,81,9,41.1,1,477,0,0
41,0,3,10.0,92,4,80.5,0,622,1,0
22,1,4,1.3,114,5,70.2,0,547,1,0
51,1,13,7.0,80,5,49.9,0,538,0,0
23,0,6,8.5,0,3,108.4,0,704,1,0
70,0,14,4.8,21,4,110.1,1,653,1,0
19,0,5,7.1,105,5,49.2,1,579,1,0
30,0,16,2.9,58,7,35.6,0,487,0,0
60,0,15,4.9,54,4,34.9,0,395,0,0
60,1,15,9.5,82,6,68.4,0,562,0,0
65,1,4,4.9,5,9,33.3,0,471,0,0
28,1,8,13.5,0,3,67.3,0,540,0,0
68,0,16,9.6,112,6,66.2,0,413,0,0
64,1,16,6.9,0,13,108.4,1,751,1,0
40,0,4,1.1,85,4,49.6,0,430,0,0
33,1,13,7.7,109,7,76.1,0,601,1,0
48,1,13,11.6,88,9,94.3,1,800,1,0
28,0,2,4.4,110,9,79.6,1,642,1,0
33,1,3,12.2,20,8,115.4,1,800,1,0
25,0,22,4.2,79,7,80.2,1,681,1,1
21,1,8,12.4,0,8,110.2,0,770,1,0
57,0,24,1.7,75,7,44.5,0,397,0,1
21,0,15,13.1,79,7,76.1,1,621,1,0
42,1,11,7.7,36,6,74.3,1,633,1,0
20,0,9,4.8,5,7,118.9,0,800,1,0
49,1,7,4.3,110,5,40.5,0,503,0,0
20,0,13,6.8,0,5,34.1,0,564,0,0
44,1,2,15.0,0,5,81.2,1,560,1,0
46,1,8,3.7,0,3,42.4,0,502,0,0
49,1,7,2.0,48,1,83.9,1,743,1,0
67,0,24,9.0,15,8,117.2,1,792,1,1
68,0,12,7.6,91,4,114.7,1,716,1,0
36,0,19,8.1,82,7,43.1,0,558,0,0
38,0,7,10.2,116,6,37.1,0,319,0,0
22,1,10,4.4,2,4,76.1,0,609,1,0
35,1,16,13.7,2,9,78.7,1,732,1,0
45,1,3,6.8,0,5,86.2,0,591,0,0
59,1,10,2.4,0,6,94.1,0,743,1,0
39,1,6,11.3,53,4,80.1,0,546,1,0
38,1,18,9.8,0,8,31.2,0,330,0,0
23,0,18,5.1,75,8,99.0,1,694,1,1
18,1,5,9.5,15,4,28.0,1,509,0,0
22,1,21,3.7,71,1,22.0,0,407,0,0
58,1,7,7.0,4,6,97.0,1,689,1,0
29,0,2,13.5,16,8,74.8,1,718,1,0
43,0,11,2.4,25,11,89.9,1,757,1,1
63,0,13,6.1,0,6,58.3,1,472,0,0
51,1,23,12.4,11,3,21.1,1,325,0,0
66,1,5,14.6,80,5,53.1,0,383,0,0
31,0,6,7.1,72,7,80.8,0,631,1,0
43,1,24,7.9,0,2,42.6,1,512,0,0
62,0,14,8.8,101,5,88.8,0,627,0,0
44,0,12,14.0,50,7,99.4,0,689,1,0
26,0,4,12.9,101,9,65.4,0,523,0,0
43,1,23,3.0,39,16,107.6,0,780,1,1
64,1,6,6.8,115,5,105.5,0,800,1,0
39,0,10,7.2,0,8,107.8,0,544,1,0
64,1,18,11.9,106,6,86.1,0,633,1,0
47,0,15,9.2,111,9,50.5,0,429,0,0
60,1,8,10.0,0,5,68.1,1,478,0,0
65,1,9,15.0,0,6,91.1,1,578,1,0
34,1,5,1.6,0,6,41.1,0,466,0,0
43,0,10,3.7,0,9,93.9,0,655,1,0
53,1,20,6.4,33,6,74.8,1,717,1,1
18,1,6,5.5,41,3,29.6,1,485,0,0
25,0,16,0.8,24,7,75.7,0,507,1,1
66,1,24,1.8,0,5,26.7,1,368,0,0
52,0,3,10.4,24,4,21.4,1,309,0,0
69,1,10,13.3,0,4,109.0,1,653,1,0
32,0,11,8.0,0,3,69.0,0,576,0,0
64,1,11,8.3,56,5,74.3,0,611,0,0
39,1,17,4.2,99,7,48.0,0,550,0,0
31,0,4,11.6,4,9,74.3,0,577,1,0
43,0,4,11.4,0,8,36.9,0,446,0,0
45,0,17,9.0,17,9,94.6,0,647,1,1
40,0,9,3.6,28,5,102.3,1,789,1,0
31,0,19,1.9,36,5,105.6,0,745,1,1
41,1,5,1.4,20,7,30.7,0,427,0,0
19,0,22,9.1,0,2,75.8,1,615,1,0
62,0,24,12.5,21,2,100.9,0,685,1,1
43,1,6,12.9,15,3,32.8,0,539,0,0
31,0,3,7.2,31,6,30.0,0,437,0,0
68,1,22,11.9,20,4,101.7,1,720,1,1
24,1,1,14.2,0,8,99.7,1,708,1,0
20,1,20,4.5,26,7,64.9,0,653,1,1
64,1,22,6.3,0,1,31.0,1,451,0,0
40,1,16,14.0,68,6,71.6,0,589,1,0
63,0,23,5.4,22,13,59.5,1,466,0,1
60,0,11,13.8,116,5,71.9,0,516,0,0
64,0,13,14.7,73,5,64.0,0,515,0,0
62,1,10,10.1,19,1,76.9,0,701,0,0
35,0,3,12.3,97,8,92.7,0,651,1,0
55,1,9,11.4,15,6,97.5,1,687,1,0
52,1,12,10.6,44,5,84.9,0,543,1,0
68,1,23,5.0,4,6,39.9,0,556,0,1
32,1,14,1.3,76,8,59.7,1,616,1,0
42,0,1,5.5,82,10,27.1,0,443,0,0
54,1,18,10.2,10,7,65.2,0,619,0,1
45,1,17,2.0,114,8,117.0,1,800,1,1
27,0,9,0.7,58,9,84.2,1,677,1,0
56,0,9,2.5,0,5,35.5,0,464,0,0
34,1,23,10.9,17,8,46.9,0,517,0,1
56,1,10,14.6,112,5,26.5,0,457,0,0
39,1,19,14.8,109,6,38.2,0,522,0,0
43,1,15,7.7,0,3,68.8,0,588,0,0
61,1,5,13.1,93,6,54.5,0,504,0,0
42,1,15,11.2,6,3,40.4,1,507,0,0
34,0,20,7.8,66,11,34.7,0,473,0,1
30,0,23,8.8,60,8,85.6,1,705,1,1
37,0,2,2.5,0,7,75.8,0,630,0,0
42,1,13,14.1,0,5,104.3,0,733,1,0
21,1,24,5.6,65,7,38.3,0,531,0,1
27,1,16,7.0,0,4,104.8,0,691,1,0
20,0,15,10.2,53,3,77.8,0,593,1,0
58,1,10,5.3,63,10,46.6,1,572,0,0
62,1,14,4.2,1,9,47.4,1,484,0,0
35,1,10,9.7,11,2,59.0,1,579,1,0
64,1,14,0.9,25,6,66.0,0,644,0,1
53,0,23,11.0,33,7,28.3,0,459,0,0
64,1,9,8.0,0,3,104.2,1,723,1,0
39,0,14,9.3,111,6,32.2,0,395,0,0
51,0,3,9.7,92,5,68.3,1,573,1,0
64,1,20,8.1,110,5,58.3,1,612,0,0
25,1,16,8.9,52,10,71.2,1,648,1,1
57,1,2,10.4,70,6,108.7,0,711,1,0
66,1,10,11.4,0,4,118.9,1,800,1,0
61,1,3,11.0,57,7,22.0,1,437,0,0
36,1,11,13.1,0,5,59.3,0,497,0,0
59,1,11,3.2,111,13,101.8,1,763,1,1
58,0,21,6.3,99,3,52.7,0,537,0,0
54,0,21,14.2,0,6,84.9,0,516,0,0
23,0,22,6.3,88,7,119.2,1,793,1,1
69,0,13,2.3,113,9,84.7,0,592,0,1
43,0,7,8.1,58,6,31.1,0,430,0,0
51,0,23,2.1,0,9,104.3,0,704,1,1
62,0,17,3.4,12,8,116.7,0,709,1,1
23,1,2,15.0,40,8,91.3,0,616,1,0
54,0,12,8.3,116,7,61.9,1,606,0,0
50,1,10,4.6,113,4,114.8,0,706,1,0
70,0,18,14.9,0,4,116.9,1,738,1,0
39,1,22,14.5,0,4,113.5,1,748,1,0
38,0,11,6.9,90,7,61.2,0,549,0,0
23,0,16,4.3,0,4,99.0,0,762,1,0
23,1,17,12.7,30,8,85.4,0,800,1,0
65,0,19,10.9,78,7,38.0,1,339,0,0
21,0,18,10.5,64,4,73.6,0,659,1,0
47,0,3,13.5,0,7,94.8,0,613,1,0
28,0,21,10.5,77,5,109.6,1,800,1,1
47,0,16,4.6,73,3,106.3,1,797,1,1
48,0,6,10.6,0,5,35.5,1,494,0,0
41,1,12,4.9,0,2,68.8,1,589,1,0
26,1,11,11.5,21,4,67.8,0,556,1,0
20,1,15,9.5,0,4,109.9,1,800,1,0
68,0,15,1.6,63,4,20.2,0,352,0,0
48,1,16,7.9,96,8,93.9,0,679,1,1
57,0,10,5.5,35,3,81.9,0,567,0,0
54,0,12,5.3,24,3,112.2,0,784,1,0
53,1,13,9.2,102,3,65.7,0,669,0,0
41,0,4,5.2,104,3,85.8,0,557,1,0
48,0,7,11.8,27,8,117.3,0,790,1,0
23,1,22,1.5,82,5,94.4,0,692,1,1
19,1,2,10.1,0,4,26.7,1,341,0,0
37,1,15,12.2,10,8,36.8,0,471,0,0
45,1,8,10.3,85,7,102.1,0,683,1,0
28,1,7,7.7,99,10,53.5,1,481,1,0
21,0,15,14.3,0,6,90.6,0,588,1,0
32,0,23,4.8,89,5,90.0,1,627,1,1
23,0,14,0.8,0,4,119.4,1,720,1,0
66,0,8,6.8,2,7,67.0,0,459,0,0
47,0,12,1.0,20,7,93.8,1,666,1,1
55,1,13,14.3,105,4,24.9,1,390,0,0
68,1,11,3.5,69,8,66.3,0,593,0,0
19,1,17,11.9,63,4,38.7,1,550,0,0
32,0,17,11.7,70,10,104.1,1,753,1,1
28,1,24,3.7,0,5,104.0,0,689,1,1
25,1,4,9.5,0,5,43.6,1,486,0,0
43,1,21,1.2,62,11,51.8,0,482,0,1
68,0,8,7.5,15,6,90.2,1,601,1,0
62,1,5,0.7,71,6,93.8,1,747,1,0
61,0,16,13.9,0,7,85.8,1,491,1,0
22,0,4,14.7,21,5,119.7,0,771,1,0
23,0,22,3.7,46,7,106.9,0,721,1,1
43,1,15,3.5,102,6,61.7,1,628,1,1
21,1,12,11.4,37,6,52.7,1,482,1,0
36,0,5,4.2,0,6,79.7,1,609,1,0
37,0,23,13.5,81,5,101.8,1,743,1,1
50,0,16,8.8,115,6,67.5,0,429,0,0
37,0,14,5.6,47,7,93.8,1,632,1,1
66,0,10,12.6,77,8,21.9,0,344,0,0
29,0,7,7.7,65,5,112.6,0,775,1,0
64,1,13,13.7,65,4,97.4,0,701,1,0
18,0,20,14.0,0,9,59.4,1,572,1,0
43,0,5,2.9,78,4,58.4,1,479,0,0
31,0,3,0.5,29,6,30.3,0,325,0,0
55,1,15,14.8,0,3,101.6,0,672,1,0
54,1,4,13.6,0,8,96.9,1,618,1,0
28,1,15,1.3,43,9,83.0,0,601,1,1
53,0,14,12.6,15,9,30.1,0,461,0,0
30,1,20,7.1,0,8,46.2,0,495,0,0
60,0,19,4.3,80,8,65.9,1,523,0,1
20,1,13,13.2,88,6,46.6,1,502,1,0
50,1,10,3.4,102,7,63.4,0,608,0,0
23,1,21,14.2,92,13,42.6,0,513,0,0
67,1,5,3.5,116,6,55.0,0,453,0,0
27,1,23,9.4,60,1,85.2,0,565,1,1
22,0,20,3.7,38,4,109.2,0,800,1,1
40,1,20,8.4,61,8,58.5,1,513,1,0
27,0,6,10.4,3,4,89.2,1,710,1,0
61,1,4,3.3,0,7,33.5,1,520,0,0
19,0,2,8.1,20,7,74.1,1,630,1,0
30,0,22,7.3,0,2,112.2,0,672,1,0
57,0,16,1.5,82,7,22.8,0,289,0,0
19,0,18,12.4,0,8,46.8,0,370,0,0
37,1,5,5.4,0,3,33.2,0,445,0,0
18,1,22,8.8,29,7,73.3,0,719,1,1
54,0,4,8.0,31,5,88.0,0,606,1,0
26,0,13,7.9,0,6,25.8,0,337,0,0
34,1,19,2.1,56,7,27.0,0,476,0,1
26,0,23,6.6,0,5,107.0,0,650,1,0
28,1,2,7.1,4,4,65.6,0,616,0,0
32,1,13,11.1,28,7,66.3,0,605,1,0
41,1,11,12.7,0,8,114.5,0,709,1,0
55,1,22,8.4,67,7,52.0,1,546,0,1
52,0,4,1.8,84,11,109.7,0,800,1,0
47,1,22,3.9,0,5,117.4,1,798,1,0
48,0,20,2.9,96,3,44.2,0,528,0,1
66,0,20,2.3,0,8,71.4,0,457,0,1
22,1,15,5.8,58,5,73.4,0,702,1,0
61,0,4,3.8,74,9,106.6,0,745,1,0
67,1,9,3.7,0,6,50.4,0,362,0,0
31,1,7,1.3,0,2,99.8,1,740,1,0
70,1,19,0.8,90,5,117.1,0,738,1,1
28,1,19,2.0,71,9,104.0,0,661,1,1
26,0,6,3.0,49,8,110.9,0,748,1,0
51,0,6,6.7,0,6,90.8,0,640,0,0
29,1,20,7.9,0,4,110.4,1,773,1,0
52,0,15,2.5,111,9,36.5,1,450,0,0
52,1,15,6.7,73,6,91.2,0,652,1,0
18,1,20,5.5,0,6,93.2,0,800,1,0
57,1,9,3.2,0,6,63.9,0,445,0,0
39,0,4,0.6,11,5,28.0,0,448,0,0
46,0,18,7.3,0,4,82.2,0,586,0,0
25,0,18,10.4,0,4,25.2,0,306,0,0
28,0,5,3.8,0,6,58.2,0,493,0,0
58,1,20,2.4,47,6,59.4,0,461,0,1
54,0,23,13.4,70,5,119.9,0,717,1,1
31,0,11,4.5,50,11,50.0,0,490,0,0
47,0,5,3.7,102,2,102.0,0,590,1,0
52,1,22,12.9,0,4,25.3,0,403,0,0
38,1,4,12.3,89,7,73.0,0,567,1,0
54,0,12,7.0,0,6,73.7,0,444,0,0
22,0,2,7.6,69,6,82.9,0,571,1,0
36,0,13,3.7,65,2,101.0,0,800,1,0
31,0,10,1.6,58,9,96.2,1,584,1,1
43,1,9,8.8,16,8,96.1,0,739,1,0
21,1,10,1.9,0,7,63.2,1,522,1,0
42,0,7,7.0,0,13,92.7,0,609,1,0
62,0,4,14.1,19,9,69.1,1,606,1,0
59,1,19,14.3,28,7,26.7,0,454,0,0
42,0,10,4.0,90,3,109.0,1,717,1,0
35,1,3,9.5,85,4,109.0,1,711,1,0
57,0,21,7.4,5,7,52.3,0,516,0,1
25,1,19,13.2,33,8,111.4,0,800,1,1
56,0,21,4.4,84,8,95.8,0,651,1,1
57,1,2,0.6,50,8,60.1,1,596,1,0
31,1,20,2.9,0,6,53.2,0,477,0,0
49,0,10,5.6,59,3,117.5,0,712,1,0
68,0,2,5.1,0,8,91.3,0,599,0,0
55,0,2,12.0,41,9,57.9,0,538,0,0
50,0,24,10.4,72,6,84.2,0,635,1,1
40,0,17,4.8,114,6,77.2,0,633,0,1
32,0,16,7.1,113,6,72.5,0,538,0,1
50,1,16,1.9,36,6,84.5,0,755,1,1
42,0,14,13.5,79,4,73.8,1,583,1,0
34,0,7,14.1,89,7,85.5,1,647,1,0
50,1,21,14.7,50,9,110.8,0,680,1,1
64,0,11,13.1,0,8,119.3,1,729,1,0
19,1,24,3.0,0,4,90.9,0,698,1,1
31,0,1,1.2,0,6,112.8,0,749,1,0
70,1,11,8.9,0,4,105.8,1,799,1,0
57,1,23,13.7,0,5,49.5,1,527,0,0
57,1,21,3.1,0,8,113.3,1,771,1,1
68,1,4,0.6,28,7,27.1,0,385,0,0
56,0,7,12.2,44,3,53.0,0,458,0,0
68,1,15,1.6,0,8,84.0,0,652,0,0
23,0,18,6.5,16,13,72.7,0,654,1,1
23,0,12,10.3,0,8,74.2,0,496,0,0
20,0,17,3.9,0,5,99.5,0,717,1,0
24,1,1,1.7,0,4,39.5,0,485,0,0
68,0,11,11.7,78,2,118.2,0,681,1,0
25,1,1,9.6,93,11,63.7,0,617,1,0
59,1,15,14.8,19,4,115.0,0,697,1,0
69,1,21,5.5,36,6,58.3,0,377,0,1
32,1,10,1.4,35,13,80.2,0,644,1,1
64,0,7,11.1,0,6,65.0,0,499,0,0
46,0,2,8.1,109,6,87.6,1,661,1,0
50,0,10,3.6,37,4,38.4,0,616,0,0
69,0,24,11.8,70,5,60.1,1,566,0,1
47,0,4,3.5,0,6,26.8,0,368,0,0
56,0,12,4.3,0,5,79.8,0,583,0,0
44,0,19,1.8,0,2,116.3,0,696,1,0
53,1,11,6.3,86,8,24.6,0,457,0,0
46,1,8,6.6,94,5,86.0,0,689,1,0
55,0,18,8.0,23,7,97.5,0,692,1,1
50,1,11,10.8,98,6,41.3,0,436,0,0
54,0,11,13.6,83,9,47.3,0,366,0,0
44,0,13,2.5,88,8,40.2,1,437,0,0
50,1,3,1.3,70,4,49.7,0,525,0,0
21,1,12,0.8,77,7,31.0,0,435,0,0
39,0,3,2.6,27,5,57.0,1,554,0,0
19,1,10,10.0,116,4,56.9,1,584,1,0
27,1,17,11.0,0,1,100.7,1,751,1,0
22,1,22,11.9,0,2,100.1,0,640,1,0
27,1,2,4.0,93,7,99.7,1,760,1,0
50,1,17,4.9,70,6,76.7,1,604,1,1
55,0,16,7.5,0,5,52.6,0,349,0,0
30,0,2,1.4,0,6,61.1,0,488,0,0
48,0,22,9.4,0,5,51.8,1,564,0,0
64,0,20,14.8,0,2,78.2,1,482,0,0
53,1,6,5.7,36,2,113.8,0,762,1,0
62,0,10,11.4,71,5,48.4,0,522,0,0
41,1,10,7.8,0,6,65.9,1,712,1,0
69,1,8,2.4,48,5,85.5,0,619,0,0
32,1,1,8.9,1,5,104.5,0,698,1,0
46,1,13,4.8,0,4,45.3,1,404,0,0
25,1,24,1.0,56,4,48.0,1,614,1,1
22,0,9,9.7,2,4,108.5,1,710,1,0
46,1,22,13.0,26,5,28.0,0,407,0,0
64,0,10,5.5,66,2,80.5,0,488,0,0
21,1,15,6.2,42,7,106.0,1,800,1,1
29,0,5,13.4,40,10,112.2,0,800,1,0
62,1,22,12.3,30,2,21.3,1,472,0,0
19,1,16,10.9,71,5,57.0,0,478,0,0
44,0,13,4.1,109,2,45.7,0,514,0,0
48,0,22,13.7,33,4,76.8,0,483,0,1
68,1,20,2.7,0,8,83.3,0,595,0,1
68,1,18,9.6,0,5,120.0,0,755,1,0
53,1,11,0.9,0,2,71.3,0,567,0,0
53,1,9,9.8,6,5,75.1,0,648,0,0
43,0,16,4.5,11,7,61.4,0,534,0,1
60,0,2,7.0,0,4,34.8,1,285,0,0
44,0,2,5.5,11,5,50.3,0,529,0,0
22,1,12,3.0,95,4,44.7,1,540,1,0
37,0,8,9.5,59,6,100.1,0,633,1,0
28,1,9,13.3,65,6,74.6,0,533,1,0
27,1,12,14.4,10,7,49.6,0,614,0,0
57,1,9,3.3,22,6,68.9,1,675,1,0
55,1,10,10.9,61,6,41.9,0,523,0,0
23,1,2,10.1,64,7,38.5,0,442,0,0
25,0,16,5.5,0,5,106.0,0,534,1,0
40,1,20,0.8,41,3,114.5,1,800,1,1
64,1,7,10.5,100,5,28.0,1,453,0,0
43,1,2,14.2,0,11,96.5,0,639,1,0
63,1,1,9.7,98,2,65.3,0,634,0,0
60,0,19,6.8,113,9,58.9,1,589,0,0
29,0,4,8.1,0,5,88.9,0,615,1,0
43,1,24,3.4,32,3,46.6,0,500,0,1
30,0,22,11.4,91,8,22.1,0,394,0,0
57,1,2,11.3,55,9,41.4,1,540,0,0
35,1,14,2.6,0,4,38.5,1,406,0,0
42,0,2,13.2,0,2,23.4,0,375,0,0
50,1,15,4.4,0,7,52.1,0,416,0,0
64,0,12,14.7,116,3,67.5,1,642,0,0
57,1,5,6.1,20,3,93.6,0,724,1,0
60,1,20,3.1,0,7,52.6,0,436,0,0
29,1,7,5.6,0,4,39.5,0,443,0,0
61,0,24,6.9,0,6,43.1,1,379,0,0
53,0,21,1.5,105,4,109.1,0,800,1,1
65,1,10,8.9,0,6,40.5,1,555,0,0
21,1,14,9.2,0,5,107.9,0,775,1,0
22,1,14,11.2,0,6,64.7,0,657,0,0
54,0,5,0.9,0,13,113.4,0,698,1,0
25,0,18,8.3,0,6,60.8,1,577,0,0
59,0,24,1.3,0,2,37.8,0,452,0,0
66,1,14,10.7,30,9,74.9,0,601,0,0
45,0,2,1.3,0,6,78.8,0,561,0,0
48,0,12,13.7,72,4,83.5,1,690,1,0
26,1,22,10.7,56,8,61.1,1,647,1,1
68,0,24,7.9,15,6,24.9,0,325,0,1
46,1,6,6.9,0,1,82.7,0,466,0,0
31,1,4,2.4,20,3,113.3,0,763,1,0
57,1,13,4.7,73,11,115.8,0,639,1,1
58,0,4,13.1,38,6,79.7,1,553,1,0
39,0,22,13.6,90,3,22.0,0,336,0,0
28,1,14,0.5,0,5,30.6,0,372,0,0
40,1,16,9.1,105,12,103.4,0,782,1,1
18,1,4,10.9,59,4,103.0,0,800,1,0
63,0,24,9.5,88,4,114.6,0,768,1,1
54,1,1,1.7,105,5,76.4,0,663,0,0
38,1,13,3.7,24,8,106.4,1,800,1,1
43,1,4,4.1,23,6,102.5,0,575,1,0
63,1,20,12.6,53,3,78.9,0,619,0,0
53,1,18,7.2,19,8,98.4,0,599,1,1
40,1,6,7.6,0,11,32.6,1,474,0,0
18,0,3,14.1,0,8,83.9,0,470,1,0
68,1,23,9.7,21,8,115.3,0,755,1,1
57,0,13,13.5,83,9,36.2,0,449,0,0
32,0,16,7.1,105,8,94.4,0,603,1,1
38,0,5,2.7,67,4,52.1,1,592,0,0
64,0,4,14.0,68,5,101.7,1,733,1,0
26,0,21,7.2,58,3,89.7,1,702,1,1
70,0,8,3.1,0,4,112.6,0,722,1,0
26,1,19,4.9,0,5,91.2,0,628,1,0
27,1,14,1.2,23,5,61.0,0,575,0,1
69,0,7,7.3,6,10,21.1,0,345,0,0
70,1,14,12.9,14,10,99.3,0,684,1,0
43,1,6,14.0,77,3,60.8,1,538,1,0
58,0,12,14.0,34,7,87.1,0,540,1,0
52,0,16,2.3,0,5,30.5,0,334,0,0
69,1,17,6.0,0,4,109.1,0,677,1,0
42,1,13,0.9,105,8,63.6,0,538,0,1
43,1,23,12.9,58,4,112.0,0,800,1,1
28,0,14,5.7,0,6,90.7,0,544,1,0
55,0,7,9.7,109,6,32.1,1,431,0,0
19,0,14,10.9,36,7,77.9,1,723,1,0
24,0,15,6.7,116,9,111.0,0,795,1,1
35,0,12,4.9,0,3,100.0,0,720,1,0
44,0,17,14.5,84,10,61.8,0,497,0,0
51,1,9,14.5,0,7,115.5,1,800,1,0
44,1,22,4.7,119,9,46.9,1,468,0,1
34,0,15,7.5,86,5,57.5,0,506,0,0
60,1,12,14.6,99,5,95.0,1,693,1,0
61,0,2,0.6,44,5,43.3,0,407,0,0
68,0,5,6.5,0,8,71.5,1,514,0,0
41,0,13,2.0,0,9,92.9,0,601,1,0
42,1,20,7.9,12,6,84.4,0,592,1,1
24,1,23,0.9,77,5,35.5,1,549,0,1
69,1,8,6.4,35,5,83.0,0,619,0,0
23,0,14,3.7,71,5,77.3,1,652,1,1
70,1,15,8.2,105,7,75.8,0,602,0,0
41,0,11,14.9,77,11,102.6,0,703,1,0
50,1,1,12.1,95,2,38.4,1,500,0,0
66,1,21,12.8,0,3,95.2,0,616,0,0
46,0,3,9.7,0,6,96.1,0,716,1,0
60,1,17,1.1,100,6,92.3,0,726,1,1
39,1,19,3.5,50,11,70.6,1,634,1,1
43,0,14,13.9,89,5,59.6,1,522,0,0
45,1,22,5.8,0,3,59.5,0,501,0,0
67,0,23,2.0,15,6,93.4,0,677,1,1
38,1,8,10.7,52,6,69.8,0,700,1,0
66,1,13,4.8,0,5,53.8,0,386,0,0
24,1,20,4.4,17,5,82.5,1,725,1,1
34,1,3,15.0,68,8,103.7,1,800,1,0
37,1,5,12.9,31,9,26.2,0,333,0,0
58,0,9,6.4,77,2,117.2,0,741,1,0
66,1,6,14.7,58,3,29.7,1,378,0,0
37,0,22,9.9,0,4,71.2,0,567,0,0
39,1,2,11.3,0,5,76.0,1,585,1,0
45,0,13,1.0,86,3,33.8,0,409,0,0
57,0,5,2.3,0,4,111.6,1,687,1,0
66,1,8,9.7,22,1,67.1,0,610,0,0
24,0,23,13.5,0,8,34.3,1,438,0,0
18,1,1,9.5,116,4,91.2,0,717,1,0
49,0,20,2.4,2,7,86.3,0,645,1,1
30,0,12,2.2,0,4,116.3,0,767,1,0
47,1,23,12.7,7,5,64.2,1,590,1,1
40,0,11,2.5,100,10,46.8,0,580,0,0
68,0,7,8.0,0,5,26.0,1,277,0,0
36,1,15,1.0,0,7,93.3,1,568,1,0
49,0,22,1.7,11,9,81.7,0,494,1,1
47,1,24,10.2,117,5,117.3,1,693,1,1
46,0,11,10.5,103,12,91.2,1,713,1,0
66,0,22,5.5,25,8,113.3,0,766,1,1
62,1,16,3.6,56,12,119.2,0,800,1,1
46,0,3,12.3,0,8,62.8,1,453,0,0
47,0,20,3.6,0,3,35.0,1,458,0,0
33,0,14,8.4,89,9,39.6,1,474,0,0
57,0,3,14.5,78,2,51.8,1,513,0,0
36,1,1,2.6,27,9,70.9,0,636,1,0
35,0,21,14.1,0,3,32.2,1,364,0,0
18,1,15,3.2,117,6,50.2,0,690,0,0
31,1,1,8.7,0,5,50.8,0,580,0,0
68,0,17,6.0,0,5,20.4,0,271,0,0
64,1,2,14.5,37,6,55.4,0,456,0,0
67,0,20,4.5,0,7,31.6,0,345,0,0
19,1,6,6.3,9,8,63.0,0,607,1,0
45,0,8,14.8,37,6,39.7,0,508,0,0
66,1,16,8.3,68,4,102.2,0,631,1,0
67,1,19,7.8,99,7,28.1,1,463,0,0
47,0,1,4.2,0,4,106.6,0,589,1,0
55,1,3,10.7,58,5,78.1,0,648,0,0
68,1,3,0.7,6,4,65.9,1,587,0,0
21,0,5,1.2,0,2,75.0,0,684,0,0
18,0,12,9.2,92,4,57.6,0,436,0,0
25,1,12,5.5,1,5,32.8,1,564,0,0
46,1,20,14.3,56,5,96.6,0,609,1,0
56,1,13,13.6,0,4,112.8,0,638,1,0
20,1,20,10.8,100,6,115.0,0,687,1,1
49,1,9,12.4,24,9,87.1,1,705,1,0
27,1,7,10.2,0,7,61.0,1,491,1,0
27,0,4,2.3,10,5,67.8,0,491,0,0
36,0,19,11.6,0,5,85.7,1,642,1,0
63,1,22,3.5,0,5,102.3,1,719,1,1
51,1,19,5.2,10,5,57.5,0,535,0,0
50,0,6,12.4,8,5,111.7,0,715,1,0
40,0,13,8.3,86,5,52.4,1,636,0,0
45,1,11,13.0,83,5,73.1,0,610,0,0
49,1,13,3.6,11,5,116.1,0,800,1,0
67,0,13,9.3,67,8,113.8,0,733,1,0
24,0,22,1.7,20,5,89.6,0,597,1,1
46,0,20,9.8,15,8,52.5,0,533,0,0
25,0,15,11.6,120,6,41.9,0,430,0,0
18,0,21,9.0,0,4,28.0,0,365,0,0
20,0,13,4.4,73,3,90.9,1,712,1,0
41,1,22,1.0,78,7,70.3,0,478,1,1
40,0,11,2.2,25,4,77.2,0,506,0,0
25,1,19,9.5,64,4,67.2,1,676,1,1
64,1,8,14.0,8,6,68.3,1,562,1,0
54,0,20,3.5,106,2,77.1,0,544,0,1
20,1,8,11.2,26,3,111.4,0,782,1,0
68,0,10,13.1,63,7,22.9,0,328,0,0
50,1,16,8.1,0,3,100.2,1,731,1,0
45,0,19,10.2,105,4,59.1,0,528,0,0
64,1,23,12.3,37,7,94.5,0,694,1,1
25,1,11,4.3,31,4,114.9,1,774,1,0
51,0,13,4.8,67,2,50.6,0,487,0,0
52,0,9,0.5,0,8,29.0,1,442,0,0
49,1,20,14.5,0,6,43.2,1,439,0,0
41,1,24,13.8,19,6,42.2,0,535,0,0
31,0,19,11.6,46,7,94.2,0,679,1,1
49,1,16,1.6,91,4,26.2,0,469,0,0
63,0,7,7.0,56,12,25.1,1,407,0,0
60,1,19,2.0,54,8,89.4,1,681,1,1
33,0,12,0.7,0,7,75.7,1,615,1,0
21,1,15,9.4,9,4,61.8,0,646,0,0
69,0,23,14.4,0,5,77.5,1,575,0,0
54,0,14,13.6,83,8,93.5,0,686,1,0
38,0,11,10.6,17,7,30.3,0,383,0,0
31,0,10,1.9,110,9,75.3,0,684,1,1
48,1,11,4.5,76,5,102.4,1,777,1,0
65,0,6,5.1,93,3,56.2,1,523,0,0
35,1,2,11.6,0,8,96.3,0,657,1,0
24,0,11,12.1,12,6,104.5,1,800,1,0
27,0,19,6.1,98,4,102.1,0,676,1,1
24,0,6,6.6,0,12,85.0,0,487,1,0
50,0,14,1.1,0,6,91.7,0,619,0,0
40,0,20,4.7,0,9,98.8,1,737,1,0
38,0,6,7.0,33,4,93.4,0,757,1,0
36,1,17,2.2,1,6,65.2,0,575,0,1
65,0,10,7.1,11,4,35.9,1,436,0,0
36,1,1,12.9,118,5,51.0,1,585,1,0
53,1,3,8.9,21,7,40.7,1,489,0,0
46,0,8,1.6,93,6,56.1,0,551,0,0
35,0,8,3.3,41,6,68.9,1,586,1,0
19,1,20,7.4,26,5,115.9,0,800,1,1
18,1,22,5.7,58,6,115.9,0,800,1,1
64,1,15,5.7,109,5,97.0,0,729,1,1
22,0,24,8.2,0,8,118.0,1,757,1,1
37,1,7,9.0,42,5,119.8,0,800,1,0
28,1,11,12.1,17,4,108.5,0,800,1,0
59,1,7,5.4,42,8,28.0,0,435,0,0
19,1,4,12.2,13,9,62.6,0,552,1,0
20,0,12,5.4,71,4,73.4,0,588,1,0
40,0,6,1.3,1,4,32.4,0,434,0,0
29,1,14,8.5,109,9,100.9,1,715,1,0
37,1,12,9.0,75,4,34.9,0,441,0,0
22,0,11,14.1,0,6,58.3,1,509,0,0
54,0,19,11.0,78,8,26.9,1,426,0,0
55,0,21,13.8,88,1,72.5,1,497,1,0
47,0,5,13.7,67,8,79.7,0,600,0,0
26,1,14,9.3,27,10,93.5,1,706,1,0
51,1,21,8.2,0,5,53.9,0,476,0,0
70,0,24,8.6,3,5,79.1,0,641,0,1
61,0,16,14.7,97,5,93.4,1,793,1,0
52,0,13,11.7,90,8,96.2,1,735,1,0
69,0,22,2.0,0,5,50.2,0,357,0,0
39,1,22,11.8,80,5,26.8,0,411,0,0
61,1,20,3.0,96,4,23.8,1,469,0,1
41,1,22,7.0,106,3,96.8,1,759,1,1
34,0,4,3.6,82,4,58.5,0,599,0,0
27,1,11,10.5,28,6,33.4,0,455,0,0
47,1,17,13.2,0,7,38.4,0,404,0,0
63,1,7,4.7,58,7,96.6,1,800,1,0
40,0,14,1.7,90,4,79.9,0,617,1,1
49,0,11,4.8,44,6,70.1,1,525,1,0
34,0,22,10.2,0,3,82.3,1,689,1,0
67,0,9,5.3,83,2,33.7,1,341,0,0
68,0,23,4.5,111,5,51.9,1,299,0,1
34,0,13,3.2,11,5,57.4,0,574,0,0
31,1,23,7.7,48,4,51.4,0,590,0,1
26,1,18,4.5,57,5,106.4,0,777,1,1
57,0,11,11.1,0,6,78.1,0,466,0,0
19,0,15,1.6,78,7,92.9,0,684,1,1
62,1,22,10.1,5,4,43.7,0,465,0,0
42,1,19,3.9,27,5,46.4,1,490,0,0
56,1,1,7.6,77,9,42.5,1,588,0,0
26,1,4,4.6,0,5,88.8,0,578,1,0
39,1,14,11.0,0,6,54.9,0,513,0,0
60,1,14,14.2,0,7,60.5,0,575,0,0
63,0,3,13.8,4,5,90.9,1,684,1,0
21,0,17,9.0,68,10,117.2,0,800,1,1
43,0,3,7.2,60,0,36.2,1,496,0,0
46,0,16,12.4,0,6,26.3,1,395,0,0
62,0,14,10.4,109,5,39.5,1,474,0,0
51,1,20,3.2,76,7,93.5,1,747,1,1
40,1,13,12.4,0,2,39.5,1,435,0,0
54,1,15,6.7,117,7,78.4,1,578,1,1
28,0,14,3.2,71,7,79.0,0,670,1,1
23,1,24,4.6,14,5,49.4,0,612,0,1
35,1,19,4.4,41,2,26.9,1,465,0,0
38,0,6,8.0,21,11,59.9,0,498,0,0
59,1,10,3.9,49,4,38.7,0,367,0,0
53,0,15,2.3,0,6,38.4,1,414,0,0
58,0,21,2.3,73,6,72.3,1,520,1,1
55,1,22,9.0,98,3,87.3,0,568,1,1
51,0,20,11.2,28,8,27.5,0,394,0,0
34,0,6,5.2,2,13,77.8,0,560,1,0
54,1,23,1.0,30,6,44.6,0,506,0,1
42,1,10,2.3,118,3,87.3,1,682,1,0
55,0,7,13.8,0,6,101.0,1,632,1,0
29,0,22,7.7,38,7,100.7,1,630,1,1
40,0,17,7.1,22,10,57.0,0,474,0,0
70,1,18,1.1,0,3,76.7,0,510,0,0
59,0,17,11.1,107,7,99.4,1,626,1,0
39,0,9,8.2,0,8,26.1,0,328,0,0
38,1,10,3.4,2,9,80.6,0,586,1,0
44,1,10,2.1,22,3,103.7,1,738,1,0
48,0,7,6.1,106,8,57.2,1,546,0,0
23,1,16,12.6,59,10,65.5,0,540,1,0
44,1,18,13.0,113,3,89.9,0,692,1,0
57,0,6,9.2,107,10,26.8,0,307,0,0
51,0,20,11.0,0,3,58.6,1,443,0,0
29,1,1,2.2,31,4,49.6,1,551,1,0
62,0,1,9.0,0,8,21.7,0,364,0,0
70,1,12,10.2,0,8,39.6,0,468,0,0
24,0,21,3.4,0,5,59.6,1,633,0,0
27,0,2,13.3,107,9,39.7,0,440,0,0
62,0,4,3.3,0,5,80.2,1,566,0,0
34,0,17,5.0,30,4,64.9,1,511,1,1
43,0,4,9.5,0,9,23.9,1,291,0,0
38,0,11,9.8,0,7,47.5,1,488,0,0
45,1,22,10.6,0,10,21.9,0,313,0,0
63,1,4,2.1,30,5,55.8,0,600,0,0
19,1,1,12.8,113,6,45.9,1,455,1,0
60,1,7,8.2,0,5,88.8,0,648,0,0
18,0,18,7.3,33,6,50.7,0,451,0,0
68,1,9,14.7,118,3,57.5,0,482,0,0
70,0,3,11.2,0,7,92.5,0,626,0,0
53,1,8,2.2,0,4,68.1,0,494,0,0
68,1,24,11.5,30,9,75.6,1,588,1,1
43,1,19,1.9,9,7,104.1,0,689,1,1
46,1,4,0.9,49,8,40.7,0,588,0,0
38,1,18,6.4,0,7,118.9,0,724,1,0
28,0,20,14.9,84,4,110.0,0,741,1,0
57,0,11,3.0,34,5,48.7,1,491,0,0
28,1,14,10.3,0,4,109.3,0,730,1,0
53,0,18,3.0,0,6,95.4,0,588,0,0
66,1,16,11.0,79,6,113.1,0,736,1,0
56,1,3,7.8,50,7,89.1,1,713,1,0
57,0,15,10.4,20,5,87.4,0,565,1,0
52,1,4,3.4,81,4,20.3,0,461,0,0
51,1,5,11.3,0,5,67.5,0,605,0,0
64,1,17,14.9,94,5,40.0,0,503,0,0
41,1,7,10.2,15,3,52.4,0,537,0,0
39,1,16,7.7,30,6,117.9,1,643,1,1
22,1,14,13.9,44,6,28.6,0,484,0,0
50,1,16,0.7,58,7,92.2,1,686,1,1
53,0,7,11.1,82,6,37.3,0,415,0,0
64,0,9,13.4,118,2,20.7,0,236,0,0
37,1,4,1.4,0,9,70.1,1,609,1,0
36,0,22,7.0,0,9,36.1,0,302,0,0
52,1,11,3.5,0,6,116.5,1,763,1,0
69,1,2,8.7,0,7,40.4,1,488,0,0
60,0,12,9.9,63,8,39.2,1,422,0,0
34,1,12,4.9,0,10,23.2,0,449,0,0
62,1,4,7.2,28,5,53.0,0,467,0,0
60,1,18,4.6,54,8,22.4,0,421,0,0
51,0,21,5.9,11,6,69.9,0,480,0,1
26,0,7,2.8,0,6,70.6,0,609,0,0
43,0,1,13.3,0,9,25.3,0,405,0,0
19,1,23,0.6,0,4,44.0,0,501,0,0
70,0,13,13.3,24,2,103.2,0,648,1,0
26,1,6,8.8,0,3,66.3,1,496,1,0
26,0,6,5.3,0,3,63.5,1,510,0,0
57,0,12,11.0,0,6,89.9,0,672,0,0
34,1,8,7.9,52,5,91.5,1,733,1,0
18,1,24,7.7,51,4,96.2,0,620,1,1
42,0,22,2.1,0,2,103.0,0,599,1,0
60,0,19,6.1,76,4,43.2,0,517,0,0
57,0,5,4.0,61,8,26.6,1,439,0,0
59,1,18,0.7,109,9,58.0,0,468,0,1
42,1,5,5.7,68,6,105.5,0,636,1,0
56,0,10,1.8,54,3,27.8,1,381,0,0
52,0,1,4.2,0,4,77.6,0,431,0,0
20,0,10,1.8,0,8,90.1,1,644,1,0
67,1,5,2.0,40,8,68.1,0,726,0,0
54,1,12,3.4,0,5,45.5,1,378,0,0
61,0,22,15.0,26,7,52.6,1,494,0,0
61,1,7,0.5,77,5,27.2,1,506,0,0
68,0,9,9.8,57,9,49.3,1,534,0,0
47,0,22,2.5,0,7,24.4,1,368,0,0
55,1,21,13.8,0,11,92.6,0,625,1,0
51,1,12,1.9,64,4,109.8,1,717,1,0
29,1,23,14.3,109,9,83.4,1,665,1,1
36,1,1,9.4,30,4,85.7,0,671,1,0
54,0,11,0.5,1,1,67.2,1,629,0,0
61,1,21,13.5,82,3,35.6,0,400,0,0
66,0,15,8.1,68,5,20.8,0,352,0,0
34,1,2,4.3,0,10,54.4,0,441,0,0
27,0,20,11.6,106,6,95.1,0,687,1,1
66,1,7,13.9,60,8,116.0,0,800,1,0
64,0,21,7.5,98,9,63.1,0,566,0,1
29,0,12,5.1,0,8,56.5,0,407,0,0
33,1,22,11.9,16,6,64.6,0,598,0,1
41,0,18,10.4,94,4,62.8,1,519,1,0
36,1,3,13.4,82,2,82.6,0,725,1,0
25,0,7,10.5,92,5,93.4,0,670,1,0
48,0,11,4.0,65,7,98.5,0,585,1,0
38,0,18,14.0,46,4,85.0,0,629,1,0
34,0,12,2.0,36,4,63.8,0,580,0,0
40,1,6,4.4,17,9,115.0,0,790,1,0
54,0,5,8.0,39,7,91.1,1,643,1,0
33,1,1,8.7,9,7,62.7,1,563,1,0
23,1,12,0.7,32,3,64.7,0,527,1,0
25,0,11,11.8,0,7,101.8,0,647,1,0
42,1,4,5.7,0,6,64.1,1,511,1,0
35,1,18,6.4,36,4,71.6,0,660,1,1
42,1,4,12.2,24,8,49.2,0,452,0,0
29,0,17,6.0,15,6,103.9,1,737,1,1
32,0,2,1.2,0,7,72.2,1,581,1,0
43,1,24,3.1,0,6,75.3,0,645,0,1
58,1,22,14.4,94,2,108.1,0,800,1,0
62,1,2,1.5,5,6,112.1,0,784,1,0
43,0,12,5.6,90,7,102.4,0,722,1,0
64,1,6,7.8,64,5,26.5,1,362,0,0
49,0,10,7.7,62,6,64.4,0,487,0,0
27,1,23,0.6,52,6,54.3,1,519,1,1
33,0,21,7.8,0,6,41.4,0,468,0,0
24,1,23,6.1,44,8,110.9,0,774,1,1
34,0,16,14.6,33,5,109.0,0,787,1,0
40,0,14,2.8,0,3,66.5,0,570,0,0
43,1,7,5.6,38,5,33.5,0,406,0,0
38,0,19,6.6,39,8,21.3,1,411,0,0
39,0,23,6.2,23,6,63.8,1,575,1,1
24,0,17,10.2,116,6,24.0,1,409,0,0
31,1,9,3.6,9,6,81.0,1,638,1,0
32,1,13,3.7,0,8,80.8,1,714,1,0
70,0,22,11.1,0,2,109.9,0,678,1,0
24,1,5,7.8,106,6,39.0,0,496,0,0
26,1,23,6.5,0,6,57.1,1,499,1,0
68,0,5,3.0,88,7,106.0,0,725,1,0
65,1,10,3.2,69,7,67.4,0,502,0,0
25,1,21,0.7,0,1,26.0,1,453,0,0
67,1,10,1.8,0,7,31.1,1,448,0,0
40,0,7,8.6,10,8,101.3,0,661,1,0
46,1,15,13.4,42,5,94.4,0,714,1,0
35,1,7,4.7,23,7,107.6,0,772,1,0
48,0,15,5.3,60,5,31.9,0,406,0,0
47,0,3,2.2,62,6,96.0,0,660,1,0
69,0,19,6.1,97,6,85.5,1,644,1,1
56,0,10,1.0,28,14,43.2,0,454,0,0
52,1,15,13.8,81,6,117.4,0,781,1,0
35,0,3,10.3,0,6,77.0,1,514,1,0
59,0,6,14.9,0,7,110.7,0,664,1,0
56,1,12,13.3,0,2,105.9,1,730,1,0
34,0,15,7.4,0,6,53.3,0,475,0,0
31,1,6,8.0,79,5,73.6,1,704,1,0
48,0,13,3.3,51,11,63.1,0,566,0,1
41,0,19,7.2,92,4,90.9,0,601,1,1
52,0,3,13.6,91,9,78.8,0,593,0,0
61,0,8,1.2,0,15,98.5,1,636,1,0
62,0,8,13.0,0,4,21.2,0,316,0,0
51,1,23,5.4,73,6,88.8,0,671,1,1
20,1,20,13.5,78,11,51.9,1,612,1,0
54,0,15,14.1,47,6,42.4,0,465,0,0
60,1,4,10.2,30,5,100.1,1,794,1,0
57,1,19,10.1,94,7,28.9,1,470,0,0
43,1,21,7.1,84,5,42.8,1,468,0,0
40,0,3,12.6,65,12,40.4,1,446,0,0
61,0,13,14.4,115,6,62.0,0,566,0,0
56,0,8,11.7,39,5,52.2,1,406,0,0
32,1,23,9.5,0,0,92.0,0,582,1,0
66,1,16,9.3,113,7,89.9,0,658,1,0
21,0,13,12.8,43,10,52.5,0,577,0,0
46,0,3,8.3,0,4,63.7,0,577,0,0
39,1,16,12.2,60,3,40.8,0,478,0,0
42,1,9,7.9,0,9,87.1,1,707,1,0
30,1,14,1.4,86,9,59.6,1,607,1,0
35,1,13,6.1,71,5,33.3,1,388,0,0
50,0,21,6.9,103,6,32.7,0,421,0,1
33,1,7,2.6,24,8,52.2,0,490,0,0
62,1,15,2.0,15,7,94.7,1,770,1,1
59,0,7,8.3,4,8,22.6,0,359,0,0
61,1,6,1.7,96,6,45.8,1,426,0,0
19,1,2,4.9,57,9,36.2,1,420,0,0
52,0,9,11.3,89,8,115.6,0,740,1,0
59,1,22,14.5,71,0,90.5,0,514,1,0
51,1,24,10.9,61,7,43.3,0,459,0,1
47,1,17,14.9,0,4,40.7,0,462,0,0
30,0,5,10.6,24,3,105.8,0,658,1,0
30,0,12,4.8,63,5,39.0,1,529,0,0
35,1,1,10.2,10,8,119.7,0,800,1,0
49,0,10,10.7,69,5,48.2,0,425,0,0
49,1,11,5.9,100,5,28.4,0,405,0,0
52,1,16,0.8,110,4,89.1,0,734,1,1
56,0,14,10.7,0,7,81.0,1,584,1,0
63,1,8,0.8,40,4,120.0,0,691,1,0
69,1,24,9.7,0,7,100.2,1,672,1,0
46,0,17,2.9,89,6,62.9,1,515,1,1
66,1,18,8.7,20,6,87.7,1,734,1,1
46,1,12,7.8,27,9,101.8,0,756,1,0
70,1,17,0.7,24,6,71.4,0,563,0,1
61,1,14,5.8,0,5,47.3,1,492,0,0
33,0,16,9.2,45,7,41.0,1,404,0,0
61,1,14,12.8,97,6,49.5,1,483,0,0
64,1,9,13.4,0,9,104.8,0,780,1,0
27,1,4,7.5,15,5,58.0,0,569,0,0
47,1,23,11.1,57,9,48.7,1,596,0,1
42,0,11,5.1,36,3,100.6,0,704,1,0
56,1,6,5.5,112,9,23.2,0,470,0,0
37,0,15,3.3,92,5,79.4,0,498,1,1
22,0,5,8.6,0,6,107.4,1,717,1,0
18,0,11,5.1,0,10,61.0,0,620,0,0
47,1,18,1.7,9,8,46.9,0,555,0,1
66,1,13,10.4,1,4,69.2,0,666,0,0
20,1,11,10.8,0,8,91.7,0,655,1,0
62,1,14,5.7,71,3,71.7,1,576,1,0
31,1,18,1.6,31,7,20.8,0,339,0,1
47,1,19,6.7,82,7,27.8,0,369,0,0
67,1,24,6.9,14,6,92.1,0,714,1,1
21,0,15,10.2,98,5,60.0,0,568,0,0
35,0,9,5.1,116,8,98.5,0,680,1,0
54,1,8,10.4,0,6,84.9,1,661,1,0
42,1,20,13.1,83,8,78.2,1,674,1,1
65,0,1,3.9,8,5,110.1,0,759,1,0
18,0,4,14.7,0,8,22.1,0,413,0,0
70,1,14,6.1,73,5,35.5,0,372,0,0
63,0,2,4.4,31,7,82.4,1,634,1,0
32,1,16,6.6,0,6,26.6,0,288,0,0
26,1,3,1.9,71,5,84.5,0,674,1,0
32,0,8,2.3,43,3,118.4,1,800,1,0
66,0,6,6.5,57,7,107.9,0,624,1,0
41,1,16,11.6,43,5,79.1,0,617,1,0
21,1,24,13.6,0,7,109.4,0,731,1,0
29,1,16,10.1,49,5,31.6,0,480,0,0
54,1,7,2.0,0,5,65.5,1,532,0,0
54,0,13,10.2,15,11,62.9,1,483,1,0
60,1,13,9.7,0,5,53.6,0,467,0,0
23,1,5,12.2,0,4,20.0,0,276,0,0
56,1,20,12.5,17,4,109.1,0,726,1,0
63,0,22,13.1,0,7,97.8,0,604,0,0
41,1,18,6.5,82,0,85.3,0,660,1,0
28,1,15,10.6,0,4,32.9,0,382,0,0
30,0,18,4.4,0,7,57.8,0,399,0,0
51,0,2,15.0,0,4,112.4,0,674,1,0
42,1,10,3.0,81,2,81.7,0,709,1,0
24,0,23,0.6,105,7,80.3,0,694,1,1
69,0,13,2.7,114,5,111.3,0,800,1,1
21,0,18,11.8,0,3,76.0,0,669,0,0
25,1,15,7.0,68,6,79.8,0,589,1,0
37,1,12,7.0,0,6,54.6,0,486,0,0
46,1,15,14.3,88,4,57.1,1,578,1,0
70,0,13,13.8,120,5,88.6,0,614,0,0
68,1,18,5.0,0,5,52.0,0,476,0,0
62,1,15,3.5,83,6,75.9,0,755,0,1
63,1,23,12.8,0,5,47.9,1,422,0,0
27,1,11,13.6,54,7,36.6,1,465,0,0
60,0,19,8.4,2,1,65.4,0,635,0,0
51,1,3,9.6,9,7,41.7,1,472,0,0
43,0,7,4.2,0,1,109.8,1,733,1,0
58,1,21,12.1,0,7,50.4,0,527,0,0
66,0,14,9.7,0,3,79.7,1,595,0,0
20,0,14,7.8,85,9,46.3,0,506,0,0
23,0,22,1.4,29,8,45.8,0,538,0,1
22,1,13,13.8,0,11,55.1,1,487,1,0
22,0,12,9.4,20,7,111.6,1,740,1,0
64,1,24,3.3,73,7,59.1,0,568,0,1
40,0,9,9.3,113,5,102.1,0,581,1,0
66,0,1,10.3,23,3,39.7,1,537,0,0
26,1,19,8.1,0,2,24.8,1,435,0,0
52,0,11,10.9,13,7,98.2,0,687,1,0
37,0,23,8.9,38,7,74.2,0,483,0,1
66,1,22,14.2,94,3,70.4,0,505,0,0
59,0,23,1.3,0,6,47.2,0,404,0,0
52,0,24,2.0,31,3,27.2,1,467,0,1
67,0,22,3.0,95,11,68.3,0,424,0,1
35,1,19,10.5,44,7,106.7,1,800,1,1
34,1,18,9.9,0,7,32.0,1,425,0,0
41,1,12,13.4,90,5,112.9,0,748,1,0
20,1,23,11.1,42,9,47.5,0,534,0,1
49,0,1,7.9,47,4,73.2,0,585,0,0
52,0,19,14.9,102,6,26.7,0,342,0,0
55,1,20,4.4,58,2,62.5,0,591,0,1
30,0,17,12.6,116,2,32.6,0,290,0,0
64,0,5,6.7,0,7,24.8,0,307,0,0
42,0,3,9.9,0,9,116.7,0,720,1,0
26,0,2,11.0,28,8,93.0,0,653,1,0
21,1,3,9.7,37,7,91.9,0,592,1,0
31,0,8,2.5,59,4,29.1,1,488,0,0
54,1,16,6.9,0,9,112.9,0,644,1,0
51,0,6,8.6,0,4,66.9,1,535,0,0
28,1,13,12.8,21,6,105.2,1,787,1,0
58,0,23,6.9,108,4,21.3,1,398,0,1
20,0,22,13.8,35,6,49.8,1,603,1,0
45,1,22,6.9,59,4,119.6,0,797,1,1
46,1,16,8.5,71,4,62.8,0,592,0,0
26,0,16,12.0,64,7,108.8,0,743,1,0
20,0,3,9.0,74,7,52.8,0,561,0,0
42,0,13,14.4,72,5,72.5,0,672,0,0
51,0,14,10.1,69,7,105.4,0,705,1,0
29,0,8,8.1,111,10,80.6,0,668,1,0
59,1,12,0.8,0,3,92.5,0,732,0,0
26,0,23,6.5,51,3,42.9,0,559,0,1
32,0,23,4.8,65,5,35.6,0,411,0,1
57,1,22,11.3,79,5,43.0,0,547,0,0
42,1,21,3.5,105,6,69.3,1,645,1,1
22,1,8,3.5,116,3,100.1,1,800,1,0
28,0,21,3.2,55,4,55.4,0,552,0,1
51,0,9,2.3,0,4,76.5,1,598,0,0
41,1,1,5.0,49,4,100.5,0,748,1,0
32,0,6,13.3,21,6,43.9,0,496,0,0
55,0,23,11.7,58,6,108.3,0,723,1,1
25,1,19,11.2,0,11,115.3,1,777,1,0
22,1,23,12.1,66,12,23.9,0,412,0,1
65,1,11,4.4,49,4,25.9,0,514,0,0
43,0,11,13.4,0,3,29.1,1,409,0,0
35,0,23,2.5,63,6,97.7,0,655,1,1
23,1,13,5.4,0,8,38.9,1,449,0,0
54,0,11,9.0,119,4,92.6,0,705,1,0
65,1,18,2.0,44,4,64.1,0,515,0,1
30,1,23,11.1,64,10,103.6,1,681,1,1
45,1,15,6.1,0,7,100.9,0,589,1,0
22,0,1,11.9,6,8,116.0,1,692,1,0
30,0,21,7.6,113,8,45.1,1,434,0,1
34,1,7,3.1,0,5,42.9,1,403,0,0
67,1,23,11.2,0,2,23.2,0,443,0,0
57,1,13,4.2,0,2,61.0,0,518,0,0
62,0,12,7.6,0,5,65.9,0,477,0,0
49,0,18,1.6,0,3,116.5,0,623,1,0
46,1,24,9.5,65,7,103.1,1,742,1,1
68,1,19,10.2,116,4,36.7,0,331,0,0
20,1,15,6.0,59,3,99.8,1,730,1,0
57,0,8,14.3,84,9,37.8,1,579,0,0
51,1,19,13.2,75,9,27.8,1,486,0,0
57,1,10,10.8,78,6,103.7,1,737,1,0
44,1,7,10.8,58,4,117.6,1,800,1,0
30,0,18,4.2,106,6,28.8,1,407,0,0
62,0,16,10.0,88,4,101.4,1,649,1,0
50,1,20,3.4,106,5,105.9,1,800,1,1
23,0,6,2.6,33,3,31.9,1,379,0,0
41,0,9,15.0,4,6,48.3,1,489,0,0
36,1,21,9.5,31,6,93.4,0,710,1,1
33,0,13,6.7,78,5,100.8,0,637,1,0
57,1,21,4.7,91,5,55.4,0,566,0,1
45,0,8,9.3,111,3,36.0,0,409,0,0
50,1,16,1.2,106,5,84.8,0,684,1,1
65,1,13,1.9,0,11,90.2,1,671,1,0
58,0,13,1.0,68,7,70.4,1,568,1,1
30,0,17,7.7,42,4,34.5,0,529,0,0
60,0,23,9.2,0,5,104.4,1,647,1,0
62,0,20,1.4,60,13,84.5,1,724,1,1
42,1,5,11.0,57,7,106.9,1,800,1,0
70,1,22,3.8,51,4,113.3,1,800,1,1
59,0,21,10.4,0,4,100.6,0,650,0,0
53,0,17,14.7,87,7,115.9,0,687,1,0
44,0,9,10.5,63,8,115.4,0,800,1,0
55,1,2,13.3,1,8,81.9,0,622,1,0
24,0,18,14.2,97,10,92.8,0,636,1,0
22,1,9,7.6,21,5,89.9,1,702,1,0
60,1,6,10.7,96,6,82.1,1,606,1,0
62,1,11,12.9,30,4,21.9,0,425,0,0
68,0,6,5.7,103,5,55.6,0,449,0,0
48,1,6,4.3,40,4,30.0,0,414,0,0
40,0,13,14.2,77,12,50.0,0,556,0,0
59,0,11,11.0,24,9,26.9,1,435,0,0
27,1,14,3.7,0,9,112.0,0,742,1,0
49,1,2,7.0,109,5,65.1,1,618,1,0
60,0,8,12.0,105,5,38.9,1,460,0,0
70,0,3,8.4,54,8,78.5,0,558,0,0
47,0,23,9.9,1,10,39.6,1,471,0,1
56,0,21,11.4,43,10,100.4,0,705,1,1
48,0,3,9.5,97,8,50.6,0,489,0,0
35,0,1,8.3,26,3,51.5,1,553,0,0
53,0,24,11.4,0,6,107.0,1,639,1,0
19,1,19,11.0,115,4,75.9,0,596,1,0
31,1,18,9.6,73,10,108.7,0,714,1,1
30,1,17,5.7,32,6,61.3,0,532,0,1
46,0,20,6.4,38,7,54.4,0,574,0,0
29,1,24,14.6,88,6,70.6,1,679,1,1
56,1,13,2.1,0,10,26.1,0,305,0,0
19,1,3,4.4,103,5,35.4,1,538,0,0
49,1,1,7.6,38,7,42.0,0,459,0,0
30,1,4,12.6,0,7,101.7,1,674,1,0
63,1,13,2.9,30,4,93.4,0,590,1,0
44,0,17,4.5,83,4,39.3,0,501,0,0
66,1,11,1.5,0,7,47.7,0,368,0,0
58,1,2,10.7,48,7,114.4,0,768,1,0
34,1,16,4.0,42,10,28.6,0,392,0,0
57,1,2,6.1,72,4,74.7,1,668,1,0
48,0,19,6.9,104,4,72.2,1,587,1,1
51,0,23,13.4,30,5,92.6,0,636,1,1
41,1,19,6.5,34,7,46.1,0,489,0,0
62,1,16,2.6,18,7,113.5,0,775,1,1
52,1,22,8.1,93,9,61.1,1,588,1,1
65,0,19,14.5,1,5,48.6,0,461,0,0
23,0,9,9.3,113,7,53.7,0,479,0,0
36,1,1,14.8,0,7,54.9,0,406,0,0
47,1,10,12.7,0,4,39.9,0,367,0,0
24,1,19,1.0,71,7,112.8,0,800,1,1
27,0,1,10.0,0,9,37.5,0,399,0,0
58,1,2,4.7,93,1,108.3,0,707,1,0
49,0,16,8.6,61,8,60.5,0,442,0,1
51,1,12,4.6,80,6,46.9,1,425,0,0
45,0,8,5.6,28,9,39.9,1,426,0,0
32,0,23,13.9,33,5,70.4,0,642,0,1
47,1,18,3.5,76,7,86.9,0,624,1,1
54,1,2,13.2,113,6,109.8,1,797,1,0
46,0,13,0.9,0,10,85.2,0,540,0,0
39,1,6,1.8,57,6,68.4,0,629,0,0
21,0,21,12.9,109,5,23.3,1,403,0,0
37,0,6,9.6,0,7,111.5,0,632,1,0
49,0,9,11.3,72,7,110.2,0,716,1,0
53,0,16,3.5,13,7,57.9,0,626,0,0
67,1,11,8.3,0,7,22.9,0,459,0,0
21,0,7,11.2,88,6,93.3,1,733,1,0
44,1,10,9.6,27,6,99.2,1,732,1,0
34,1,10,7.3,101,5,74.2,1,656,1,0
29,0,20,14.4,95,4,60.3,1,584,1,0
39,1,18,10.3,75,6,105.1,0,744,1,1
34,0,24,13.7,89,7,39.3,1,496,0,0
27,1,20,11.1,0,6,64.0,1,575,1,0
18,0,9,11.2,0,3,22.4,0,337,0,0
39,0,15,1.7,0,6,36.4,0,328,0,0
43,0,4,5.7,83,7,114.1,0,724,1,0
35,0,8,12.9,11,8,77.8,1,678,1,0
67,0,9,3.9,21,8,100.6,1,689,1,0
31,1,13,2.2,0,4,68.7,0,572,0,0
64,1,9,5.2,110,3,103.5,0,693,1,0
46,1,4,3.7,0,9,73.9,1,529,1,0
29,1,17,13.9,0,10,20.5,0,366,0,0
53,0,16,13.1,79,6,110.0,0,659,1,0
52,0,15,7.7,0,8,34.9,1,348,0,0
69,0,3,1.4,0,6,65.1,1,592,0,0
29,0,20,10.9,14,5,67.7,0,542,0,1
24,1,5,9.5,1,8,24.7,1,406,0,0
46,1,23,14.6,5,5,25.3,1,541,0,0
28,0,5,8.6,0,4,96.3,0,684,1,0
50,0,20,5.4,16,8,50.0,0,466,0,1
23,1,15,8.0,0,8,61.0,0,573,0,0
64,1,18,14.7,0,10,76.4,0,553,0,0
32,0,15,10.6,36,7,57.3,0,479,0,0
49,1,2,10.2,23,2,97.5,0,742,1,0
68,1,13,4.0,68,4,108.4,0,719,1,0
28,0,4,11.3,49,6,26.0,0,400,0,0
40,0,10,11.4,0,3,83.5,0,645,0,0
43,1,13,5.1,100,4,51.8,0,589,0,0
51,1,10,7.5,83,8,78.3,0,596,1,0
63,1,9,4.8,119,2,68.4,1,631,1,0
51,0,8,4.3,79,5,53.4,0,428,0,0
46,0,3,0.9,49,6,29.5,0,439,0,0
21,1,16,4.6,11,6,75.9,0,653,1,1
34,1,14,8.5,0,8,31.3,1,463,0,0
52,0,9,0.5,15,4,35.6,0,397,0,0
30,1,21,4.6,0,5,118.2,1,800,1,0
58,1,11,13.3,77,5,51.7,1,480,0,0
56,1,3,9.1,28,8,78.4,0,683,1,0
32,1,5,9.3,0,5,47.2,0,414,0,0
46,1,10,6.3,73,5,106.6,1,787,1,0
46,0,13,10.3,90,5,48.3,0,524,0,0
28,1,4,3.3,31,5,56.7,0,556,0,0
69,0,24,12.4,0,10,80.8,0,523,0,0
49,1,13,2.2,53,6,107.0,1,775,1,1
19,0,12,10.0,71,6,101.6,0,740,1,0
64,1,5,5.4,0,12,46.4,0,555,0,0
31,0,10,11.3,10,10,103.0,0,656,1,0
37,0,24,8.5,0,4,90.1,0,587,0,0
39,0,9,7.1,1,9,119.0,1,800,1,0
28,0,20,3.0,0,5,113.5,0,693,1,0
44,1,7,9.7,0,6,73.3,1,579,1,0
20,1,2,14.6,114,5,95.0,0,781,1,0
