brand,mileage_km,load_weight,route_type,driver_exp,terrain,speed_avg,temp_outside,fuel_consumption_l_100km
2,20725,8.3,0,3,2,79.6,32,31.0
2,5111,9.1,2,30,0,61.9,24,34.4
3,17739,5.9,2,21,0,56.4,-18,32.3
0,22766,9.1,2,28,2,56.2,15,36.3
3,17394,19.1,2,27,2,48.5,-7,32.8
1,22773,15.7,0,7,2,67.4,29,32.9
3,22537,12.6,1,24,1,64.0,31,30.8
1,13534,17.0,1,26,1,54.8,-14,35.6
3,14438,20.5,2,7,1,49.9,29,31.3
2,23625,2.4,0,6,0,67.9,21,35.5
3,24771,17.3,1,18,0,90.0,-24,35.9
1,22894,9.9,0,13,0,70.2,-12,29.2
0,6343,15.0,0,1,1,61.9,38,33.2
2,17151,16.6,0,26,2,85.0,-18,37.4
1,6452,9.0,1,15,0,85.6,-22,32.3
1,15849,2.1,2,19,2,59.2,10,32.3
2,15715,13.4,1,18,2,54.2,1,32.7
3,11701,21.2,1,28,1,94.1,-22,35.5
3,15958,2.1,2,17,0,70.1,-21,31.5
1,15913,18.6,1,16,0,79.0,-22,32.1
0,21131,19.2,2,6,1,76.6,0,37.5
2,22141,11.7,1,8,2,44.7,14,35.2
2,11364,12.5,1,9,1,81.3,-4,39.7
0,11115,15.6,0,30,0,47.6,-11,35.0
2,7878,11.5,0,17,2,84.6,-10,32.9
2,19852,6.5,1,3,2,76.8,10,40.6
2,13102,16.8,0,18,1,46.7,28,39.0
3,24957,8.7,2,30,1,57.8,10,30.1
1,19361,19.3,1,7,2,84.4,-4,37.8
2,24468,11.2,0,29,2,49.5,12,36.2
2,17913,15.8,2,7,1,57.3,36,38.0
2,24462,11.0,1,18,2,84.7,26,38.2
1,12427,2.1,2,14,2,60.6,27,30.8
0,18838,8.9,2,15,2,51.5,30,32.0
1,14504,8.7,1,28,0,77.6,-4,29.3
2,24645,14.7,1,17,2,52.8,12,35.6
3,9976,8.2,0,21,1,94.0,-11,32.2
1,10397,15.9,0,9,0,75.8,14,30.0
1,5687,7.8,2,1,0,59.4,17,29.8
1,14666,5.3,1,20,1,86.5,-3,31.9
2,21115,2.4,1,9,0,71.1,14,36.8
2,9591,14.5,2,21,1,55.5,36,36.6
3,8892,12.0,2,9,2,40.0,-23,35.4
3,17087,12.6,2,30,0,42.9,-1,35.8
0,17222,20.9,2,16,0,77.4,30,40.3
2,8860,9.7,0,16,0,62.1,0,34.6
2,23407,8.5,0,30,2,55.5,-9,39.3
1,14743,13.0,0,18,1,46.5,9,30.8
3,5268,9.4,0,10,0,44.0,27,30.1
3,8561,3.8,2,21,1,58.4,-17,34.1
1,14984,14.8,2,26,0,82.8,35,31.0
3,23879,18.6,2,7,2,76.2,37,30.1
0,22986,13.4,0,1,1,77.1,15,35.1
2,22942,12.8,0,26,0,51.6,20,35.4
2,20487,23.6,0,5,0,91.3,-16,37.3
1,17820,12.6,2,4,2,58.3,-5,33.7
2,17310,10.1,1,24,1,65.8,16,36.4
3,17505,5.2,1,4,0,87.7,34,24.9
0,10015,15.5,2,22,1,61.2,13,36.0
0,7793,4.3,0,6,1,63.3,-23,28.7
3,10184,18.6,2,9,2,94.4,-21,41.3
2,10895,5.5,1,7,2,65.7,19,33.9
2,23864,20.9,2,28,2,82.6,33,40.5
1,21880,17.5,1,14,2,73.3,-24,36.1
1,24519,16.2,0,15,2,52.7,12,34.7
0,18089,14.5,2,8,0,84.6,-5,36.6
2,15140,13.2,0,26,1,93.9,-3,35.4
2,5505,6.7,1,28,2,84.0,-24,35.2
1,11871,19.0,0,16,2,84.2,-1,35.4
3,6431,11.7,0,28,0,81.0,34,25.3
2,21335,10.9,1,6,1,85.3,-1,39.3
3,21401,9.7,1,3,0,43.2,-9,32.8
2,10211,5.0,1,9,1,76.9,37,34.9
3,6944,9.9,0,15,0,42.1,-7,30.9
1,22777,6.1,0,23,2,61.9,-2,31.4
0,8295,10.5,2,15,0,42.1,9,33.9
0,10359,9.1,2,28,1,55.7,20,32.5
0,17730,9.0,0,21,1,60.3,13,34.7
2,16629,20.8,2,21,2,84.4,32,43.0
3,5480,13.4,0,20,1,76.5,17,32.1
0,8924,18.0,0,30,2,79.1,-12,34.4
0,16028,17.6,1,21,2,65.7,21,37.1
1,13075,6.9,1,12,0,76.1,36,27.3
2,22969,5.7,0,28,1,94.3,32,36.4
2,22959,18.5,1,6,1,88.4,-2,42.0
2,5930,16.7,1,2,0,70.4,-23,38.4
2,8093,11.3,2,4,2,76.2,11,35.4
2,18188,15.7,0,28,2,81.4,0,35.7
0,16579,11.4,0,6,0,73.0,-17,33.2
2,7212,16.2,0,5,1,88.3,-18,33.7
2,22651,23.3,2,2,1,79.8,4,40.8
0,18113,13.0,1,12,2,84.2,21,36.4
1,12964,11.7,2,4,2,58.8,2,31.4
0,23608,21.9,0,20,0,54.9,22,38.6
0,23449,11.9,2,18,0,94.8,19,34.2
3,6826,14.4,1,9,1,88.4,6,36.1
3,23771,10.2,2,18,2,72.7,3,32.7
1,6911,6.3,2,15,0,84.7,29,29.8
3,6524,16.6,0,7,0,93.4,-9,34.4
0,5201,7.4,2,27,1,57.6,37,30.6
3,7920,20.5,0,22,0,81.6,8,34.4
0,16354,6.3,2,1,0,55.4,19,33.3
0,14839,19.1,0,24,2,44.4,13,39.7
3,16332,14.0,1,9,1,42.1,19,32.0
2,22131,22.6,1,6,2,58.7,23,36.5
1,7991,4.2,1,30,2,56.9,34,32.0
2,18800,22.8,2,15,0,46.5,-16,39.2
2,20275,9.1,0,25,1,92.4,-5,34.6
1,5083,10.5,0,2,1,86.6,12,31.3
3,24853,19.3,0,18,2,57.5,28,30.7
0,21411,14.6,0,12,2,60.2,-20,37.5
2,16127,7.9,0,11,1,92.8,39,34.2
2,17613,8.9,1,5,1,55.7,-11,34.0
3,22060,17.4,1,20,2,81.3,32,32.5
0,7080,10.6,1,23,1,53.6,-17,33.5
3,24686,14.2,1,17,0,77.1,25,31.2
2,9738,3.0,1,5,2,83.8,27,32.1
2,17568,12.5,1,2,2,60.1,9,37.7
2,20796,10.3,0,9,2,45.6,-16,39.4
1,7000,10.1,2,24,2,94.0,-1,34.8
1,13614,9.7,1,3,1,87.3,20,32.9
1,13645,6.2,1,22,1,87.2,5,31.1
3,18826,17.9,0,10,2,87.2,-14,38.2
2,10109,9.0,2,5,1,40.9,21,38.3
0,13711,12.0,0,25,1,63.3,33,32.3
2,20845,10.0,1,2,1,79.9,-1,34.1
1,12832,2.7,0,11,1,90.9,22,31.1
2,5282,16.9,2,29,1,63.2,31,38.6
0,14390,3.8,1,23,0,82.1,7,31.2
0,8500,16.0,1,26,0,62.9,-22,36.7
0,10700,7.9,2,28,1,64.9,-23,35.6
0,14840,15.1,0,4,2,42.2,-2,37.6
1,9727,20.2,2,11,2,75.0,-20,37.9
3,17945,6.5,2,17,0,65.5,15,26.4
1,5416,8.9,1,20,1,54.5,34,29.8
2,19384,20.6,1,30,2,75.2,-25,42.3
1,6622,9.0,1,29,2,45.8,32,31.9
1,10313,3.5,2,16,2,60.7,-3,32.3
2,21529,21.4,0,14,0,74.0,-18,43.0
1,16031,20.7,0,22,1,60.9,8,34.0
2,14732,10.8,1,27,1,71.6,5,36.4
3,24298,8.1,1,26,1,57.0,-25,32.4
3,18946,17.5,1,24,2,40.0,-10,32.7
2,13508,10.7,0,27,0,52.1,-4,33.2
2,21075,17.5,2,28,1,61.4,-9,39.5
1,22892,8.5,1,7,0,94.8,-23,31.7
0,19537,23.8,2,10,2,62.7,-10,40.7
0,14350,6.9,0,30,2,71.6,1,33.3
0,21722,4.9,1,26,2,74.4,40,29.5
2,15308,14.6,1,28,0,47.6,22,37.5
2,17900,3.6,2,2,2,83.6,16,37.5
3,14978,5.6,1,14,1,61.5,24,30.0
0,15086,17.8,0,26,0,55.0,14,33.3
0,15832,16.8,1,5,0,52.1,-13,39.5
2,12779,6.6,2,1,1,44.9,-19,34.1
3,24128,20.2,0,2,1,70.8,-15,37.5
0,13422,17.1,1,24,2,86.9,10,39.2
2,8072,20.2,2,17,0,60.0,5,36.7
3,10314,7.2,2,20,2,44.1,35,28.3
2,12451,15.1,0,20,2,40.2,9,32.6
0,15599,4.1,1,5,0,79.1,2,30.0
1,12819,21.8,1,21,2,44.7,20,36.3
1,23568,13.1,1,20,0,43.2,15,28.1
1,7938,23.5,0,21,1,59.7,23,36.3
0,20010,19.1,0,24,1,86.3,14,35.8
0,15773,5.5,1,23,1,58.5,19,31.8
2,12386,18.6,1,28,0,93.5,-2,34.8
3,8186,20.6,1,11,1,68.6,-15,37.0
0,19494,21.8,1,25,2,43.0,-12,40.5
2,12082,5.8,2,15,2,53.1,-15,29.5
1,14846,9.4,2,7,0,53.4,4,26.7
2,18488,14.0,0,21,0,40.6,-2,35.6
1,19622,19.1,2,15,0,55.9,11,31.6
3,20965,2.5,2,15,1,59.1,15,25.4
1,8970,20.9,2,11,1,84.7,38,34.0
2,5951,8.9,0,12,2,80.8,-6,33.4
1,9048,20.6,2,16,0,48.1,-19,30.7
3,5801,19.7,2,19,0,82.1,-24,32.8
3,15039,2.4,0,4,0,56.6,2,32.6
1,20898,17.8,2,19,0,41.1,17,30.0
3,12409,7.0,1,22,0,49.2,3,29.4
3,15819,7.1,2,22,1,80.0,21,27.3
3,10191,20.0,2,28,0,77.6,13,32.6
3,18004,2.2,0,18,1,71.0,25,27.5
0,14063,3.6,1,29,1,84.4,16,29.1
0,7409,4.8,1,27,1,87.8,-13,30.9
2,13653,12.0,1,29,2,77.2,18,34.7
1,15399,8.4,2,18,2,62.0,-14,30.7
0,23086,18.7,2,24,0,67.3,-1,37.2
3,15382,8.0,2,4,0,90.3,39,27.4
3,18060,18.6,0,18,0,65.9,-23,34.1
0,9425,15.4,1,18,1,52.7,24,36.2
1,15655,23.6,2,16,1,93.1,24,37.3
1,21357,12.8,0,11,0,70.1,22,33.0
1,10759,21.6,0,13,2,79.8,13,40.0
0,19438,17.9,2,22,2,81.6,26,39.4
3,9864,2.7,2,18,2,62.3,-19,33.3
2,17975,15.8,0,26,2,66.9,35,35.8
0,17168,5.3,1,28,0,78.7,0,29.9
0,21104,6.6,0,13,2,76.8,-21,33.4
0,16280,8.2,1,21,2,75.2,-10,33.4
2,18325,22.0,0,27,1,63.7,-15,39.1
3,23121,20.8,0,6,2,94.6,17,36.1
3,21308,18.3,0,27,0,40.6,0,36.1
3,23023,3.0,0,21,0,55.0,23,25.9
1,7603,18.6,0,2,1,40.8,-16,31.8
3,21203,7.5,0,25,2,55.3,34,26.3
0,9269,18.9,0,14,1,45.0,5,35.5
1,8161,22.2,2,11,1,57.0,-23,33.7
0,9739,10.3,2,15,2,68.0,27,32.9
2,14844,6.3,2,23,0,89.0,37,38.9
1,12638,6.8,1,21,1,56.1,-2,30.1
0,21920,17.3,2,23,1,52.3,-15,36.9
1,19826,17.7,1,4,0,74.8,23,33.1
0,19688,3.7,2,30,2,42.4,-11,32.4
0,6015,10.9,2,16,1,85.6,9,33.2
1,11747,4.2,0,8,1,69.1,-25,27.9
3,22711,3.2,0,21,2,43.1,-6,29.4
1,20789,5.1,1,4,1,70.6,7,31.6
2,23090,20.2,1,1,2,86.0,-15,38.8
3,13325,19.7,0,5,2,70.6,25,36.9
2,11649,22.8,1,16,2,61.5,10,36.8
2,12595,3.4,2,15,1,46.6,-20,35.4
0,19356,11.4,1,8,0,62.8,19,34.5
2,10632,3.5,1,12,0,49.0,-13,30.6
3,6403,22.5,2,17,0,72.6,11,29.4
3,23073,2.9,0,20,2,94.6,23,27.5
3,11131,22.0,2,19,2,50.7,-8,36.3
0,21002,5.5,0,16,2,72.2,-11,30.1
2,21491,21.1,1,30,2,76.6,-13,38.6
0,15776,14.5,1,3,2,68.8,-10,36.3
3,9021,20.7,1,8,2,44.3,-22,39.6
2,11942,23.3,2,15,0,75.3,17,36.9
0,7429,17.4,1,29,2,75.3,17,38.4
1,12802,7.7,0,3,1,81.1,9,32.2
3,13858,20.0,0,29,0,61.3,5,32.2
3,5932,14.9,0,11,0,90.1,8,30.8
3,23050,15.5,0,16,0,81.2,0,31.5
3,21506,6.8,2,14,2,79.7,31,30.6
0,15488,23.4,0,10,0,58.6,-7,38.5
1,20985,18.3,2,30,0,90.7,-24,31.7
1,20866,22.4,1,22,2,67.9,1,37.5
2,15714,4.8,2,21,2,89.2,-20,38.6
2,23634,24.0,0,20,1,55.0,-1,39.1
3,19557,20.8,1,20,0,43.7,-13,33.4
0,24817,19.1,1,22,0,52.6,-12,38.7
1,9683,6.2,2,11,1,57.0,5,30.2
0,19206,13.5,0,18,2,71.4,-14,35.7
2,21580,16.2,0,13,0,79.2,33,36.2
2,5851,22.0,2,1,1,45.0,-15,40.4
0,11477,7.4,1,29,0,86.7,23,32.5
1,14250,17.3,2,5,1,66.5,40,32.5
0,17133,3.2,2,16,1,63.4,-21,29.9
3,19109,19.1,1,9,2,41.3,36,31.8
0,7555,23.5,0,16,1,94.3,-11,42.3
3,11909,18.1,2,1,2,53.2,-13,36.2
3,9804,8.7,1,28,1,73.8,-10,32.8
3,22405,21.8,2,2,1,40.3,18,32.1
1,16291,20.7,0,11,1,72.9,40,34.0
3,23980,16.6,2,23,0,49.3,-15,32.5
2,10848,17.6,1,1,0,72.8,26,33.6
3,23452,4.3,0,16,1,57.3,-7,29.7
3,8059,20.1,1,8,2,62.0,8,32.6
0,6200,6.8,0,21,0,50.3,40,32.3
1,5468,12.4,1,4,1,58.2,13,29.6
3,12096,19.4,0,24,1,51.6,21,30.4
3,12071,8.0,0,18,1,67.8,40,24.2
3,17518,13.1,2,27,0,47.1,4,29.7
1,6730,17.7,0,14,0,69.3,-12,32.1
3,19096,4.5,0,1,0,48.0,35,25.0
2,17342,18.2,1,9,0,71.0,-8,37.9
2,22600,17.3,2,28,0,91.6,25,39.2
3,23836,12.1,0,9,0,71.1,40,28.4
1,5945,6.2,0,25,1,79.8,14,30.0
1,17980,7.6,2,29,2,76.1,7,34.7
0,7854,6.9,0,9,0,73.3,9,32.9
3,7751,17.8,2,13,1,48.0,32,30.2
0,23295,23.7,2,27,0,41.5,-23,40.7
0,9803,8.2,2,24,2,67.3,24,33.7
3,10188,7.7,2,1,1,58.8,25,32.7
3,21315,9.3,0,15,1,90.7,35,28.1
0,6902,8.7,1,17,1,71.1,-25,34.5
1,11547,21.8,2,9,1,83.1,34,35.9
2,13616,12.9,1,30,0,73.7,-7,35.2
1,21475,17.1,1,12,1,48.8,24,33.5
0,8692,17.1,0,15,2,72.7,24,37.5
0,16208,23.5,0,25,2,49.9,12,38.8
2,18102,12.7,0,24,0,79.1,28,31.3
2,9142,16.3,0,14,1,86.3,26,34.8
3,20435,6.2,2,2,1,88.0,37,27.7
2,15353,23.5,1,2,0,58.7,-1,43.2
1,7214,3.8,2,20,2,81.2,14,30.1
3,6930,7.1,0,16,2,68.1,24,30.1
2,16518,17.0,0,25,0,60.3,29,38.9
1,23704,20.0,0,14,2,45.2,-22,33.5
1,12832,9.7,2,4,0,66.8,22,28.4
1,6337,8.2,2,14,1,43.9,-14,28.9
2,14049,2.2,2,22,1,87.0,-19,36.2
0,22218,4.3,1,28,0,81.4,19,28.5
3,16911,7.5,2,20,2,58.6,34,28.7
3,24247,21.8,1,14,2,82.9,0,36.1
2,20567,15.5,1,25,1,55.1,1,41.4
1,20176,18.6,1,18,2,66.9,-23,34.6
3,9102,16.1,0,18,0,68.0,38,29.5
2,17598,4.7,2,10,2,43.5,-7,35.0
2,7127,18.0,0,24,2,80.8,27,36.1
0,10890,3.5,0,29,1,67.3,-1,29.1
2,8919,2.1,0,6,1,53.4,-18,32.1
3,6563,2.1,2,6,2,94.9,-9,34.9
1,14797,19.2,2,3,0,41.2,-13,30.1
3,16842,6.1,0,9,2,47.5,-14,32.3
0,18490,22.1,2,17,0,57.1,5,40.6
2,11092,20.7,1,14,0,49.8,21,34.8
3,22036,4.9,2,21,0,88.3,8,28.8
1,14568,15.2,0,9,1,53.6,37,31.4
2,6413,22.0,1,14,2,58.5,14,36.4
2,19789,2.7,1,13,0,80.5,33,33.1
2,23697,2.5,0,11,1,63.0,19,36.0
1,18262,9.9,2,22,1,62.5,22,31.8
1,13980,23.1,2,6,0,75.7,5,34.3
2,5593,17.8,0,20,2,42.4,21,34.9
1,13704,4.0,2,4,1,60.8,39,29.3
2,8812,9.1,0,27,1,94.6,8,32.6
1,18173,17.4,2,25,1,73.5,25,34.4
0,8538,4.8,0,26,2,66.5,33,29.5
2,20330,17.7,2,20,2,83.3,15,37.3
2,15185,10.4,2,28,1,67.7,32,33.5
2,14704,21.0,2,9,2,72.6,-2,40.6
0,12979,6.1,0,30,0,90.8,-20,29.7
0,16300,10.7,0,11,2,88.6,33,36.2
2,7572,14.7,1,10,0,59.0,-17,37.5
0,13081,14.7,2,16,1,85.0,-25,36.6
0,21259,4.7,0,16,1,84.3,2,31.1
3,15282,22.1,0,30,2,61.9,-4,33.5
2,18090,2.1,0,8,1,50.3,-6,35.3
1,13124,14.2,0,23,2,41.0,-1,34.1
1,14647,5.1,2,15,1,64.5,0,30.8
0,21807,21.3,2,23,0,74.4,13,40.3
1,11880,8.2,2,18,1,90.5,-7,31.9
0,13131,19.8,1,1,1,89.9,-4,36.2
2,20445,10.4,1,15,0,66.1,8,36.5
3,24502,16.0,1,7,2,83.5,-24,35.0
0,19818,18.5,1,6,0,67.7,10,35.9
3,5251,6.9,1,27,0,54.9,-7,29.6
2,15664,18.8,2,23,0,57.4,0,40.5
2,20819,3.1,2,8,2,84.3,25,36.1
2,11173,2.7,1,1,2,80.9,26,36.3
2,6265,10.3,1,28,2,78.0,8,36.5
0,15536,6.0,0,9,1,82.9,13,32.2
2,5965,22.2,0,10,1,72.5,37,34.2
2,9182,14.0,1,2,1,86.6,27,37.0
1,11897,18.4,1,11,0,54.5,-12,32.3
3,24879,5.7,2,22,0,60.4,31,27.6
3,13110,19.0,2,5,1,94.3,-10,37.0
3,12992,14.2,1,28,2,81.9,-9,33.9
2,14958,16.9,2,30,1,68.5,23,34.6
1,10831,14.7,1,26,1,80.3,12,33.3
0,15610,8.9,2,5,2,46.7,-18,34.0
3,19037,7.1,1,20,1,75.7,1,28.7
3,22230,16.7,1,19,1,71.2,11,33.0
2,19235,16.7,1,1,0,43.5,-18,36.9
0,8693,4.9,2,28,1,61.0,15,31.5
1,13169,23.6,2,14,1,56.1,5,32.4
1,10034,20.9,1,15,1,65.4,-16,36.1
2,7386,11.1,0,19,2,89.0,-19,35.3
2,21355,8.4,1,18,2,72.5,-11,37.8
2,14751,15.0,1,12,2,65.3,-17,38.1
3,5544,14.9,0,27,0,68.8,28,29.9
0,20390,5.3,0,29,2,51.3,39,34.0
2,23046,23.1,2,30,1,70.6,-13,42.5
2,19279,6.7,2,3,2,92.2,25,38.2
0,20873,3.7,1,10,0,84.6,22,33.6
3,13973,15.2,1,24,0,75.4,4,30.5
2,14522,3.1,0,14,0,93.9,5,34.1
3,15827,4.5,0,20,2,79.3,4,33.4
0,21563,22.1,0,3,0,41.6,32,38.8
0,21783,11.7,0,8,2,63.6,36,38.8
1,19628,13.0,1,24,0,55.2,-22,31.1
0,18656,14.4,1,11,2,44.1,6,37.3
2,24699,5.5,0,23,2,76.4,18,36.6
0,22480,18.0,0,5,0,63.3,-11,34.6
2,7620,8.5,1,3,0,87.0,18,37.9
3,21671,11.9,0,19,1,52.6,18,32.0
1,16375,12.0,1,28,1,57.4,-21,29.5
3,16210,9.0,0,20,2,89.9,-14,33.0
1,8083,17.5,1,26,1,41.7,26,34.5
2,11137,3.0,1,13,1,56.0,1,36.9
3,8971,11.0,1,22,2,61.1,33,31.2
0,12319,22.9,1,17,0,81.4,33,42.4
0,15982,13.0,0,1,0,72.8,38,36.0
2,15642,22.1,1,8,1,90.5,40,38.3
1,24569,19.0,1,25,0,88.1,36,32.4
3,5280,8.5,1,5,2,93.0,27,30.3
0,16689,11.0,2,4,1,61.1,8,34.0
0,21644,15.3,2,4,1,50.9,-3,34.2
0,22082,7.5,0,20,0,50.4,11,33.8
1,8253,20.3,1,19,1,58.5,10,34.3
0,5022,19.5,1,22,1,50.8,3,38.4
3,12119,7.3,2,3,0,60.6,0,32.0
3,15208,20.9,0,24,1,50.0,-23,35.7
0,10371,22.2,2,9,1,41.0,-17,41.0
0,16635,15.6,0,6,0,94.1,21,36.0
3,7457,3.7,2,1,1,57.8,27,31.2
1,11597,23.7,2,19,0,76.2,34,33.7
1,17256,13.1,0,12,0,73.8,-10,31.5
0,14404,4.0,0,24,0,67.4,31,29.2
3,22954,11.5,1,24,0,52.5,-24,32.9
2,22775,4.9,2,17,0,50.9,23,38.4
0,24211,23.2,2,19,1,76.8,39,38.2
1,13819,8.6,2,16,2,40.5,-4,31.1
3,5017,17.8,2,1,2,82.7,-11,35.4
3,16893,22.5,1,19,0,45.3,24,33.4
3,21634,22.2,1,10,2,84.0,5,34.4
0,14008,12.2,1,13,1,82.6,15,34.6
2,10892,2.7,2,13,0,88.6,26,35.6
0,9299,7.5,2,25,0,51.2,-20,31.4
3,9400,7.1,2,14,1,64.7,14,28.3
2,6797,14.3,2,26,1,42.6,33,37.7
0,10038,22.9,2,13,1,72.1,-22,41.2
1,13026,4.4,2,30,2,52.2,5,30.4
0,6911,11.8,0,20,2,55.9,-20,34.9
1,14916,6.6,2,22,2,81.4,7,31.7
1,8421,16.1,0,11,0,59.7,-6,31.1
3,6329,3.2,2,10,2,40.7,29,29.5
2,6058,21.4,0,8,0,80.0,0,29.1
3,21072,10.4,2,10,0,87.0,-3,32.7
2,23914,3.4,0,12,2,68.4,-13,34.1
2,20464,16.6,1,22,1,80.5,35,36.4
3,12882,17.6,0,12,2,54.7,1,36.3
0,23354,3.8,0,4,0,75.9,33,31.8
1,14796,10.5,0,4,2,59.2,-15,33.0
2,17417,10.8,2,18,2,42.4,24,36.8
3,8358,11.8,1,21,0,65.9,37,26.8
1,24452,23.0,2,2,0,66.5,40,33.9
0,23099,12.2,0,29,1,68.0,13,32.5
1,6744,11.4,2,1,2,60.1,8,34.5
3,12599,18.5,0,30,0,89.6,-24,34.4
1,7507,6.6,0,6,0,42.6,-16,26.0
2,10342,8.4,2,2,1,75.8,11,36.2
3,9491,7.1,1,22,2,77.8,6,29.9
2,5480,11.9,2,14,1,91.4,25,38.2
1,16657,21.6,1,28,0,74.5,7,33.2
3,22433,19.9,0,10,0,94.5,37,33.2
0,14201,9.3,0,9,0,50.7,9,32.0
2,22131,23.7,0,20,2,79.6,15,38.5
3,20022,21.9,2,13,1,76.7,-24,39.2
2,15508,22.0,1,9,0,86.2,36,39.1
1,21837,19.3,2,13,1,41.2,32,34.5
0,14788,7.7,0,18,2,51.0,3,33.7
0,8870,6.8,0,5,2,66.7,-21,34.9
0,23097,16.6,1,11,0,86.4,30,33.3
1,13569,23.1,2,1,1,68.7,19,35.4
3,15971,18.7,0,8,2,62.5,8,37.3
2,18626,4.7,1,1,2,90.6,-19,34.8
1,13754,11.8,0,21,1,83.0,-6,30.5
2,14326,14.7,2,15,1,94.4,-12,38.1
1,24121,10.7,1,12,1,75.8,-20,31.4
3,5911,15.8,1,12,0,68.9,23,28.0
1,5531,9.6,0,2,1,52.2,32,30.7
0,6235,21.6,1,12,2,78.4,-9,40.1
3,20323,10.1,1,6,2,71.2,-11,32.7
1,5428,23.1,1,29,2,78.4,-9,39.5
1,11190,15.1,2,25,0,54.0,-11,29.8
2,21945,19.2,2,11,2,80.7,14,36.7
2,12763,16.2,2,6,1,48.7,-12,36.0
2,5894,19.5,0,18,0,47.0,29,36.0
3,24602,14.6,0,10,1,62.3,16,33.5
0,24606,13.8,0,6,2,83.6,-12,37.3
0,24188,11.8,0,28,1,59.6,16,34.3
1,6353,8.6,0,23,2,63.4,0,31.9
0,11310,10.6,0,16,1,56.5,-21,34.7
1,21378,4.9,2,20,2,92.8,-6,33.2
0,10732,15.8,0,9,2,45.4,19,37.2
0,6432,10.4,1,26,0,77.5,-2,35.6
2,7461,9.9,0,19,0,66.3,-20,33.7
1,11736,15.3,0,9,1,58.1,19,31.6
1,12110,11.4,0,7,0,54.1,27,26.8
0,13737,19.0,1,28,1,92.0,4,38.4
3,15322,10.6,2,22,1,75.9,-5,30.1
3,7410,14.8,0,11,0,52.2,19,31.6
1,21191,17.1,1,30,1,86.8,3,33.5
3,24773,11.3,0,6,0,69.9,30,30.9
2,8736,21.9,1,29,1,81.1,15,35.4
2,6128,17.7,2,25,2,41.5,-21,37.7
3,14290,2.2,0,23,1,41.9,39,26.4
3,18280,23.0,1,3,1,74.1,-4,37.9
0,7281,16.9,0,30,1,69.9,38,35.7
3,13122,15.9,1,23,2,94.2,4,34.0
0,16978,21.5,2,17,2,91.6,-16,38.5
3,14724,15.0,0,8,2,66.6,-9,32.9
2,12403,8.9,1,28,2,93.6,1,33.3
2,23135,17.2,0,15,0,42.7,13,35.6
0,15960,16.3,2,11,2,47.5,25,37.5
0,20245,21.3,0,11,0,93.6,-6,38.3
1,16955,5.0,1,28,2,45.2,-21,28.8
2,19689,7.2,1,14,1,64.5,-12,38.2
1,9278,4.7,2,14,0,73.4,-13,29.1
2,15007,6.7,0,6,0,73.7,15,36.7
2,24783,3.6,2,25,0,88.6,10,35.6
0,19520,17.2,2,5,1,61.4,31,37.6
0,19856,3.2,1,15,1,51.3,-11,29.1
0,19830,6.1,0,18,2,77.9,38,34.9
1,8440,14.9,0,7,2,66.4,20,34.9
0,24318,14.3,0,3,1,59.9,16,34.8
2,16768,19.3,1,1,1,62.1,-12,40.1
0,20131,12.0,0,9,0,66.8,21,35.8
1,8230,7.9,1,10,1,73.8,-10,31.5
2,15806,11.2,2,6,2,70.1,24,38.5
1,22800,19.9,2,11,1,53.5,16,35.0
0,7792,15.5,2,1,2,66.2,32,36.3
1,19993,12.4,1,18,2,57.1,32,34.5
2,8088,9.7,2,27,2,91.7,27,33.7
3,10282,9.5,0,19,2,55.8,35,29.3
3,17664,19.6,0,28,1,69.1,0,33.3
1,23877,21.0,2,20,2,63.5,-24,36.8
2,23499,20.1,0,19,0,79.8,-19,37.9
0,11414,10.8,1,16,2,78.7,31,37.0
2,10303,3.7,0,3,1,54.4,6,32.1
1,6924,12.3,1,13,0,77.9,36,30.2
3,12242,21.6,0,4,0,52.7,18,34.6
2,14398,3.2,0,29,2,77.2,3,30.1
3,21739,23.0,2,22,0,69.4,8,31.8
0,12543,19.0,2,22,2,79.9,29,37.8
3,18757,17.2,1,13,0,73.9,-13,33.9
1,20695,16.0,2,17,1,56.4,-14,36.2
1,19547,8.3,1,5,0,56.7,22,29.3
0,24861,18.5,1,28,2,56.8,36,38.6
3,19560,13.6,1,4,0,81.1,9,32.1
2,19922,18.7,2,19,2,55.4,24,39.9
0,19177,21.9,0,15,0,42.1,33,41.5
0,22642,15.2,1,13,0,87.9,-4,36.1
2,7775,15.9,0,15,2,69.0,-15,30.4
2,15738,5.9,2,27,0,61.2,0,36.3
1,10629,14.0,1,22,2,78.7,32,32.6
1,24769,19.7,0,26,2,71.0,-5,36.1
1,12749,7.4,1,7,1,80.4,23,31.1
2,14694,5.2,0,14,1,85.3,-7,35.1
2,19798,9.3,1,25,0,67.7,-8,34.2
0,6055,3.4,0,8,0,87.5,30,32.9
1,16973,20.6,0,26,0,83.1,-17,33.7
3,10014,21.1,1,21,0,57.9,40,30.3
0,8823,20.7,0,7,2,66.5,-15,40.9
2,22730,6.4,1,15,1,49.7,39,37.2
2,19983,6.7,2,17,0,46.0,-23,35.8
3,24876,20.6,2,7,1,94.0,-20,37.2
1,18849,9.6,1,18,1,41.3,0,31.8
0,24165,2.5,0,18,1,63.6,-19,27.4
2,12090,5.7,2,27,2,54.5,-4,36.0
1,24050,10.7,1,5,1,81.3,-15,32.0
2,18676,3.6,2,27,2,73.2,17,34.0
0,21376,4.3,0,9,1,58.2,1,32.9
1,14473,5.0,1,7,0,63.9,18,27.0
2,15578,18.8,2,13,2,80.7,5,38.1
0,22449,22.1,1,16,2,92.9,-18,41.4
0,8840,9.6,1,20,1,48.7,21,33.3
1,24645,15.1,0,28,0,77.3,32,31.8
1,24157,6.1,1,17,2,75.1,39,31.6
1,19156,10.0,0,8,1,53.1,34,33.5
0,5614,17.2,0,12,1,65.6,33,33.3
2,23151,17.4,0,13,2,49.0,36,37.0
2,22221,19.0,0,15,2,50.7,-20,38.1
0,17959,8.7,1,25,1,77.3,-10,35.1
1,8106,12.5,0,1,0,63.2,-3,29.2
1,24841,13.9,0,23,1,58.8,14,31.6
0,22901,14.5,0,5,0,68.5,-24,36.2
1,19358,3.6,2,26,1,45.8,21,29.3
2,12131,21.2,0,17,2,67.5,36,37.5
0,12003,19.0,1,3,1,83.7,-9,38.0
3,22481,17.2,0,19,0,46.9,31,30.9
1,16541,13.5,2,7,0,71.3,34,31.5
1,17642,7.2,1,15,1,55.5,-4,29.1
2,11823,3.7,0,19,0,62.2,0,34.4
0,7424,19.5,0,1,1,58.3,35,37.2
1,18802,16.7,0,10,1,61.4,9,34.3
3,9859,15.5,0,23,2,84.5,22,32.1
3,5650,4.1,2,20,1,69.7,0,31.5
0,11583,7.0,1,4,0,89.6,-23,31.8
1,14631,9.2,0,14,0,66.2,32,28.8
1,14647,13.3,0,26,1,68.0,25,35.0
2,19865,10.0,1,12,1,46.4,19,41.8
1,6456,19.9,1,26,0,40.6,-1,30.7
1,6993,13.1,1,9,0,81.8,10,30.8
3,14567,3.4,2,15,0,70.5,9,26.3
0,11879,6.3,2,5,0,59.1,-8,31.0
1,16842,13.2,2,22,0,66.0,37,29.2
1,19714,19.9,0,2,0,78.0,-17,33.0
2,24225,23.6,1,24,2,91.4,24,39.9
3,18509,9.2,0,17,1,60.0,-20,35.5
1,24989,18.4,1,20,0,67.5,26,31.0
3,12206,6.5,2,15,0,81.6,4,30.3
3,13601,7.6,2,28,2,95.0,29,25.2
1,10407,8.3,1,1,1,40.3,-4,30.7
3,12184,10.9,2,22,2,81.9,33,26.9
3,22259,12.7,2,22,1,51.0,22,29.4
3,19673,3.5,1,19,2,82.4,38,28.2
1,5668,22.4,2,26,2,68.1,34,37.7
1,12310,5.3,0,25,0,41.9,22,25.8
1,23105,17.4,1,2,1,71.8,-1,31.0
1,14392,14.0,2,2,0,51.9,-2,30.4
0,21312,15.6,0,19,0,68.5,19,34.3
3,21547,9.8,1,22,0,72.9,7,30.6
1,6728,16.3,0,19,1,52.9,-19,32.4
0,22508,19.8,1,1,1,92.2,-21,39.7
3,21684,20.6,2,17,1,92.2,-4,33.6
2,5112,15.6,0,8,1,47.4,28,36.2
2,11612,8.3,2,13,0,62.6,-23,36.5
3,20859,3.4,0,2,1,79.5,33,30.9
2,15636,22.8,2,26,0,66.5,-25,44.3
3,17436,15.7,2,13,2,61.9,15,33.9
1,12698,16.7,2,21,2,90.6,13,37.2
2,14351,13.9,2,27,1,67.4,10,39.9
3,14939,3.5,1,16,1,77.2,13,27.5
2,15906,13.3,0,26,2,73.0,-8,37.6
1,11441,10.6,0,4,1,88.0,1,33.5
2,23339,2.6,2,29,0,88.1,6,38.5
1,22814,4.0,1,19,2,94.0,13,31.7
1,22286,19.6,0,30,2,76.8,-10,34.9
3,15056,4.3,2,28,1,88.6,27,26.5
3,8383,3.8,1,19,2,77.0,23,29.6
3,21582,15.1,0,25,0,69.6,34,29.2
2,17596,16.8,2,17,2,65.2,4,41.1
2,19649,22.4,1,15,2,74.5,5,40.5
3,11510,8.8,1,12,0,91.0,13,29.3
0,16781,23.4,0,11,2,45.5,-17,39.2
3,13027,2.2,2,12,2,79.0,-6,29.9
0,7543,22.5,0,22,0,68.4,38,41.2
2,12960,3.9,1,16,0,69.2,19,32.3
0,7245,5.1,1,17,0,91.0,8,28.6
0,14155,12.5,2,17,0,40.1,37,31.2
3,13243,19.5,1,4,0,66.9,5,33.4
2,8054,15.7,0,1,2,90.7,-13,37.3
2,18691,11.6,0,13,0,71.1,30,37.0
3,16831,17.8,0,5,0,90.8,13,34.3
3,14490,21.6,2,6,0,67.3,7,36.1
2,18526,3.3,1,2,1,65.4,-20,38.2
3,14315,6.2,2,9,0,55.4,-3,30.0
1,14282,7.8,2,11,0,85.3,8,29.4
3,16592,19.4,0,28,0,53.7,2,30.0
2,19275,19.8,0,23,1,63.1,21,39.6
0,7674,4.6,2,16,1,50.3,-7,28.1
3,20308,6.6,0,15,0,92.1,-22,30.4
0,11582,7.2,1,15,0,71.3,21,30.1
3,19088,18.9,2,27,1,94.1,-25,36.3
3,23080,12.3,2,28,0,45.2,-15,28.5
3,19206,10.0,1,18,0,45.6,3,28.7
0,20989,13.2,2,25,1,93.2,19,31.4
0,8481,5.5,2,18,1,87.2,6,27.1
1,13129,4.1,1,25,1,55.7,-19,27.1
2,19205,5.8,0,7,1,95.0,-4,36.5
1,5586,3.4,0,20,2,67.6,15,31.9
0,18348,17.8,1,17,1,93.6,-4,35.1
0,21060,20.8,2,5,1,80.1,-24,41.3
3,9697,9.9,0,4,0,76.1,20,30.1
2,8750,4.0,2,1,0,51.4,27,35.5
3,20488,21.9,0,23,2,69.8,38,30.0
1,6349,14.3,1,18,1,77.7,-1,32.5
1,11638,19.1,0,26,0,92.4,6,34.5
0,16306,2.8,0,24,2,51.2,-6,33.7
1,10607,18.3,1,22,0,64.5,-13,32.3
1,10465,3.4,2,25,2,44.8,-21,29.6
3,12164,13.0,2,25,2,93.0,33,30.1
1,14913,9.4,2,29,0,49.0,-8,29.6
1,14773,17.1,0,8,0,89.7,-22,29.6
1,21004,3.0,2,18,2,81.7,17,31.8
2,10366,22.7,2,13,2,84.3,38,38.8
3,13927,18.9,1,17,1,64.7,34,29.3
0,20597,8.3,1,9,1,80.4,-24,35.7
2,18405,14.0,2,12,2,44.6,-24,40.5
0,11180,14.9,1,7,1,46.3,-19,36.5
0,24884,2.9,2,12,0,78.5,-13,26.1
1,18035,10.6,2,23,0,55.3,14,29.6
0,11027,18.9,1,23,0,41.1,-13,37.8
3,10199,20.0,0,8,2,47.4,34,33.5
1,24193,2.3,1,20,1,87.9,40,31.1
0,18776,8.9,2,29,0,92.9,-5,30.8
3,15618,2.6,1,1,1,56.6,2,30.3
2,14354,3.8,2,13,0,41.9,29,32.4
2,23143,2.9,1,8,1,82.8,11,36.2
0,23740,12.2,2,13,0,52.6,3,33.5
2,11393,3.4,1,19,1,52.6,-14,33.4
1,5055,15.6,1,13,0,80.5,-1,33.8
2,10210,2.2,1,20,0,46.0,39,38.0
3,24164,16.2,1,11,2,90.8,37,31.3
2,24918,6.4,2,11,0,48.5,11,34.9
2,9700,14.1,1,3,0,40.3,29,37.8
3,24830,9.7,1,19,2,46.9,-10,32.8
2,21684,17.4,0,6,2,76.3,23,38.9
0,18473,3.3,1,26,0,85.4,9,30.0
1,14788,21.6,2,19,0,71.5,38,33.9
3,13845,2.9,0,20,0,65.8,-25,32.4
2,15975,13.2,1,20,0,78.2,-25,38.4
3,7941,19.7,2,20,1,50.6,2,32.6
0,9904,2.9,1,16,1,54.2,-15,30.6
3,6526,9.2,2,22,0,61.8,11,27.7
3,15058,23.4,0,2,2,83.8,-8,36.5
0,24339,14.0,2,11,1,93.6,-2,33.1
1,13525,20.1,0,3,1,45.5,-21,32.7
2,12811,12.1,2,12,0,88.0,-3,36.2
3,22895,15.9,1,12,0,74.2,-23,35.6
0,21183,19.2,2,17,0,62.5,20,36.6
1,13067,14.5,2,4,1,82.5,-17,31.5
3,10762,9.0,1,18,1,80.6,35,26.5
2,20714,6.3,1,15,1,45.7,21,34.8
3,14810,17.7,0,29,2,76.7,18,30.6
3,23793,15.5,1,9,0,64.0,-17,36.4
2,17268,12.6,1,16,1,52.2,21,36.0
2,9817,2.0,2,18,2,71.6,38,32.2
0,20701,4.6,2,20,2,83.6,7,30.0
0,24257,19.5,1,9,2,68.5,40,39.0
0,11697,19.9,1,6,0,72.2,29,39.5
2,16682,18.2,2,21,1,81.4,-23,38.7
3,7691,17.4,2,17,2,87.5,34,28.6
2,11094,21.0,1,19,2,45.0,5,37.8
2,7162,11.3,1,26,1,87.1,5,36.2
0,22467,19.0,0,11,1,51.0,18,36.5
3,24586,5.2,0,30,1,69.3,17,27.5
0,18339,20.1,2,27,0,75.3,32,36.5
2,9631,21.2,0,30,0,55.2,7,31.3
1,12834,2.8,0,26,0,46.7,-16,25.6
3,17363,18.4,0,6,2,90.7,9,35.2
3,20019,19.4,1,7,0,77.2,34,30.9
1,20049,11.1,0,17,2,79.7,13,33.9
0,8595,7.4,1,10,2,48.0,39,32.8
0,12107,18.4,2,1,1,54.8,39,39.5
1,22290,16.9,2,11,1,89.0,6,33.4
3,11158,16.7,1,14,0,71.9,4,32.0
2,14827,16.2,1,18,1,41.1,37,40.1
0,20762,14.1,2,30,2,43.3,17,39.8
2,13632,9.8,2,22,2,47.6,15,38.5
3,24059,8.8,1,15,2,83.8,-1,31.2
1,5815,9.7,1,9,2,89.2,11,34.4
0,23224,3.2,0,20,0,84.4,40,27.8
0,24732,2.4,2,21,0,88.4,28,32.7
2,13575,11.3,1,26,0,82.5,40,34.0
2,19290,7.7,1,20,1,55.6,29,38.9
1,10171,20.8,2,6,1,81.4,2,35.8
3,9960,12.1,0,24,1,68.4,-12,34.8
2,23775,14.0,0,13,2,50.3,11,41.0
2,10135,16.5,1,23,1,78.8,-21,36.1
3,8084,19.0,2,5,1,85.6,39,32.1
1,17859,17.9,2,10,2,87.1,-25,35.9
1,19108,9.2,0,27,1,48.9,-7,32.7
2,21006,4.8,1,20,1,44.3,-25,34.9
3,20642,15.5,0,8,0,63.5,26,31.2
0,17369,8.1,2,15,1,40.4,15,33.9
2,10940,18.1,0,21,0,74.6,-5,35.6
1,18479,13.6,0,4,1,45.7,-3,30.2
3,21762,20.1,2,30,2,78.7,-2,35.9
1,23533,2.8,2,16,2,70.7,32,29.7
1,18125,13.3,0,29,0,68.3,30,29.7
2,19145,14.1,1,28,1,68.6,26,35.7
2,6708,17.5,2,21,1,88.6,9,37.4
0,20678,11.2,2,26,0,56.4,8,33.7
1,15036,15.3,0,11,1,73.4,39,31.0
1,22585,3.5,1,19,0,53.1,-12,29.0
0,7346,20.7,2,14,0,56.7,9,35.7
1,7749,11.4,2,2,0,88.7,-3,30.5
1,14661,19.9,2,13,0,72.8,-4,33.0
3,22441,16.9,2,13,1,62.0,-16,36.5
0,8997,20.7,2,26,2,41.2,19,36.4
1,21034,8.8,1,30,1,47.1,21,31.2
1,20007,21.5,0,13,2,65.2,34,37.5
1,21796,12.8,2,1,0,73.8,-6,30.7
3,21221,9.2,0,6,1,91.1,0,32.8
3,17188,17.8,0,7,0,76.8,0,33.7
2,16802,22.9,2,25,1,48.6,8,35.8
2,9373,8.4,0,11,0,77.4,22,33.4
3,14066,21.5,1,13,1,78.1,-8,35.0
1,13152,5.6,2,8,0,80.9,6,29.3
1,20855,4.9,2,17,0,62.9,-5,28.7
0,9060,8.3,1,19,0,70.7,11,31.2
1,24743,3.6,0,14,2,91.8,-19,32.0
0,10125,14.1,2,11,0,92.3,-15,34.5
0,15084,3.0,0,9,0,73.7,3,33.7
2,6108,11.5,2,18,0,56.2,16,38.7
3,24250,22.4,2,24,2,77.7,30,30.1
0,15899,20.3,1,28,0,74.4,-25,39.2
3,10639,7.1,1,28,2,58.4,27,31.6
0,23425,5.3,2,26,2,55.1,18,35.3
1,18324,17.8,2,11,0,41.7,31,28.3
0,19284,6.2,0,6,0,43.3,-20,32.6
2,18290,7.4,1,12,2,42.0,30,39.1
1,23669,8.1,1,18,1,79.4,-9,30.7
3,20118,16.6,0,15,0,59.8,14,34.5
0,23156,7.7,2,4,2,63.5,-20,30.5
3,13903,14.2,2,9,1,76.8,32,32.1
3,12864,5.9,1,28,2,88.6,13,31.1
2,22300,20.8,2,23,0,68.2,0,42.1
3,13746,6.7,0,19,2,64.7,27,28.1
1,11190,14.1,2,16,1,41.1,40,32.0
0,8320,2.7,0,23,2,40.6,-8,31.3
1,22851,8.1,0,27,1,79.4,-20,31.1
1,8557,18.1,1,2,1,67.1,22,32.6
3,5288,18.4,2,30,0,59.6,5,29.4
3,12867,22.0,2,18,1,48.7,-12,33.7
0,11009,2.7,1,29,0,54.0,23,30.6
3,6506,9.1,2,8,2,47.9,14,32.5
1,18999,13.6,0,15,0,84.1,-4,30.3
0,23184,16.0,2,20,2,62.8,4,39.6
2,25000,6.9,2,9,0,42.6,39,41.3
3,9820,21.8,1,25,2,85.7,-3,34.2
2,23968,10.7,0,22,0,55.4,21,39.3
0,6180,19.1,2,12,0,77.3,-18,36.5
1,9477,6.7,0,10,2,50.4,36,30.1
3,13173,17.9,0,21,1,89.4,-4,35.4
0,22802,2.7,0,21,1,42.8,4,28.1
3,15012,14.0,2,2,1,69.2,-13,34.9
3,16212,23.5,2,15,0,46.2,17,33.8
0,12833,21.8,1,30,1,53.2,-23,39.1
0,15186,11.6,1,4,2,75.6,37,36.7
2,6996,12.6,1,23,2,79.0,5,33.2
3,6256,9.0,0,6,2,83.2,-3,37.0
2,16727,9.0,2,7,2,94.8,15,37.9
3,8221,15.7,2,20,0,76.1,-25,33.2
0,14672,19.3,0,7,1,66.2,-13,38.0
1,23875,12.9,1,20,0,41.5,-20,29.5
0,14824,15.3,1,30,2,50.7,19,35.4
1,21624,17.3,2,24,1,50.7,8,31.0
0,18121,17.1,1,4,0,89.8,-21,38.3
1,24605,21.0,0,29,0,74.1,-7,32.6
3,17338,23.3,0,15,1,70.5,-2,37.7
2,8303,17.5,1,14,1,81.6,20,39.0
2,21433,17.2,0,4,2,57.9,18,38.9
1,11741,16.1,0,10,2,79.3,12,35.5
2,13320,18.0,0,24,1,58.1,40,38.3
0,16095,12.9,2,25,2,74.1,-24,34.0
3,7979,13.8,0,22,0,63.1,30,26.8
0,9626,11.2,1,8,1,88.1,34,30.2
3,11114,3.0,0,26,0,82.9,3,27.6
2,13789,22.5,2,28,1,77.3,17,42.5
3,13714,20.1,2,26,2,93.7,-11,34.0
2,10590,16.1,0,13,1,43.8,39,37.4
0,12047,18.4,1,27,0,76.2,4,37.7
3,9647,12.8,1,7,0,53.3,7,34.8
0,10437,12.5,1,1,0,86.7,20,32.8
0,14420,20.1,1,12,1,77.2,33,38.5
0,17966,15.9,0,7,0,90.0,3,34.5
0,19412,4.1,1,17,2,42.1,31,33.4
1,10806,5.9,1,19,2,70.4,-2,32.1
1,17549,2.8,1,18,2,80.9,-2,31.1
3,11814,9.2,2,25,2,74.5,14,30.9
2,23864,16.1,0,12,2,51.0,4,35.2
3,6746,15.4,2,21,0,74.4,13,30.0
3,15761,4.9,1,27,2,90.9,-8,29.1
2,8535,6.7,0,6,2,53.8,-6,33.8
3,22922,20.7,0,11,2,54.6,-15,39.7
2,18305,22.8,0,9,2,89.7,6,40.4
3,9229,17.5,0,28,1,90.3,11,33.5
3,10151,11.3,2,23,2,55.8,-10,33.4
2,5461,16.6,2,12,1,88.3,10,34.5
1,16441,13.0,0,5,0,64.2,-9,28.6
2,22202,5.4,0,9,0,48.3,18,32.6
2,19251,12.0,0,12,1,93.0,0,39.4
3,6068,2.8,1,30,1,49.1,34,25.8
3,9379,23.9,2,27,2,92.6,33,35.3
3,22571,12.1,0,13,0,92.6,30,30.3
0,5720,18.2,2,17,1,66.8,37,36.4
2,24604,5.9,1,3,0,66.9,29,36.8
1,13373,13.5,0,7,1,77.2,2,32.2
3,10122,8.1,2,15,1,60.8,25,30.8
3,6639,4.1,2,12,0,82.4,7,33.0
0,7794,8.1,2,7,2,58.1,24,32.7
1,14072,4.8,1,27,0,63.1,38,27.2
0,21249,10.1,1,22,0,49.5,4,28.8
3,20968,21.8,0,26,1,72.8,-20,35.7
3,24787,19.8,0,17,0,45.0,39,27.2
0,10293,10.8,2,26,1,85.7,-9,37.1
2,8096,15.6,2,14,0,79.3,13,40.7
0,20320,2.2,0,18,2,68.5,-9,29.0
3,17618,11.3,1,19,1,42.0,-3,29.8
0,10952,4.3,1,13,2,80.4,-17,30.3
2,6733,22.2,1,30,2,54.7,34,38.1
2,9919,19.4,1,11,0,88.2,-3,36.1
1,14839,8.3,2,3,2,59.5,5,31.8
1,18833,4.3,1,22,0,55.4,-18,29.5
3,23258,11.9,2,7,1,90.7,-4,32.1
1,24134,14.7,0,1,0,51.7,14,29.9
3,5706,18.5,1,13,1,74.2,21,31.0
0,5532,18.7,1,20,0,77.2,29,35.8
1,19899,18.2,1,12,1,52.3,15,32.7
3,8353,10.1,1,26,1,90.7,-22,33.6
0,12405,8.6,0,29,1,77.9,16,30.6
0,15188,7.6,0,3,2,76.5,12,35.6
1,7357,10.8,2,14,1,49.8,38,31.9
1,12574,13.8,0,25,0,64.8,-17,30.3
1,15412,3.7,2,9,2,89.2,40,33.1
1,6961,19.2,2,4,2,45.6,-22,35.1
1,22263,6.9,2,24,0,52.8,37,27.0
0,14132,21.9,2,17,1,62.3,-9,36.0
1,16258,9.0,1,17,2,73.4,-7,32.3
1,18058,2.5,0,2,0,74.0,-15,27.5
2,6046,16.0,2,23,2,63.3,27,41.6
2,16035,7.9,0,13,0,40.2,32,36.0
2,17228,20.1,1,9,0,58.6,-6,37.4
3,23501,14.6,1,1,2,56.2,11,35.1
0,23458,10.7,1,2,0,50.3,-18,36.0
3,18997,17.4,1,30,0,80.5,15,28.8
3,24977,9.4,0,15,1,74.8,18,27.9
3,20784,7.3,2,25,1,47.0,31,27.7
3,6251,5.6,0,4,2,46.6,32,31.6
3,6355,18.4,2,30,1,71.2,0,30.8
2,7574,14.2,2,2,0,49.5,12,37.5
1,21599,17.3,2,9,1,41.1,29,32.5
2,5093,2.5,0,25,1,48.9,-11,30.6
2,9155,20.0,0,18,2,41.6,-6,35.5
3,9447,15.9,2,30,0,70.4,19,28.1
3,11820,14.9,2,1,0,69.9,35,29.1
2,17524,13.5,0,19,0,82.4,3,38.1
1,19648,14.0,2,10,0,67.1,-14,31.2
1,8672,15.4,1,23,0,81.9,-8,33.7
3,21499,20.2,2,28,2,90.8,-10,37.5
1,14382,8.7,1,9,1,91.6,-19,32.5
2,16781,22.0,0,21,2,89.1,27,37.8
2,14553,21.5,1,23,1,81.4,0,36.6
0,10371,23.7,0,23,1,60.9,-5,37.1
3,23130,6.0,0,21,1,73.4,-1,29.6
2,14956,18.1,1,18,0,79.6,-10,38.7
0,21133,14.6,0,2,1,46.1,5,34.9
3,5361,12.7,2,8,0,72.7,-12,36.1
1,24493,20.8,2,25,1,77.4,-19,36.0
1,7226,16.9,1,17,1,86.9,-13,34.9
2,20167,7.7,2,8,0,52.5,-5,39.6
0,20114,3.2,0,23,1,77.0,-20,31.0
1,14114,17.4,2,13,1,46.1,-19,32.9
0,6816,7.2,1,28,0,66.5,19,31.7
2,19656,16.9,2,8,1,57.1,22,36.7
0,6738,18.7,0,14,1,64.5,7,32.9
0,22711,12.8,0,20,1,56.0,-18,35.6
3,18258,18.2,0,9,1,67.1,5,37.7
2,23019,18.4,2,1,2,65.8,27,39.1
3,24097,10.7,1,7,2,64.8,23,29.7
3,6046,13.4,0,21,2,72.8,1,32.1
3,10182,8.0,1,15,1,90.6,-25,34.5
1,21791,19.2,0,14,2,47.6,32,37.7
2,15232,17.6,0,10,0,82.0,9,36.7
1,20176,15.3,2,10,1,88.7,17,33.0
0,5331,16.8,1,10,1,78.6,-15,38.6
1,18578,8.1,1,19,0,82.3,10,30.2
1,9884,11.3,0,29,1,64.1,-9,33.6
3,23355,17.8,0,1,1,83.5,-9,35.5
1,10449,6.8,0,21,0,60.2,3,28.8
3,18803,5.4,0,26,2,57.4,16,28.4
3,12357,19.8,0,27,2,72.8,20,29.5
0,10701,19.2,0,1,0,44.3,3,38.4
3,8603,6.6,1,15,1,83.4,9,28.5
3,8821,2.0,0,30,2,65.2,-17,32.0
3,21775,4.9,2,11,2,50.4,-13,32.8
1,7289,13.8,1,27,2,61.4,34,32.5
3,21648,13.8,0,5,1,55.4,24,30.2
3,13230,18.2,0,9,0,55.0,39,33.5
2,19955,15.3,0,27,2,58.3,-16,39.4
3,8634,13.7,2,15,2,80.2,1,32.8
1,9599,17.2,0,13,0,40.4,22,30.7
2,18138,7.7,0,6,0,51.4,16,31.2
3,24362,21.5,2,19,0,73.6,31,32.8
3,14539,21.1,2,27,2,72.2,33,32.0
1,15529,7.2,1,9,1,94.4,17,30.5
0,24941,14.7,1,11,1,41.9,-8,33.9
1,14600,7.4,0,9,0,79.2,29,29.9
1,5644,21.8,1,11,2,89.5,20,39.4
3,5809,21.6,1,17,0,43.3,-21,36.4
1,20626,6.5,0,13,2,81.9,-6,31.5
2,13574,2.6,0,27,1,86.5,26,36.7
1,24396,14.5,0,5,0,41.1,-1,28.8
1,20349,3.3,0,10,2,41.0,5,29.0
3,12762,12.1,2,5,2,48.8,0,32.9
0,19861,16.4,1,26,0,78.7,-12,36.3
0,11849,13.1,2,1,0,62.4,34,35.2
3,10210,13.2,2,4,0,62.8,7,33.9
1,13411,6.1,2,23,0,50.7,18,26.6
1,13551,12.6,1,22,1,80.7,28,34.1
2,22197,19.9,2,11,2,91.7,38,42.5
0,19474,2.9,0,20,0,53.9,1,31.6
3,14014,9.8,0,17,1,81.6,20,29.6
3,20571,11.1,2,25,1,49.8,35,26.2
1,9602,11.5,0,11,0,42.9,-25,30.2
3,8167,4.0,0,1,2,40.3,27,30.0
2,22640,2.4,1,23,0,57.1,12,33.5
3,8200,20.4,0,19,1,50.5,16,34.0
1,13551,7.6,0,24,1,55.4,0,29.4
3,14781,15.4,2,2,0,52.6,-13,36.3
0,6550,22.8,2,18,2,43.2,-3,42.0
0,16699,4.0,1,7,0,72.1,31,29.5
0,22201,7.5,0,7,1,78.8,-18,32.4
1,21749,3.3,2,10,1,58.7,-9,29.5
1,24492,20.2,2,6,0,41.7,-10,32.3
1,18627,13.0,2,7,0,49.0,-10,27.3
1,11431,20.5,2,22,1,70.2,-11,35.9
1,22242,3.6,1,28,0,44.7,-9,26.9
2,24135,19.6,0,1,2,58.0,4,38.5
1,14030,21.6,2,18,2,72.6,-9,38.4
2,20153,21.8,0,17,0,45.0,-10,39.4
0,9323,18.1,0,19,2,55.7,-1,36.9
0,5316,16.0,1,30,1,42.8,5,33.9
2,20120,4.2,1,30,0,45.2,10,33.8
2,9264,2.6,2,1,1,91.7,-19,35.0
2,12749,11.1,2,9,2,55.5,5,33.5
0,10697,23.6,1,7,0,79.9,25,39.0
3,13872,21.9,1,17,1,54.5,18,34.5
0,21143,9.3,0,8,2,92.1,-19,34.1
2,8072,23.7,2,18,0,91.8,-19,41.2
1,11492,11.0,2,27,2,91.4,39,34.7
1,5817,18.3,1,8,2,94.8,-7,37.9
0,6286,8.0,0,30,2,59.2,-22,33.1
2,13808,19.1,1,30,1,75.0,7,41.1
0,21103,12.4,0,7,0,79.5,31,34.0
3,21902,23.1,2,2,1,61.9,-14,39.8
3,19763,7.7,2,8,1,48.2,-4,31.4
0,24767,18.9,2,13,2,55.2,19,37.4
0,20186,16.6,1,4,1,90.8,28,36.1
3,22255,11.6,2,14,2,42.0,17,32.4
1,23564,15.9,0,30,0,41.7,29,31.1
3,17038,13.2,2,25,1,81.9,-9,33.1
3,7130,5.6,1,26,1,82.6,-12,28.7
1,21084,20.6,1,27,2,69.8,-24,38.2
2,20596,19.9,0,8,1,65.2,-14,38.0
1,12794,12.9,2,1,2,79.4,-23,33.4
0,21334,14.0,2,8,1,61.1,17,35.5
2,23406,6.2,2,23,2,75.1,11,37.7
2,17463,2.2,2,22,2,94.5,12,37.6
2,12030,11.5,2,30,2,84.2,-11,39.5
2,22823,23.5,0,11,1,85.1,-8,41.9
3,5763,22.7,1,8,2,81.0,37,33.6
1,13791,2.9,0,30,0,46.6,-12,26.3
3,14712,10.3,2,4,0,88.7,-22,36.1
0,16271,19.9,2,30,2,55.0,16,42.6
1,5444,8.9,1,19,1,71.7,12,29.7
2,9134,9.1,0,21,1,93.9,-13,32.7
1,10772,16.3,1,24,2,71.1,18,38.0
2,18052,17.8,2,27,1,92.6,-11,41.4
0,22544,9.0,1,17,2,65.9,-11,31.9
2,16143,12.4,0,26,0,93.8,-17,33.3
0,20933,20.4,2,30,2,89.4,7,42.1
1,18940,6.7,1,21,1,75.9,-10,30.0
2,8804,16.6,0,26,1,77.5,39,35.9
3,5188,18.8,1,15,2,88.4,-6,35.1
2,5398,22.9,2,1,2,90.1,32,37.9
2,9329,7.8,0,17,0,44.2,37,34.3
0,8340,14.2,1,11,2,88.2,-10,34.1
0,10774,2.7,1,5,1,54.4,-24,31.4
0,18483,22.4,1,26,2,77.2,-21,42.6
2,17860,16.3,0,27,2,62.1,30,34.3
3,24501,8.3,1,25,1,49.0,11,29.2
3,23608,4.6,2,26,0,80.8,-6,31.4
2,24078,22.9,1,20,2,56.5,23,41.4
0,14606,4.6,1,28,1,47.6,-14,29.9
2,8437,8.1,1,3,1,74.5,-22,32.8
2,15573,2.4,2,24,1,53.9,32,38.5
0,21209,16.3,0,9,2,41.2,18,38.7
1,13594,18.0,0,24,0,60.6,11,31.6
0,6423,10.6,2,5,1,45.1,-12,35.5
0,24127,17.6,2,28,2,46.7,22,38.5
1,17323,17.1,0,4,0,45.9,-22,31.8
1,6830,22.2,2,24,2,42.5,15,36.4
0,11381,22.2,0,12,1,85.9,17,38.4
2,12166,3.1,1,14,1,41.0,-5,33.2
1,20948,12.9,0,23,1,46.9,16,31.6
0,7091,8.4,2,29,0,49.5,28,32.4
0,19977,8.0,0,23,1,41.2,-25,32.9
3,6855,2.0,0,17,2,50.7,15,28.0
0,18532,7.0,1,2,2,86.5,22,33.0
1,12564,3.9,2,14,0,59.4,-10,27.0
2,19204,3.2,0,1,2,68.6,14,37.9
1,14228,3.2,0,18,0,66.8,28,27.4
0,6579,14.5,1,3,1,89.7,33,34.4
3,16254,23.8,1,19,2,62.9,13,35.6
2,5613,21.6,1,22,1,62.5,-5,36.8
0,11786,16.4,0,23,1,70.3,-5,35.9
0,24636,11.9,2,8,2,45.1,6,35.6
2,13898,20.5,0,5,1,90.3,20,35.0
1,12055,15.5,0,29,0,70.1,-17,30.3
3,16138,7.0,1,2,2,50.8,16,30.3
3,24427,10.2,1,30,1,59.4,7,29.7
3,10597,5.3,0,7,2,88.6,35,26.4
3,23151,15.0,1,15,2,94.0,5,36.7
3,13923,10.8,2,7,1,44.2,27,29.1
0,13090,3.6,2,12,2,51.1,-17,30.8
0,24351,7.9,0,6,1,48.3,18,30.7
1,21035,17.1,1,15,0,69.9,-11,33.5
1,8198,6.9,0,19,1,65.2,12,31.6
0,7470,20.7,0,13,2,45.3,38,38.7
1,18294,6.8,2,18,2,59.6,-5,32.5
1,8471,22.7,2,18,1,44.3,23,32.6
2,7582,18.8,1,11,1,89.4,-12,35.5
1,11288,12.7,2,2,0,68.7,25,30.4
2,18125,3.5,1,20,0,54.2,-14,33.9
1,10602,17.8,0,24,1,40.5,14,31.5
3,8721,4.0,1,27,0,69.8,-12,34.3
2,17693,21.0,1,26,1,49.7,-20,37.3
2,19971,19.0,2,30,0,60.0,-13,43.7
3,5552,5.6,0,4,1,78.8,17,31.8
0,6999,15.4,1,4,1,83.9,12,35.6
3,18611,12.8,2,20,2,94.3,-7,33.6
1,16190,16.0,0,17,1,82.9,31,32.4
0,8851,11.2,0,17,1,93.0,14,33.4
2,17472,4.7,0,26,2,58.4,-1,35.1
1,8395,14.1,2,24,0,52.3,-13,30.4
3,19464,5.4,0,15,1,67.3,21,29.8
2,24252,16.1,2,30,1,69.0,24,41.0
0,17597,11.9,2,22,2,69.7,20,36.0
3,24926,6.0,1,29,2,54.1,-16,33.2
2,11534,3.0,0,30,0,88.0,-2,37.0
1,24816,6.1,0,25,0,89.1,22,29.9
1,16472,7.4,2,25,0,86.5,24,31.2
0,5631,19.3,0,13,2,60.2,0,41.2
2,17513,12.6,2,15,1,90.2,37,34.9
1,22572,3.9,2,12,0,64.4,-14,28.6
1,18901,22.0,0,20,0,90.0,-4,34.2
1,15374,17.9,0,7,2,71.2,10,37.5
0,13063,20.3,0,17,0,86.0,-12,39.0
0,18464,22.6,1,16,0,87.6,3,38.4
2,10089,12.1,0,7,2,42.6,-3,37.4
0,21017,14.7,2,28,2,81.3,-17,36.2
0,24534,10.7,0,29,1,63.2,-11,33.2
3,17215,13.6,0,30,1,52.5,19,27.8
2,9607,20.7,1,13,1,40.7,1,38.8
1,8568,22.1,0,9,0,66.6,24,32.1
2,19386,5.2,1,24,1,45.1,29,34.7
1,23355,21.9,1,10,1,52.7,38,32.8
2,9261,22.3,0,26,1,92.3,10,36.6
2,9897,2.5,1,2,1,92.0,25,32.3
3,20078,9.9,2,24,2,72.1,36,27.0
0,15581,15.4,1,6,1,85.9,15,35.7
3,16271,19.9,0,8,0,84.8,40,31.8
1,15075,5.2,1,28,0,67.5,1,26.0
3,13300,23.3,2,1,0,75.0,21,33.9
1,24649,19.0,2,9,2,72.8,25,36.6
0,14886,23.9,0,4,0,52.7,24,40.2
0,15827,3.7,0,29,2,70.2,-10,32.2
1,21298,19.8,2,20,2,53.9,5,36.2
1,23787,14.8,0,28,2,78.8,-6,37.6
0,9646,12.6,2,3,2,44.4,-15,35.5
2,18148,2.6,2,6,0,87.7,12,36.4
0,23809,18.7,1,30,2,79.9,33,39.6
2,20380,22.8,2,5,1,87.8,-23,41.4
2,22166,21.8,0,7,1,88.3,38,40.3
1,5135,10.3,0,6,1,70.3,40,33.9
2,18156,15.5,2,4,0,64.6,3,39.3
2,12202,3.4,1,1,0,85.6,35,30.0
0,24360,4.1,0,9,1,67.4,27,29.3
1,20143,19.2,0,8,1,85.4,-23,35.0
0,22722,13.1,1,25,2,55.3,40,38.5
2,23957,8.9,2,20,0,44.6,29,37.0
1,18666,2.5,0,9,1,79.7,-15,28.0
0,10490,22.9,1,24,2,84.9,-13,41.3
2,10445,15.7,2,26,1,86.1,-13,37.5
3,13012,4.8,0,24,1,42.2,15,28.5
2,19915,11.2,2,8,1,90.7,-9,42.0
1,15255,6.4,2,1,2,85.9,19,32.1
0,19959,15.9,2,14,0,50.9,-16,35.9
3,10552,2.5,2,15,0,52.6,28,25.7
0,20569,18.9,1,29,0,84.7,15,37.1
0,5559,7.6,0,1,2,62.2,0,32.3
2,6389,15.2,0,9,1,48.7,-21,34.9
3,14555,11.2,2,20,2,80.9,-24,33.5
2,20514,6.7,2,5,1,93.7,-10,38.7
3,11440,5.6,1,27,1,68.3,29,25.4
2,18377,20.8,1,23,0,89.9,37,37.6
3,11302,15.3,0,7,0,48.9,27,31.4
3,8170,8.0,2,26,0,67.2,-4,29.7
2,14856,16.0,2,3,1,84.3,24,41.3
1,16298,9.5,1,7,0,52.9,10,28.5
2,17798,19.4,1,16,0,87.2,34,39.6
3,24399,21.5,2,16,2,59.1,37,28.3
2,16064,2.5,2,10,1,76.0,33,38.4
3,23845,19.8,0,20,0,57.8,14,31.7
3,7498,5.3,0,25,1,62.0,13,30.4
1,9895,19.8,2,12,2,48.8,-11,37.6
2,14289,6.4,1,27,1,78.8,8,33.7
2,6556,21.1,1,19,0,60.0,36,37.0
2,9718,11.2,1,2,2,90.5,20,36.8
0,20160,13.5,0,2,1,81.4,18,34.2
2,13602,18.8,1,9,0,75.7,-5,36.4
2,16201,5.5,2,22,2,73.7,5,36.2
1,9066,22.0,0,27,1,46.3,5,34.9
1,21202,21.2,2,7,0,89.6,13,32.4
2,11215,2.9,2,16,1,85.9,-13,33.7
3,24103,12.4,0,29,0,65.3,-13,32.0
3,9212,7.5,1,11,2,91.6,16,31.2
1,21481,2.4,1,30,0,94.2,-11,26.4
0,8020,5.5,2,26,1,92.2,-7,29.4
0,12023,19.5,1,24,1,51.9,-6,35.2
3,10555,20.6,2,7,2,45.8,16,33.2
3,16136,23.7,2,24,0,94.4,2,35.1
3,14599,10.0,0,21,1,79.6,21,28.1
3,19926,17.9,0,10,0,53.8,34,35.9
3,13928,23.2,0,23,1,77.6,34,29.8
3,14906,3.5,2,5,0,87.6,9,28.3
1,12719,11.7,2,12,2,69.4,-10,32.5
2,22510,18.6,1,20,2,86.8,30,39.7
0,24874,19.1,1,14,0,88.5,31,36.9
0,15621,5.7,1,21,0,60.3,25,30.0
2,16822,5.5,1,16,2,87.4,12,36.5
2,13952,15.2,0,10,1,87.0,36,38.7
1,19100,13.7,0,7,1,41.8,-17,32.5
3,6524,11.9,0,30,1,85.4,17,27.2
1,23937,22.9,1,15,1,75.5,6,34.5
0,19839,22.5,2,14,2,94.5,0,42.1
3,7707,20.7,0,22,1,49.6,-8,34.6
3,18902,23.5,2,14,1,48.6,34,30.9
0,13860,2.1,2,15,2,91.3,26,31.2
0,8980,8.7,0,8,1,41.6,28,31.5
0,6862,17.1,2,9,0,81.5,7,37.5
2,15923,16.4,1,17,1,50.7,-15,36.8
3,15443,23.2,0,11,2,50.6,-20,35.6
0,23490,9.5,0,15,1,88.5,17,31.9
0,23116,13.4,0,5,0,47.3,25,34.4
2,16039,22.2,0,12,2,54.9,29,36.4
0,5518,19.7,2,3,2,55.0,3,38.8
0,10823,17.0,0,4,1,58.6,27,34.8
3,12792,15.5,1,21,0,60.1,36,28.7
0,24372,18.3,1,4,1,77.5,15,38.3
1,9351,23.2,0,9,2,41.8,36,37.0
2,20449,13.2,2,15,2,75.6,-5,39.1
2,12636,16.2,0,25,2,53.9,36,35.2
2,17872,15.6,2,1,2,58.3,14,38.6
1,16805,14.1,0,4,0,56.5,-24,30.6
1,21588,15.5,0,14,0,71.4,-18,32.6
0,11845,17.9,1,12,1,63.3,-6,33.5
2,14826,20.3,2,27,1,74.9,17,39.5
2,19202,16.7,1,16,0,82.7,25,38.6
2,15657,23.9,0,10,0,65.6,-22,36.3
3,6661,3.4,1,8,2,43.7,4,29.0
1,16095,23.9,0,10,2,61.1,38,35.3
3,19084,7.2,2,27,1,88.8,0,30.4
2,22606,16.8,1,17,2,77.5,-7,44.1
3,17805,8.0,2,5,0,61.9,13,29.9
0,6890,14.4,2,15,2,56.1,14,39.4
0,19053,18.2,1,23,0,74.9,27,37.7
3,20418,16.6,1,2,1,49.0,6,36.9
0,13868,20.4,0,28,0,44.1,38,37.8
1,24859,10.4,0,27,0,94.3,29,30.2
0,23048,18.8,0,19,2,53.3,17,42.4
3,6761,14.4,0,10,1,51.8,-12,33.9
0,9024,13.7,2,17,0,87.7,16,35.2
2,22330,12.5,1,9,2,56.0,-8,39.6
2,16322,18.9,1,25,0,43.8,11,37.5
1,21886,2.4,0,18,0,48.4,-12,27.1
1,21666,22.7,1,21,1,66.5,36,36.8
0,10955,21.8,1,3,0,56.5,5,36.5
2,9749,18.1,1,20,1,50.8,37,35.8
0,8515,21.5,2,15,2,58.2,-10,42.2
2,10322,6.8,1,30,0,70.2,13,35.7
0,7163,18.0,2,6,1,52.6,14,38.5
2,15989,23.8,1,10,2,40.7,-5,40.9
2,19458,10.9,1,6,1,67.3,-10,36.0
3,8438,10.7,2,25,2,57.7,-9,30.6
1,24839,11.9,0,7,1,45.2,-23,31.5
1,5088,23.7,2,26,1,92.5,7,36.1
2,6840,6.2,1,25,0,69.7,-17,34.1
2,24355,5.9,1,27,1,60.3,10,40.8
2,15746,11.9,1,11,2,59.0,1,37.1
2,10280,10.9,2,8,1,73.0,-25,34.7
1,7607,18.0,2,11,1,64.7,9,36.6
2,22262,7.8,0,15,2,42.7,9,38.5
1,5582,12.9,0,23,2,58.6,25,35.0
2,20892,5.7,0,17,2,44.4,39,34.6
0,18055,4.3,1,30,2,49.2,30,30.9
0,23286,13.2,1,28,0,73.3,7,36.0
2,9377,19.6,1,11,2,75.2,29,37.0
3,7164,21.4,2,2,0,49.2,34,32.4
2,24391,4.6,1,1,1,65.0,7,36.0
1,7980,7.5,0,9,2,72.3,-24,32.1
3,7008,16.2,2,3,2,42.6,26,35.5
1,20466,18.5,1,15,0,89.4,-4,31.5
0,11942,23.3,0,27,1,61.1,20,41.4
2,5526,12.4,1,7,1,54.6,-14,33.6
2,10952,22.5,0,15,0,44.0,18,35.7
2,10172,16.6,2,24,1,53.1,-9,37.4
1,17102,8.2,1,19,0,81.8,6,29.1
0,5011,14.0,0,16,2,50.8,-25,38.9
3,14519,5.7,2,15,2,83.6,11,28.2
3,14888,14.9,2,5,2,59.2,0,34.5
2,10474,15.3,1,11,1,70.8,11,41.1
2,11806,22.2,0,24,2,66.0,-6,32.2
2,6902,6.8,0,13,0,66.9,-3,32.2
3,13811,5.5,1,3,2,84.5,-7,34.1
1,11854,7.0,1,12,0,86.0,-19,30.1
0,9671,9.3,2,2,2,83.2,11,36.1
0,22246,6.8,0,3,2,69.7,40,33.6
2,10129,4.9,2,19,1,82.7,30,34.6
1,12117,16.8,0,23,2,47.1,40,36.7
0,8156,23.4,0,16,2,55.0,11,40.6
1,5228,13.0,1,3,2,68.0,32,34.6
1,22226,3.4,2,1,2,59.5,20,27.7
1,20033,21.6,2,25,1,65.1,0,34.4
0,16844,21.2,1,20,0,49.6,27,37.6
2,9444,15.1,0,26,0,94.0,36,37.6
1,6647,15.5,1,6,0,80.0,11,34.2
1,16676,12.8,0,2,0,75.4,-7,32.2
2,9146,6.9,1,12,1,50.0,15,34.0
0,13740,2.2,2,11,2,71.8,32,31.8
3,7405,17.4,0,19,1,60.3,5,32.8
3,16640,4.0,0,22,2,55.4,40,27.4
3,10336,23.4,2,15,1,89.7,-21,34.9
3,7847,20.6,1,17,0,61.7,20,34.5
2,22696,10.2,2,9,2,71.5,23,39.1
2,5341,5.6,1,18,0,45.9,25,36.7
1,15230,12.4,1,3,1,90.0,10,34.0
1,10769,17.0,1,2,2,71.1,-16,37.3
1,18726,20.9,2,1,1,64.8,-16,35.0
3,22500,3.2,2,30,2,74.3,7,30.5
0,13464,20.8,2,1,0,62.1,13,38.6
0,14031,12.9,1,2,1,69.5,15,35.1
0,23446,21.7,1,4,2,59.4,-13,40.7
0,23703,5.4,1,10,1,40.6,-2,32.3
3,6644,3.3,1,17,1,51.2,37,28.8
2,10956,9.4,0,12,1,91.6,-22,33.8
0,21352,10.0,0,20,0,65.7,1,33.2
1,6506,12.2,2,21,0,45.8,18,28.7
2,5319,3.4,0,12,1,51.6,17,32.7
2,24219,6.9,1,5,1,83.3,10,39.1
3,5431,7.2,0,3,0,79.4,13,31.9
1,13960,9.5,0,14,2,72.6,37,32.6
3,10031,20.0,2,21,2,49.1,2,35.7
3,21808,12.5,0,17,0,82.3,-7,35.4
2,6917,22.2,2,8,0,46.1,25,36.3
2,15183,15.9,0,25,0,87.9,-10,39.9
2,17986,13.8,1,2,0,44.2,25,38.1
1,20201,4.8,1,20,1,86.3,13,29.5
0,24693,4.0,1,18,0,73.3,13,30.7
2,18869,23.9,1,9,2,53.4,-9,41.2
1,17877,11.9,1,7,1,47.6,32,29.1
2,24508,8.5,2,12,1,85.9,27,40.3
3,17815,3.5,1,4,1,75.7,32,27.8
0,18251,10.6,1,22,2,74.5,8,33.2
1,24010,11.4,1,28,0,76.9,-17,30.3
1,16761,11.0,2,28,1,90.6,9,33.3
3,16934,4.4,1,21,1,61.1,13,30.0
0,13013,7.4,2,22,1,54.4,-19,31.4
1,22711,4.7,1,20,2,40.1,28,31.2
0,24833,16.7,0,10,0,54.9,31,36.3
1,23686,7.3,2,1,2,63.4,21,33.5
0,24382,5.1,2,12,0,83.6,-13,31.5
2,11746,11.3,1,12,0,94.5,-7,40.5
0,11344,19.2,0,14,1,69.2,32,39.9
1,5426,17.2,2,20,1,50.0,-21,33.2
0,9736,5.9,1,12,0,46.6,15,31.5
1,11867,16.8,1,11,0,84.5,37,31.9
3,8579,21.1,2,2,2,80.4,28,32.3
2,9283,3.5,1,17,2,87.5,30,33.0
2,16684,14.1,2,25,1,83.6,-13,40.0
1,23866,4.9,1,28,0,93.7,32,27.6
0,8187,10.0,2,14,0,75.0,1,31.7
3,23619,21.1,2,22,0,64.0,15,31.8
2,6973,15.9,2,8,1,59.2,-7,36.8
3,12331,19.9,1,22,1,53.7,32,31.1
0,23138,12.5,0,21,2,60.5,-12,36.9
1,16748,15.0,1,15,1,93.6,18,33.8
3,21405,21.7,1,3,0,56.0,9,34.6
1,17126,20.1,0,3,0,40.9,15,30.8
0,22604,5.2,2,11,2,76.3,-13,33.4
1,14446,20.7,0,9,2,70.5,-18,36.2
2,16296,21.3,1,30,1,46.2,33,36.6
1,15435,10.0,1,1,0,78.3,26,29.3
2,5214,17.3,0,12,1,70.4,-21,34.5
0,24210,15.7,1,30,0,83.5,17,35.3
2,8709,16.7,2,12,0,47.1,-24,39.8
1,13564,14.4,1,7,2,62.4,19,32.1
3,7348,13.4,1,19,1,67.5,30,29.5
2,11039,16.4,2,14,0,41.0,-11,38.0
0,14002,17.6,0,8,2,48.5,16,38.2
0,7617,14.4,2,11,1,81.4,37,33.7
0,23235,16.7,0,26,1,79.9,-13,37.4
1,9214,12.9,2,19,0,56.4,34,29.7
1,8878,3.3,1,25,2,89.6,-15,33.3
3,12648,15.0,1,23,2,86.6,20,30.6
0,18379,5.1,1,2,1,41.0,-5,28.6
0,10187,14.4,1,2,2,78.0,40,35.3
0,22410,9.1,0,8,1,70.9,15,31.1
0,16071,14.2,1,8,0,56.3,38,35.1
3,8297,8.8,1,17,0,47.0,1,30.8
2,14495,11.5,1,26,0,72.0,23,37.2
0,15380,14.3,0,12,2,59.3,-16,36.8
2,24323,8.4,2,8,0,84.5,28,37.4
2,5381,11.7,0,22,2,60.8,-12,33.2
0,13906,3.8,0,19,2,86.3,40,30.2
0,11554,16.6,1,19,1,74.7,19,36.0
1,9984,14.8,1,11,1,71.1,0,34.4
0,8686,18.5,0,29,2,44.5,-10,37.5
3,23099,13.6,2,13,1,79.7,2,32.9
0,10688,7.1,2,28,0,47.1,37,30.4
2,6723,14.4,2,12,1,45.9,22,36.2
0,6105,19.5,0,19,2,80.0,22,38.8
2,13635,10.1,1,16,1,67.2,39,36.9
1,6889,16.1,0,8,0,47.3,-5,30.9
0,8986,5.9,1,14,1,72.5,-21,33.8
2,10280,19.8,0,7,1,41.9,19,33.7
3,16555,6.7,1,25,1,67.4,-24,30.7
1,23341,13.3,2,5,0,41.9,27,31.2
3,14791,22.6,0,20,1,57.0,-13,35.6
1,21982,16.2,2,10,0,77.9,8,31.8
1,12101,4.7,1,12,2,80.1,-13,31.0
3,15056,23.8,2,14,1,66.3,-15,37.5
0,7512,2.4,2,10,1,66.6,0,31.4
3,13246,17.8,1,28,2,88.9,32,27.4
2,23451,15.8,2,24,1,52.8,-7,41.0
3,8797,9.4,1,21,2,59.1,-25,35.7
0,19777,18.9,0,4,1,63.8,-20,39.9
1,17068,9.9,0,27,2,77.4,-24,34.5
3,10183,19.9,2,10,0,72.9,-16,37.3
1,18342,16.3,1,15,1,72.6,-18,35.3
1,23410,2.2,0,9,2,52.2,8,30.4
3,21131,20.1,0,22,1,62.5,16,30.3
3,23470,21.6,0,5,0,77.0,-20,38.6
0,7081,14.8,0,5,1,45.0,-9,35.7
0,9849,5.3,0,2,0,87.3,-24,28.2
1,20562,20.4,2,29,0,45.0,21,31.1
2,11336,6.6,0,18,0,77.2,-3,38.7
1,8606,9.3,1,30,2,50.5,2,32.9
0,11765,10.7,0,5,2,43.6,29,33.8
1,14937,23.1,2,14,1,51.5,-15,34.1
1,21483,10.7,0,24,1,71.3,-10,34.0
1,14729,10.2,1,3,1,72.4,-14,33.4
0,14574,18.6,1,26,1,47.9,-23,36.3
1,18393,17.3,1,23,1,53.0,-21,32.4
3,21990,5.3,1,14,1,58.7,40,28.2
0,14928,23.4,0,5,0,88.2,11,39.9
0,10226,8.8,0,24,1,93.4,-4,34.8
1,22962,5.1,2,21,2,50.0,36,32.6
0,7858,6.8,2,1,2,45.2,20,29.0
3,20463,6.5,1,1,2,40.2,-5,32.6
2,24775,17.0,2,10,2,41.9,20,43.9
3,9602,16.1,2,25,2,73.3,35,29.6
3,6917,21.0,1,18,2,68.3,38,33.2
2,9986,8.8,0,12,0,76.5,33,33.5
3,24242,2.0,0,7,2,75.8,40,29.3
1,6704,17.1,2,15,0,64.8,13,29.3
3,11354,21.3,1,5,1,62.9,-15,34.9
2,5167,6.6,1,14,0,60.5,-17,35.0
2,13289,23.9,2,23,2,88.5,5,38.0
3,13146,16.2,2,30,1,53.9,2,35.4
2,17623,18.2,2,5,2,47.3,4,41.1
1,10373,16.3,0,12,1,61.6,-20,33.7
2,10616,11.0,1,7,0,59.1,37,36.6
2,7187,15.7,2,11,2,69.0,1,42.2
0,6189,7.7,1,15,0,90.3,32,32.6
0,20677,20.3,0,3,1,53.2,-12,37.7
0,19262,18.0,2,3,2,53.0,33,37.8
0,24690,5.9,2,28,2,62.1,19,31.6
0,20144,9.0,1,28,2,53.6,18,37.1
3,24703,4.2,1,7,1,55.0,15,30.1
3,8445,13.9,1,28,1,43.6,-16,34.6
3,23229,23.7,1,14,0,46.2,-4,35.6
3,10169,8.5,1,26,0,50.8,23,28.3
2,14114,7.9,0,20,1,42.9,34,31.9
3,18430,18.0,1,1,2,43.0,21,31.1
1,8752,22.4,2,2,1,89.3,34,35.7
0,5446,12.4,1,7,0,82.8,-2,35.1
2,15759,20.8,2,14,0,58.4,-18,39.6
2,21625,21.4,2,8,2,59.2,0,39.6
1,23138,5.2,2,5,1,71.6,16,28.7
0,16088,17.6,0,7,1,89.0,-24,37.9
0,16970,8.5,0,2,1,81.7,36,31.7
3,10083,4.3,2,23,2,68.0,-12,30.5
0,24929,18.3,2,3,0,93.1,-16,36.0
1,14384,3.2,1,25,1,76.8,4,27.6
3,22846,17.1,0,4,1,46.4,8,33.6
3,6700,3.0,0,18,1,82.9,23,28.4
2,9457,20.4,0,24,1,76.1,16,39.9
2,13009,19.0,2,23,1,74.3,11,36.7
2,12494,11.3,2,22,0,70.1,-9,34.1
0,12375,4.1,1,24,2,57.2,-24,32.8
3,11141,5.5,0,2,2,59.0,13,30.5
0,9151,16.3,1,26,2,84.0,-18,40.6
3,11153,2.0,1,13,2,76.1,-5,31.6
0,12037,15.8,1,21,0,77.0,33,36.5
0,8257,7.5,0,6,1,51.8,19,28.4
2,16945,14.6,1,12,0,67.0,-23,35.1
0,9983,2.5,1,12,2,58.6,28,30.7
2,21802,19.9,1,26,1,61.7,18,35.8
1,12818,11.2,1,5,1,85.8,1,32.2
0,8855,20.4,2,10,1,49.3,-18,39.1
3,20303,19.9,1,4,2,84.9,21,33.0
3,12590,2.6,2,3,2,64.4,16,32.0
2,5807,8.0,2,8,1,65.1,-16,37.1
2,6201,4.4,2,30,1,65.5,-16,35.2
0,16105,15.4,1,5,2,91.9,17,38.8
3,11356,3.7,1,10,1,69.0,3,28.3
1,13182,14.4,2,23,2,47.4,33,35.6
1,23374,16.7,0,12,0,80.9,-9,31.9
1,24031,3.1,2,20,0,88.2,30,29.2
0,15787,22.4,2,7,1,65.2,33,40.7
2,6821,20.2,0,9,2,52.3,13,33.6
3,23549,15.4,1,8,2,92.4,-12,32.1
1,14801,21.2,1,16,2,59.8,5,36.2
3,10917,23.7,0,24,0,69.6,8,30.8
2,20968,8.1,2,14,1,92.4,-13,41.4
3,10521,14.5,1,27,2,59.7,-18,36.6
2,13059,18.7,0,27,2,63.1,8,32.8
2,20838,23.5,0,12,0,54.0,30,40.0
1,19356,4.8,1,22,0,72.0,31,31.0
3,15738,7.4,1,27,2,46.4,24,29.6
1,24007,11.7,0,16,0,48.1,20,30.5
3,5470,6.2,0,26,1,41.9,-3,34.5
3,18135,23.9,1,15,1,92.3,-23,39.5
2,16982,16.4,0,29,2,41.5,29,37.0
2,8348,19.5,0,5,1,60.5,3,34.3
0,5726,16.3,2,25,2,50.3,18,38.4
0,21984,19.9,1,19,2,87.7,11,39.5
0,14355,18.2,0,14,1,50.1,-13,37.1
1,20358,2.3,2,19,2,87.3,16,31.2
2,12840,3.5,2,17,2,74.0,31,38.7
2,9485,6.5,1,23,1,65.7,-3,35.8
1,8826,3.5,1,2,1,69.9,6,29.6
3,7405,11.0,1,29,2,51.3,-9,32.3
1,17153,11.1,1,15,0,64.1,-17,30.7
3,8102,16.2,2,25,1,48.4,1,30.8
1,8187,23.7,2,2,2,76.5,-6,38.1
0,9636,18.4,1,20,0,44.1,-15,36.5
2,23456,10.0,2,28,0,93.9,25,38.8
0,15243,18.3,1,2,2,58.5,-6,39.2
3,7951,11.6,2,25,1,46.3,-15,29.6
2,11651,16.9,2,5,1,55.9,12,41.0
3,16314,2.1,0,23,2,53.9,19,26.2
2,5722,16.9,2,18,2,76.4,40,39.3
1,19432,2.3,2,2,1,48.6,-1,28.4
1,13999,10.3,2,23,2,82.3,-22,32.4
0,17223,23.8,0,10,2,77.5,38,42.8
1,6686,3.5,0,25,1,82.2,-8,31.0
0,9191,17.6,0,19,0,47.6,-25,36.6
2,16235,4.5,1,2,0,93.6,29,29.4
3,5177,2.6,2,15,1,53.3,19,27.1
2,9782,5.2,0,10,2,86.2,-18,36.6
0,23268,8.9,0,29,0,88.6,-25,31.1
1,14405,18.2,1,16,0,88.4,32,31.6
1,7319,21.8,0,10,2,71.3,-18,41.1
2,7904,12.0,1,22,2,75.0,38,33.8
1,5667,15.0,0,21,0,45.1,-24,29.2
1,20048,15.9,1,16,1,77.6,-18,34.3
1,8841,7.2,0,17,2,89.2,21,33.6
2,12912,15.4,1,21,1,51.5,-4,40.3
2,23524,21.5,1,20,0,86.2,-25,40.8
2,13979,15.1,0,21,1,57.9,39,38.9
1,19659,14.7,2,13,0,50.8,-2,32.0
0,14449,17.4,2,18,2,58.7,-2,36.9
3,15397,18.7,0,12,2,93.4,27,32.1
1,16130,10.1,2,18,2,70.0,16,33.3
2,12899,21.1,1,17,1,90.7,9,38.2
3,20582,4.0,1,5,2,75.9,12,33.5
1,24946,2.7,0,30,2,92.8,5,30.3
0,18775,10.8,2,19,1,44.6,18,36.5
3,15461,20.5,1,23,0,73.4,-25,36.5
2,12519,11.5,2,26,0,82.7,-19,35.8
0,8652,9.4,1,29,2,56.6,9,34.0
2,17661,17.7,0,28,2,42.5,14,38.8
0,19095,20.0,0,20,0,64.7,-7,38.8
1,22500,20.1,1,28,2,45.0,1,35.3
0,6143,18.6,2,23,1,86.2,34,38.0
1,9735,13.6,0,1,1,54.9,9,32.7
3,7224,23.7,1,4,2,84.8,36,33.3
0,21559,8.2,2,23,0,87.3,-22,33.0
1,8774,17.9,1,21,2,76.9,-6,37.7
2,22515,11.7,2,26,0,91.0,10,39.5
1,17326,16.2,1,18,2,73.8,-10,37.0
1,21583,17.8,2,10,2,81.8,35,35.7
0,17888,2.5,1,7,2,41.4,-22,33.2
2,5045,14.0,2,4,1,61.1,16,36.7
1,13908,19.8,0,28,1,73.6,38,33.7
3,19726,3.4,1,1,2,88.5,10,32.2
0,20309,9.9,2,5,0,63.7,-16,33.5
1,20837,13.6,0,5,2,69.5,-5,32.6
1,13864,5.3,0,4,2,48.7,3,31.6
3,19817,14.7,2,30,0,44.5,39,27.3
1,22784,3.4,0,27,2,56.9,37,30.8
1,23764,20.1,2,22,0,56.6,24,33.1
2,11916,12.0,1,10,0,86.4,3,35.0
3,17153,8.4,2,15,0,40.4,-3,30.6
1,19851,5.2,1,12,2,62.7,-11,31.8
3,21227,16.8,0,26,1,50.5,26,29.0
3,22934,20.1,0,10,2,73.0,23,31.6
3,14827,6.5,0,8,0,63.9,11,29.0
3,12109,17.3,2,30,0,63.0,23,30.8
0,8286,17.6,1,17,0,64.6,-5,39.1
2,23004,7.9,1,7,1,51.9,22,38.0
3,11869,12.0,0,3,0,75.9,-3,34.1
1,10452,2.7,0,19,1,76.3,15,29.5
2,11439,18.5,1,3,2,65.8,1,36.3
3,15598,12.3,0,16,2,55.9,17,31.1
3,24600,5.8,1,28,1,64.8,1,27.1
3,17044,13.6,2,1,1,92.4,-22,35.0
0,12823,22.5,1,26,0,60.8,36,41.8
3,13301,4.0,2,8,2,62.7,-8,34.2
3,15950,17.3,1,19,1,49.0,-19,29.3
3,9123,16.6,2,6,1,53.7,-14,34.3
2,8167,3.3,0,28,2,87.5,-5,29.8
0,5170,16.4,2,15,1,65.5,13,35.0
1,19610,6.6,1,4,1,56.7,7,30.2
3,16606,11.6,0,6,0,40.3,-7,33.3
2,15658,20.8,1,7,0,78.2,-13,36.3
2,12082,13.5,2,3,1,73.3,13,34.8
2,15958,20.9,1,20,0,54.2,15,39.1
1,18399,21.9,0,7,2,84.7,33,39.3
0,12463,4.2,2,21,2,74.9,-19,29.7
0,19864,22.0,0,21,2,68.8,-25,42.5
1,9444,9.2,2,29,2,60.1,9,33.8
0,21990,6.2,0,13,0,91.5,10,32.0
3,8011,16.3,2,17,2,63.7,16,33.3
3,6901,18.4,1,27,2,66.8,10,31.6
3,6352,11.1,2,5,0,78.2,-7,33.1
1,7265,18.1,1,24,2,43.9,16,35.6
2,5732,4.2,1,30,0,78.4,8,33.4
0,24731,11.9,2,27,2,54.3,16,34.0
0,21573,8.9,1,21,0,65.6,16,33.7
1,17125,3.9,2,20,2,61.9,-24,33.5
1,21451,13.4,1,30,1,47.4,-21,31.7
2,21470,7.4,1,21,1,52.2,-11,35.6
3,15251,16.9,2,19,2,85.7,8,34.1
2,19514,18.2,0,28,2,64.5,19,39.8
1,6309,6.8,0,27,2,60.6,25,32.6
2,16166,22.0,0,11,2,49.3,-24,37.4
1,16461,2.8,1,28,0,49.3,-2,27.3
3,5995,4.1,1,18,1,53.9,-16,29.4
0,15964,22.5,2,3,1,64.1,-11,39.5
1,17575,8.9,2,30,0,56.6,37,28.1
2,17366,19.6,0,6,2,85.8,8,35.9
2,8925,3.5,0,17,2,44.5,-16,34.8
2,13319,10.8,1,14,1,43.4,-8,36.0
2,21034,17.4,1,11,1,63.6,40,36.8
0,17707,14.8,0,1,2,43.3,10,35.7
2,7710,13.1,2,24,2,82.1,16,34.7
2,5739,13.9,2,29,0,40.3,16,34.2
0,19058,11.3,0,25,2,62.8,8,33.6
1,7626,8.8,2,2,0,64.9,-8,29.8
1,14406,10.9,2,27,2,55.9,4,31.7
1,23947,18.3,1,24,2,69.5,15,35.2
2,13826,17.0,2,11,0,63.4,-18,37.4
3,12866,11.7,0,3,1,55.7,17,29.8
2,6126,21.6,2,25,0,46.9,33,34.4
0,19495,15.9,0,2,1,57.4,-22,38.2
1,8744,4.0,1,9,1,52.3,-17,30.0
3,24701,8.6,1,27,2,55.6,0,32.2
0,14888,19.7,0,8,0,88.5,-3,36.4
0,15656,10.6,1,20,1,51.2,11,31.8
0,23557,13.2,0,21,1,86.7,15,34.1
2,7373,5.5,1,4,2,57.7,-17,32.8
0,7101,11.4,1,17,2,51.3,-11,34.4
2,13499,17.9,0,26,2,55.5,-24,33.3
0,17614,18.7,1,18,2,58.8,-14,40.2
3,16573,22.8,1,29,1,68.9,30,29.6
0,11331,17.3,1,13,1,72.2,35,35.2
1,20012,12.0,2,6,2,73.8,-19,32.3
3,17371,21.4,1,12,0,89.4,14,31.0
1,19287,20.0,2,3,2,46.2,-7,35.5
0,15957,20.0,0,27,1,50.4,-2,40.3
2,10843,6.4,0,1,0,62.5,-4,31.4
3,6302,15.2,0,30,2,45.5,37,30.4
1,13048,2.2,2,18,2,89.7,-20,28.1
1,16782,8.0,0,29,0,74.7,-19,28.6
3,17678,15.3,0,19,2,89.8,-8,33.9
2,7554,23.0,2,11,2,71.6,-4,35.7
0,15059,7.7,2,9,2,78.1,38,32.1
0,22102,3.3,1,11,1,58.6,4,31.4
0,20076,7.1,0,8,0,87.0,6,30.6
0,10749,10.1,2,29,2,64.9,16,35.6
0,21432,18.1,2,1,0,72.0,20,35.2
2,15564,20.3,1,20,0,92.4,7,40.1
3,16803,22.7,2,12,1,81.1,-6,34.0
0,22171,7.4,0,16,2,40.2,18,35.8
3,5813,2.4,1,26,0,86.9,13,24.9
2,10814,15.4,1,7,0,48.1,31,39.6
1,7126,10.0,1,17,0,55.0,-2,27.9
1,15511,17.0,1,21,0,60.3,-7,31.5
0,10171,15.3,2,28,1,70.6,10,36.6
2,18973,18.9,1,13,2,79.5,0,41.9
2,7743,19.7,1,28,1,42.6,-25,38.8
3,17360,5.9,2,15,0,90.0,4,30.3
0,11985,10.9,2,30,2,41.0,8,33.8
2,10206,12.0,0,20,1,68.3,-4,34.4
0,13283,14.4,2,21,1,60.2,-22,37.0
0,10989,8.8,0,7,0,68.3,19,33.5
1,13473,14.8,2,14,2,58.4,-5,34.8
2,17772,2.5,2,19,0,50.4,7,37.0
2,20562,14.4,2,28,0,78.6,3,34.3
1,11112,12.5,2,19,2,84.9,21,34.6
3,18595,13.2,2,29,0,71.1,27,29.5
2,22658,20.0,0,14,2,47.9,12,35.4
0,23252,3.4,1,12,0,76.1,-17,31.1
2,9274,6.6,1,15,0,60.2,0,30.5
0,5649,4.1,2,6,0,50.0,-7,32.8
0,7591,11.0,1,9,1,80.0,40,34.1
3,15340,22.3,2,11,2,73.5,-2,30.9
1,16000,9.4,1,19,2,84.1,32,33.0
1,9618,17.2,1,6,1,89.1,12,33.3
3,19855,7.8,2,21,2,78.8,0,33.9
2,7535,5.2,0,1,2,64.4,-6,28.4
0,20844,4.4,1,10,1,76.4,17,33.1
0,22877,6.7,0,22,0,82.8,14,31.2
1,23146,5.0,0,10,2,44.4,16,29.7
3,17915,21.6,2,9,1,51.3,36,32.0
0,15244,21.5,2,12,2,84.3,1,37.9
2,22261,8.4,1,12,0,54.5,14,37.2
2,11454,9.3,1,14,2,90.8,-3,33.3
1,11781,5.8,1,7,1,52.5,10,31.1
0,17723,5.1,2,15,1,65.2,39,28.0
2,19420,21.0,1,13,2,83.0,33,36.5
3,14426,18.4,0,27,1,90.0,39,29.4
3,16004,8.0,0,20,2,42.0,11,31.9
0,5097,18.2,1,3,0,49.5,-24,37.7
1,5089,15.1,2,27,1,53.3,35,33.0
3,18177,18.4,1,28,2,56.9,35,28.5
3,13401,18.8,2,6,0,52.4,1,32.9
1,19804,11.0,0,20,2,65.6,-22,34.6
0,6752,17.4,1,29,2,66.2,2,38.2
3,12504,6.7,0,27,0,70.1,-12,30.6
1,11513,2.1,0,19,2,75.2,-21,31.7
2,21044,16.0,1,8,1,40.7,10,37.9
3,11918,21.8,0,8,2,94.4,38,37.0
2,20036,9.6,2,10,2,40.8,22,33.6
1,20389,19.5,0,28,2,88.1,12,36.5
0,13358,13.0,1,8,2,88.6,34,35.2
2,6607,6.6,0,18,0,78.7,23,33.5
1,15878,21.8,1,12,2,75.6,31,37.7
3,24742,4.5,1,29,2,78.0,1,32.1
3,6911,13.9,1,13,1,56.1,-4,35.7
2,14405,16.9,0,6,0,70.3,30,36.0
0,9878,23.8,1,20,1,47.4,-17,38.1
1,20827,12.1,2,23,0,47.1,28,30.1
3,22189,11.3,1,9,1,47.7,-16,34.1
0,18164,19.2,1,10,0,51.8,36,38.5
3,5224,5.3,0,19,1,93.5,29,29.4
0,17467,3.5,0,30,2,47.1,28,30.9
3,22127,19.5,0,26,1,57.7,36,32.5
0,15859,23.8,2,14,0,49.6,-12,41.6
3,23839,4.1,1,14,0,48.1,-14,34.1
2,5564,10.3,0,11,2,40.7,36,33.2
3,24728,5.4,0,24,2,74.0,18,29.2
0,18417,4.8,2,6,0,79.4,0,32.3
3,24376,23.7,2,21,0,70.7,18,32.9
1,10520,9.9,2,8,0,94.8,-24,32.2
2,23977,23.2,0,10,2,44.3,6,35.9
0,19929,9.6,2,3,2,41.8,38,35.5
2,8346,15.9,0,27,0,52.7,-17,33.3
2,22747,23.0,0,18,1,64.5,2,34.8
3,24900,23.5,1,28,1,72.0,-21,33.9
2,10144,10.8,2,26,2,82.2,12,34.9
3,16105,8.9,1,29,1,75.1,-2,28.5
2,17318,18.1,1,27,0,75.7,37,35.1
3,7407,23.7,0,1,1,71.4,12,35.6
1,10118,6.1,2,15,1,71.6,-16,30.4
2,10517,3.4,0,8,2,42.5,19,35.2
2,16365,14.2,2,25,0,80.6,-13,40.4
0,9040,20.8,2,27,0,86.1,-3,38.8
2,13146,3.8,2,23,1,79.2,33,34.4
2,10457,11.2,2,29,2,44.6,4,34.7
3,8045,20.8,1,23,2,54.9,26,30.8
2,6024,6.0,1,26,1,45.5,28,35.4
3,5502,13.7,2,26,0,64.1,-3,32.3
2,21713,2.7,2,12,2,92.4,32,38.2
3,7374,14.4,2,1,0,86.3,10,33.5
1,6373,8.9,0,28,1,42.3,28,31.4
2,11956,10.7,2,9,0,53.7,4,39.7
3,21201,12.8,0,29,1,70.3,28,28.8
0,17218,11.4,2,14,2,91.9,15,35.6
0,13513,4.9,1,10,2,77.2,24,29.7
2,23240,14.0,2,5,0,54.9,15,39.2
3,8941,14.2,0,19,1,62.6,-6,29.8
3,22237,8.8,0,4,2,52.7,13,32.3
2,22717,10.8,0,13,2,55.4,-23,36.4
3,24214,22.1,1,9,1,70.3,-7,38.7
2,12313,17.8,0,10,2,84.1,34,38.7
0,23768,18.5,2,24,0,73.3,-1,37.5
2,6578,8.9,0,8,2,61.8,-11,32.3
0,11102,16.0,1,24,2,81.9,18,39.1
2,15978,10.2,2,21,2,83.2,24,37.6
0,21834,20.0,2,14,0,65.0,-12,37.6
2,20048,23.2,1,14,1,78.8,-15,37.7
0,17130,14.1,0,16,1,51.9,1,36.1
3,18845,7.2,1,3,1,40.5,10,31.8
2,13209,13.0,0,26,0,64.3,0,33.0
3,9475,16.4,1,7,0,82.1,5,33.6
1,11701,16.3,0,25,0,79.4,2,33.0
0,16241,22.6,0,3,0,82.4,40,41.9
3,10610,11.2,2,15,2,90.9,18,29.4
2,19729,15.5,0,2,2,70.1,11,36.1
2,5496,7.6,0,23,2,88.4,-23,32.0
1,13642,19.9,0,9,2,52.5,-17,35.8
2,23334,21.4,0,14,2,77.4,2,38.9
0,12515,6.1,2,23,0,49.0,31,30.4
0,5278,17.5,2,19,1,53.5,-11,35.5
3,13221,22.6,1,7,2,75.3,-8,38.0
3,17413,18.6,0,28,1,69.8,17,30.6
2,24410,19.8,2,7,1,70.0,-24,39.4
2,18417,23.8,2,3,1,74.4,6,38.2
2,15792,2.7,2,30,0,64.8,-18,36.2
2,17580,15.9,2,18,0,64.6,35,41.3
2,24755,18.0,1,16,1,83.0,-23,40.8
0,23142,15.2,2,19,1,71.4,21,34.7
0,5918,15.6,1,29,1,76.5,-25,35.7
1,7145,15.6,0,17,2,89.2,-11,39.8
1,19010,7.5,2,20,2,80.9,-8,34.2
1,9154,12.7,0,1,2,84.5,-9,35.2
0,21869,17.5,1,9,2,56.8,-2,39.8
2,12567,15.7,1,9,0,67.7,22,38.4
1,7357,4.9,2,24,0,61.0,9,27.1
1,21907,7.3,1,17,2,66.4,-9,32.9
2,23008,2.1,2,26,2,63.7,3,39.1
3,13905,10.9,1,7,1,41.9,15,33.4
0,5411,9.8,1,13,0,94.4,32,31.5
1,23596,15.1,2,7,1,83.8,-6,32.7
3,7118,23.8,2,26,0,49.5,9,31.2
2,17942,3.7,1,30,0,67.9,6,33.6
1,13133,8.4,2,26,1,93.5,-20,32.8
0,6792,21.5,1,18,2,73.0,20,40.3
0,6909,10.3,0,5,0,90.3,-15,30.8
2,14905,12.1,1,14,0,67.0,12,37.5
0,19442,20.2,2,20,2,93.0,40,41.2
3,22581,19.2,2,26,0,52.3,32,28.9
2,14505,16.4,1,2,0,47.2,-18,36.5
2,10436,5.2,1,3,1,92.2,-4,37.8
2,17416,3.7,1,24,2,72.5,20,36.7
2,13303,13.3,0,20,2,71.8,40,35.7
3,5489,14.0,1,20,2,85.2,-22,32.9
0,20490,2.6,0,19,0,83.9,10,30.3
1,14087,16.2,2,25,2,62.2,25,35.4
3,7822,17.3,0,4,2,74.5,-22,36.4
1,17818,9.2,0,15,1,89.1,39,32.9
2,17546,6.3,2,20,2,74.5,14,36.7
0,22367,8.7,2,28,2,84.1,-17,31.5
2,17010,18.4,1,24,0,74.0,40,40.6
0,12955,12.5,2,1,0,45.4,38,34.0
3,5043,2.5,2,27,0,55.2,28,25.3
3,16611,20.7,0,8,0,42.6,-11,36.2
3,9512,11.5,2,25,2,59.1,3,31.0
3,13790,11.9,1,18,1,54.8,13,29.1
0,12249,12.9,0,25,2,89.6,11,31.5
1,19659,19.8,2,22,1,76.8,40,33.0
3,10986,12.7,0,19,0,60.0,24,29.6
3,6023,18.5,1,9,1,55.2,-14,36.0
1,22395,17.5,1,16,2,73.4,0,34.5
0,10962,13.5,0,21,0,68.8,9,35.1
1,17808,20.8,1,6,1,69.7,31,33.7
0,13525,12.5,1,1,0,89.4,33,33.7
3,8678,5.6,0,26,0,89.3,29,25.6
0,11946,20.3,1,12,0,67.2,-11,37.7
0,7499,15.4,0,7,1,67.3,-19,40.0
3,21787,23.7,1,20,2,40.9,22,32.1
0,16208,11.5,1,15,2,75.1,18,35.6
2,8923,4.9,2,12,0,93.6,25,34.1
2,14659,15.4,2,26,1,88.8,0,39.3
0,5748,23.9,0,20,0,57.5,-11,41.5
1,14678,20.6,1,29,0,80.7,-24,33.0
2,5034,23.3,2,9,0,57.4,-15,35.7
3,6843,17.4,0,13,1,54.3,18,34.3
0,13776,6.0,1,18,2,89.4,25,34.7
2,7149,10.3,1,12,0,87.7,40,32.8
2,17673,5.7,1,14,1,78.9,-18,32.8
2,19534,22.7,1,1,1,62.8,-6,42.1
1,7977,16.2,1,19,0,71.3,10,31.4
3,15104,19.8,2,8,1,68.5,1,31.5
0,10843,3.4,2,15,0,53.8,22,31.9
1,19838,16.0,0,19,2,59.3,5,36.5
3,17863,10.8,0,25,0,83.0,26,28.1
1,7670,2.9,2,9,2,72.2,-7,31.9
1,16661,13.1,2,23,0,47.4,18,27.0
1,14306,8.3,1,28,1,47.8,8,32.0
3,23846,13.0,2,7,0,46.2,34,31.4
2,14740,15.4,2,19,1,57.5,-24,36.0
2,12733,9.5,0,16,0,63.6,-17,39.6
3,12251,21.6,0,14,2,47.5,22,31.1
2,5317,5.5,2,1,0,52.6,7,33.4
2,18924,22.7,1,28,2,64.9,38,40.2
3,9775,8.9,2,16,2,64.7,-24,34.2
1,5591,6.9,1,6,1,87.7,29,31.3
1,20591,18.4,0,6,2,91.2,0,36.3
2,5747,21.6,1,14,1,79.7,15,38.1
2,15302,20.4,0,28,1,80.2,4,36.4
0,17369,15.5,2,28,1,60.5,-4,35.8
2,6953,13.6,1,8,2,46.9,26,34.6
1,24332,21.2,1,20,0,58.8,-21,33.5
2,15314,17.1,1,1,2,83.4,30,34.8
0,7984,2.9,1,2,1,46.0,1,27.5
2,12115,3.6,2,24,2,61.2,-2,36.3
0,14233,13.0,1,23,2,59.8,36,35.3
0,11533,6.0,2,9,0,70.7,-13,31.7
3,7449,18.9,0,29,1,86.4,4,33.2
0,13140,16.3,2,3,0,85.8,30,36.7
2,9061,20.5,2,8,2,65.4,39,42.9
1,24665,16.4,1,13,1,73.0,32,33.6
0,15272,13.4,1,25,1,78.7,40,32.5
1,24007,13.7,1,22,0,73.4,-2,30.7
3,17743,13.6,2,3,1,41.5,-3,34.3
0,20360,18.8,0,26,0,79.7,-20,36.0
2,18736,16.7,1,16,0,74.9,-5,37.3
3,18880,17.0,0,6,2,64.7,-16,35.8
3,9139,5.2,2,13,1,59.6,-14,34.1
2,9500,18.3,0,13,1,80.7,28,36.3
2,8963,11.7,1,1,2,66.7,-16,33.5
2,15282,21.3,2,12,1,93.7,0,36.0
1,24444,12.2,2,28,1,88.4,8,31.8
0,9058,11.7,2,30,1,83.1,19,33.9
0,17445,10.2,0,16,1,45.7,22,32.8
1,6774,5.7,0,12,1,49.9,19,29.8
2,7976,20.5,1,13,1,83.8,-14,38.5
1,17381,11.9,2,15,2,88.9,2,37.5
0,6098,3.2,1,21,0,52.1,23,28.4
1,15948,11.3,0,11,0,94.5,-6,29.3
2,22878,17.6,2,20,2,85.4,29,38.7
0,20040,12.5,0,12,0,88.6,28,37.6
0,19547,20.2,0,11,0,89.8,7,37.9
0,8358,12.3,0,13,0,57.4,1,33.1
2,8688,8.0,1,24,1,80.2,-25,36.7
1,15445,19.7,2,28,2,69.2,16,34.2
2,20774,21.0,1,22,2,58.6,7,35.3
1,17747,11.8,2,29,1,49.4,34,29.3
3,15922,21.6,0,3,0,69.6,-10,35.7
2,24941,19.7,2,27,0,73.1,-5,41.1
1,10928,7.7,2,9,0,48.7,28,28.0
0,23787,13.8,2,25,2,90.0,27,34.9
0,13999,13.2,2,12,0,49.6,-21,33.3
1,23846,2.3,0,28,2,87.3,-1,30.9
2,16419,13.5,1,27,0,50.1,3,37.0
0,9742,17.8,0,12,0,63.3,37,36.5
3,21048,15.2,1,18,2,69.3,-14,34.9
1,18664,16.3,2,8,2,93.4,37,37.5
3,7382,16.9,0,13,0,54.1,-18,34.0
2,20638,19.8,2,30,1,58.9,40,40.5
0,23640,6.1,1,23,0,48.7,-15,30.0
1,21961,15.5,1,9,1,70.3,-22,32.1
0,12810,9.0,2,2,2,40.1,38,32.6
2,9858,4.1,0,18,2,58.4,-21,31.1
3,17372,3.4,2,12,1,53.9,-25,35.2
1,17594,13.6,2,16,1,48.9,30,33.1
0,19933,7.4,1,29,1,65.7,30,31.4
3,16715,16.8,0,5,2,58.0,-17,34.5
1,15674,12.7,2,6,0,71.1,16,30.7
0,12345,16.5,0,17,0,94.1,-24,37.1
0,15600,13.6,0,10,0,62.0,-1,31.5
3,7266,12.6,1,29,0,52.5,-21,33.6
0,22210,11.1,1,25,2,71.2,20,32.3
3,13227,8.0,0,11,1,93.1,-11,35.3
0,6364,16.8,0,28,2,71.0,-25,37.4
2,15156,20.1,2,27,2,85.8,34,41.8
0,12293,7.4,0,16,1,57.9,-20,33.3
1,15104,10.0,1,17,1,68.3,-10,29.6
1,8601,11.1,0,5,0,54.9,25,28.6
2,6601,19.7,1,6,2,41.3,20,35.1
1,8205,5.1,0,13,2,45.3,-11,31.1
2,15243,8.6,1,20,2,89.9,-7,36.4
2,21144,23.1,1,7,2,61.9,-8,42.5
2,5679,17.3,2,5,2,51.0,-14,37.3
0,19529,3.9,2,12,0,79.3,27,30.1
1,20473,18.2,0,2,0,42.3,8,29.4
2,22713,15.3,2,30,2,67.2,2,39.9
1,21067,17.9,1,24,1,94.8,34,34.2
0,14265,14.0,2,1,2,92.0,-19,37.8
2,12654,18.6,0,4,2,59.2,15,36.9
1,8911,15.1,0,11,2,82.4,0,35.1
0,23685,15.9,2,23,1,46.5,-10,35.8
2,9202,11.9,1,7,1,78.2,23,33.1
0,23479,20.8,0,14,0,44.7,-25,38.9
0,23286,15.2,1,14,0,63.8,-24,35.6
1,23516,5.7,2,14,1,43.5,-17,30.2
0,24843,21.9,0,11,1,55.9,26,40.0
0,9489,23.4,0,29,1,91.7,30,39.9
2,5821,20.2,1,10,2,41.4,11,33.6
2,8093,21.5,2,30,2,83.4,30,36.5
3,9458,2.8,1,18,1,40.6,9,26.1
0,15515,12.4,0,10,0,56.4,-12,34.0
3,11424,13.6,2,28,0,71.0,15,31.7
1,24697,8.7,1,7,0,92.5,13,30.3
3,20086,5.6,2,16,2,56.6,-12,29.3
2,13038,23.1,1,25,0,46.3,18,40.4
0,15701,20.7,1,29,1,73.1,1,41.9
2,14639,6.3,1,13,1,90.7,24,36.9
3,23134,20.4,1,25,0,80.0,0,31.2
1,14221,22.3,0,4,0,93.3,-20,35.4
2,15878,2.2,0,6,2,81.8,-19,32.7
1,20948,22.7,0,12,0,51.0,22,32.5
3,19904,22.8,2,25,2,85.0,-21,35.0
2,16963,17.0,0,28,0,75.3,3,38.4
3,21264,21.1,1,26,0,47.9,17,33.4
0,18000,4.1,1,6,1,93.9,-19,29.4
1,23782,19.5,0,22,2,87.6,-23,35.9
1,9976,10.3,2,3,2,60.3,19,33.2
3,13533,15.4,2,4,1,71.1,18,31.7
3,13981,20.5,0,28,2,85.1,-15,36.3
0,10046,18.9,2,22,0,78.9,21,39.0
0,15839,23.0,2,19,1,92.0,-23,38.6
0,8571,19.6,0,4,2,85.6,-13,38.6
0,11199,13.4,0,9,2,72.8,14,39.0
2,10768,15.4,0,29,2,74.3,-3,35.9
2,18724,12.1,2,9,1,43.8,34,36.2
1,5168,20.2,1,19,1,56.6,39,35.5
0,7669,9.5,2,9,2,69.9,13,37.2
2,6061,10.3,2,20,2,76.7,35,36.8
1,9976,11.3,2,1,1,63.5,22,32.6
0,9431,23.0,0,13,1,46.1,16,37.9
2,18955,3.4,1,28,0,65.1,-22,35.7
1,5918,16.0,0,18,2,71.1,28,37.7
3,20455,16.5,0,17,2,63.7,28,29.7
0,15033,5.3,2,18,2,51.6,6,31.1
1,11037,18.6,0,11,1,54.2,12,33.8
3,7158,3.1,0,5,0,85.1,2,30.5
2,5797,2.3,0,13,2,85.4,-2,31.3
0,13402,9.1,0,21,2,45.9,35,35.4
0,23517,8.7,1,9,0,64.5,36,30.9
2,7816,21.5,2,2,2,53.1,-13,40.9
3,11518,20.4,2,12,1,49.5,21,33.7
1,15642,15.7,2,9,0,81.3,-4,32.7
