house_id,district,house_age,floors,management_company_id,contract_amount,planned_duration_days,actual_duration_days,citizen_complaints_raw,citizen_complaints,inspection_score_raw,inspection_score,budget_overrun_pct
1,Заводской,76,7,11,11049940.65,103,141,4.0,4,17.0,17.0,33.6
2,Приречный,96,16,1,11330595.41,209,199,1.0,1,61.0,61.0,-1.6
3,Ленинский,35,6,13,8256247.85,125,115,3.0,3,72.4,72.4,8.2
4,Ленинский,13,2,19,9890311.11,97,105,3.0,3,63.4,63.4,24.6
5,Центральный,55,7,3,8439893.15,178,220,3.0,3,46.8,46.8,23.0
6,Центральный,33,10,17,6225477.51,124,159,4.0,4,34.5,34.5,30.8
7,Центральный,82,9,5,11640936.18,229,276,1.0,1,62.8,62.8,14.4
8,Приречный,44,12,20,8847221.22,175,189,4.0,4,40.4,40.4,2.9
9,Ленинский,45,13,8,6646870.6,115,105,4.0,4,62.0,62.0,1.8
10,Ленинский,90,15,14,13718236.88,178,168,3.0,3,63.1,63.1,10.4
11,Центральный,15,3,4,7715296.22,117,123,3.0,3,,58.8,-1.8
12,Приречный,27,4,11,10160110.27,91,81,2.0,2,54.4,54.4,-8.6
13,Приречный,5,2,20,6959197.52,140,163,1.0,1,92.9,92.9,14.0
14,Центральный,50,7,15,8682457.84,65,211,0.0,0,46.2,46.2,138.8
15,Центральный,25,3,19,8682591.71,178,198,2.0,2,55.8,55.8,19.9
16,Центральный,94,17,7,22257442.4,192,213,2.0,2,63.8,63.8,-11.9
17,Заводской,40,17,19,8386943.24,181,193,2.0,2,50.0,50.0,-1.2
18,Ленинский,58,10,19,6470657.55,196,225,3.0,3,49.4,49.4,22.5
19,Заводской,91,19,11,8109906.56,126,168,3.0,3,,58.8,29.2
20,Заводской,61,19,5,12774781.67,210,226,1.0,1,,58.8,12.2
21,Ленинский,5,1,5,8490198.36,122,160,2.0,2,55.2,55.2,15.9
22,Центральный,67,11,8,13817776.53,195,222,4.0,4,45.8,45.8,21.8
23,Заводской,58,16,10,7457532.08,166,156,0.0,0,54.4,54.4,-11.6
24,Заводской,59,5,6,10951848.41,63,90,,0,67.9,67.9,43.0
25,Заводской,44,18,15,8028170.46,109,171,1.0,1,55.1,55.1,56.0
26,Приречный,19,5,16,8980567.82,68,94,2.0,2,72.5,72.5,25.5
27,Центральный,25,2,17,8325821.46,170,211,1.0,1,71.0,71.0,12.6
28,Ленинский,51,17,8,7480050.22,108,101,4.0,4,71.5,71.5,3.2
29,Ленинский,77,12,8,7651622.93,218,260,5.0,5,32.8,32.8,23.3
30,Центральный,57,8,9,7882073.54,178,218,1.0,1,68.6,68.6,33.0
31,Ленинский,13,5,2,12010266.46,73,83,4.0,4,66.0,66.0,16.9
32,Центральный,78,8,15,9435250.6,107,261,2.0,2,17.9,17.9,135.9
33,Центральный,56,16,18,11123523.12,161,157,1.0,1,62.2,62.2,-30.0
34,Приречный,61,16,3,10445215.07,146,149,6.0,6,29.6,29.6,13.0
35,Приречный,30,18,17,10044010.79,96,98,4.0,4,67.6,67.6,2.4
36,Приречный,45,8,4,6752747.09,69,98,3.0,3,65.2,65.2,39.5
37,Заводской,39,16,4,7840107.86,154,203,2.0,2,75.7,75.7,41.7
38,Центральный,67,12,14,13935750.41,119,125,2.0,2,59.4,59.4,22.3
39,Ленинский,29,2,9,10276280.16,117,111,4.0,4,64.8,64.8,-0.3
40,Заводской,94,5,9,10542994.3,121,150,1.0,1,76.0,76.0,40.1
41,Центральный,79,7,18,7840023.06,206,221,1.0,1,52.7,52.7,-8.3
42,Заводской,42,13,10,10085641.21,115,105,2.0,2,50.4,50.4,-2.0
43,Центральный,6,4,4,6465158.35,164,154,1.0,1,56.2,56.2,-7.4
44,Приречный,11,2,12,6808360.92,112,153,3.0,3,47.6,47.6,28.7
45,Заводской,86,9,8,8328717.97,172,198,,4,27.7,27.7,-4.2
46,Ленинский,95,6,2,6725120.68,135,175,1.0,1,48.8,48.8,35.7
47,Заводской,38,8,13,9328188.44,154,165,,0,78.0,78.0,15.9
48,Ленинский,95,6,16,9183701.04,148,140,1.0,1,,58.8,8.0
49,Ленинский,21,2,2,8118500.13,71,61,1.0,1,71.6,71.6,-2.3
50,Центральный,47,8,11,9619315.43,146,159,2.0,2,53.1,53.1,1.2
51,Приречный,63,10,10,16505317.12,130,171,0.0,0,,58.8,44.4
52,Приречный,55,11,15,9962336.12,87,225,1.0,1,43.7,43.7,153.2
53,Приречный,58,14,17,9821404.48,211,221,2.0,2,63.9,63.9,18.7
54,Приречный,28,3,8,6698000.0,125,168,5.0,5,58.1,58.1,40.0
55,Ленинский,29,3,18,10170400.31,89,93,0.0,0,88.7,88.7,2.9
56,Приречный,75,14,9,13928342.0,136,153,1.0,1,53.2,53.2,15.9
57,Центральный,56,10,8,7814407.5,169,162,,4,64.9,64.9,8.3
58,Центральный,74,17,14,11594812.67,246,236,,0,47.8,47.8,-11.9
59,Центральный,92,16,18,13068095.59,202,235,2.0,2,88.5,88.5,9.8
60,Заводской,37,7,20,8217858.08,97,87,2.0,2,52.2,52.2,-13.4
61,Заводской,53,17,20,7666187.25,109,144,5.0,5,58.4,58.4,11.1
62,Заводской,33,6,12,6691227.03,169,209,3.0,3,36.7,36.7,25.0
63,Приречный,67,12,19,10332160.65,168,169,4.0,4,55.5,55.5,-18.3
64,Заводской,26,5,14,9462576.64,84,98,3.0,3,81.4,81.4,17.2
65,Заводской,30,19,17,11164166.89,113,108,0.0,0,57.7,57.7,4.2
66,Ленинский,32,5,3,9176900.48,64,93,,4,,58.8,40.5
67,Центральный,89,7,7,10587676.0,171,193,3.0,3,56.5,56.5,29.6
68,Приречный,53,14,17,9008090.78,163,159,3.0,3,75.6,75.6,-17.1
69,Центральный,75,12,12,16133391.0,154,191,1.0,1,65.6,65.6,35.9
70,Приречный,85,8,9,9189399.41,199,189,1.0,1,73.9,73.9,1.7
71,Приречный,88,18,15,10871326.74,91,282,4.0,4,0.0,0.0,149.9
72,Центральный,53,11,18,8942460.39,192,210,0.0,0,59.3,59.3,-7.8
73,Центральный,24,2,13,8671099.02,148,138,2.0,2,81.9,81.9,-23.4
74,Приречный,90,16,8,10758416.2,170,218,6.0,6,37.2,37.2,34.4
75,Ленинский,96,18,14,12618539.33,193,241,3.0,3,53.5,53.5,17.9
76,Ленинский,67,18,8,10615404.43,257,256,,4,34.8,34.8,-2.6
77,Приречный,65,6,14,7296089.89,175,218,2.0,2,47.3,47.3,12.0
78,Центральный,53,11,7,6953399.33,166,161,1.0,1,83.8,83.8,5.8
79,Заводской,75,9,12,19329950.4,163,193,0.0,0,44.8,44.8,18.0
80,Центральный,5,5,11,7487168.4,163,179,2.0,2,71.6,71.6,20.7
81,Приречный,100,10,11,7597107.44,188,236,0.0,0,63.1,63.1,27.3
82,Ленинский,17,5,13,8386641.32,151,172,3.0,3,53.3,53.3,-5.4
83,Заводской,98,13,18,11852903.23,214,250,2.0,2,52.6,52.6,27.8
84,Центральный,91,18,2,8148649.52,217,262,4.0,4,,58.8,0.6
85,Заводской,55,10,15,9016915.68,92,160,1.0,1,47.4,47.4,126.9
86,Заводской,60,16,20,8609127.8,171,214,0.0,0,75.3,75.3,38.3
87,Ленинский,87,17,18,15144219.36,247,248,0.0,0,63.3,63.3,-9.1
88,Ленинский,66,19,15,12004044.57,161,330,4.0,4,51.3,51.3,100.0
89,Приречный,36,18,19,4214768.79,119,116,0.0,0,74.5,74.5,-6.9
90,Заводской,34,12,12,10700987.94,169,213,5.0,5,37.6,37.6,43.6
91,Центральный,33,11,13,6849520.08,92,82,0.0,0,84.6,84.6,-14.5
92,Ленинский,53,13,11,6448848.22,98,88,3.0,3,70.4,70.4,-18.6
93,Приречный,49,8,5,8785656.66,160,150,2.0,2,,58.8,0.6
94,Ленинский,97,6,1,5392729.29,190,196,1.0,1,,58.8,-1.2
95,Приречный,34,11,3,6956796.15,158,180,,4,48.9,48.9,5.5
96,Заводской,20,1,19,10335647.81,122,160,1.0,1,35.6,35.6,26.4
97,Ленинский,44,15,7,8834326.37,196,207,2.0,2,93.2,93.2,5.2
98,Заводской,23,1,12,9218359.67,101,113,2.0,2,73.9,73.9,25.3
99,Центральный,22,1,15,7014634.1,44,131,3.0,3,,58.8,177.2
100,Центральный,5,4,5,5692445.0,140,174,3.0,3,49.1,49.1,4.9
101,Центральный,82,6,15,9060226.14,121,250,1.0,1,,58.8,151.0
102,Ленинский,51,7,8,9395384.23,168,209,,4,17.3,17.3,26.3
103,Заводской,70,9,10,14301902.17,205,218,2.0,2,35.4,35.4,19.4
104,Ленинский,96,9,16,12360559.78,168,203,4.0,4,79.5,79.5,20.1
105,Приречный,98,19,8,11624086.49,244,236,2.0,2,87.6,87.6,-5.1
106,Центральный,42,5,1,7739170.04,76,111,1.0,1,51.4,51.4,52.0
107,Заводской,55,12,12,8277351.23,123,120,2.0,2,77.6,77.6,-1.4
108,Приречный,67,16,5,10572204.78,226,259,0.0,0,,58.8,10.7
109,Центральный,8,4,3,9287769.73,65,87,3.0,3,66.0,66.0,39.0
110,Центральный,5,5,1,8227096.53,94,112,4.0,4,33.0,33.0,12.6
111,Заводской,12,3,4,7831469.16,169,209,3.0,3,25.9,25.9,17.6
112,Центральный,33,14,8,8961875.59,97,118,6.0,6,65.5,65.5,16.4
113,Приречный,59,7,3,8904929.05,131,128,7.0,7,19.3,19.3,11.2
114,Приречный,7,2,10,7745548.82,120,122,4.0,4,55.4,55.4,-30.0
115,Ленинский,36,17,2,6876189.56,105,138,2.0,2,51.9,51.9,35.4
116,Приречный,14,2,11,8512593.37,86,95,3.0,3,52.3,52.3,10.8
117,Приречный,78,16,10,13573053.59,152,189,2.0,2,61.3,61.3,7.5
118,Центральный,87,18,14,11738526.17,270,317,3.0,3,41.4,41.4,20.5
119,Приречный,38,13,7,6736399.28,79,125,2.0,2,60.7,60.7,63.0
120,Ленинский,91,5,2,8615713.77,187,184,2.0,2,66.1,66.1,4.3
121,Приречный,59,9,9,8825142.59,159,149,2.0,2,95.5,95.5,-30.0
122,Приречный,96,8,16,7459951.83,109,128,2.0,2,39.4,39.4,31.1
123,Заводской,36,12,13,7130094.45,178,227,0.0,0,60.6,60.6,20.2
124,Центральный,54,15,9,6754617.22,80,124,4.0,4,55.7,55.7,61.9
125,Центральный,11,4,20,8573382.41,118,165,4.0,4,,58.8,47.2
126,Заводской,97,5,4,6794034.39,160,188,1.0,1,41.3,41.3,8.7
127,Приречный,12,1,10,11361701.85,63,94,3.0,3,73.7,73.7,55.8
128,Приречный,69,10,12,18458685.54,132,140,0.0,0,73.5,73.5,2.2
129,Центральный,61,8,17,7994738.01,98,98,2.0,2,45.0,45.0,-20.7
130,Ленинский,71,16,14,9516735.82,165,155,0.0,0,76.6,76.6,5.6
131,Заводской,92,13,14,10607849.75,202,228,3.0,3,81.3,81.3,5.1
132,Центральный,91,15,2,15021189.13,161,182,2.0,2,59.3,59.3,4.5
133,Центральный,63,9,20,11513292.91,248,278,1.0,1,61.0,61.0,8.1
134,Заводской,76,19,11,12450704.75,199,234,0.0,0,86.5,86.5,20.3
135,Приречный,58,9,16,6753245.17,158,188,0.0,0,49.4,49.4,18.4
136,Заводской,71,16,19,16685973.14,122,171,4.0,4,74.1,74.1,45.6
137,Ленинский,55,9,6,9256261.81,119,118,2.0,2,78.6,78.6,-14.2
138,Ленинский,96,5,19,9960311.14,209,215,2.0,2,48.9,48.9,-4.6
139,Заводской,12,1,5,8972205.9,95,112,3.0,3,,58.8,16.7
140,Приречный,38,12,4,9133782.44,87,131,5.0,5,38.3,38.3,69.6
141,Приречный,39,16,15,7852341.52,57,229,3.0,3,0.0,0.0,150.8
142,Заводской,100,12,4,12289986.06,229,232,0.0,0,73.3,73.3,0.2
143,Заводской,92,16,20,14462050.25,222,248,0.0,0,51.6,51.6,7.8
144,Заводской,82,19,10,9403014.93,211,253,2.0,2,60.0,60.0,26.8
145,Заводской,36,19,3,7484883.35,134,170,,4,22.4,22.4,38.7
146,Центральный,50,10,5,10947042.57,139,173,1.0,1,74.0,74.0,5.5
147,Ленинский,20,4,6,6787709.62,87,126,0.0,0,73.3,73.3,38.4
148,Ленинский,72,15,8,10842522.67,188,229,2.0,2,45.2,45.2,32.4
149,Центральный,41,17,7,9503127.82,194,203,1.0,1,70.6,70.6,-2.4
150,Заводской,58,8,10,8775795.25,83,84,2.0,2,65.0,65.0,5.4
151,Приречный,89,6,6,8344808.31,124,132,3.0,3,81.6,81.6,-1.1
152,Центральный,18,2,14,10219829.15,132,152,1.0,1,47.5,47.5,10.7
153,Центральный,99,13,4,11799184.97,200,221,3.0,3,54.5,54.5,4.8
154,Заводской,59,19,13,7047639.62,163,207,3.0,3,42.6,42.6,33.4
155,Приречный,52,9,20,8264730.97,195,205,1.0,1,65.7,65.7,7.1
156,Центральный,86,8,17,8123494.83,197,206,3.0,3,,58.8,5.6
157,Ленинский,11,2,7,8988547.02,158,155,4.0,4,48.2,48.2,23.2
158,Приречный,78,17,4,10672032.51,133,129,2.0,2,58.5,58.5,14.4
159,Центральный,11,1,14,8925545.26,77,94,1.0,1,78.1,78.1,2.3
160,Ленинский,37,11,3,8551083.04,187,180,,4,69.4,69.4,-8.2
161,Заводской,27,3,5,7836337.22,176,211,0.0,0,70.4,70.4,44.2
162,Ленинский,89,10,16,11663146.21,247,248,3.0,3,,58.8,-5.3
163,Ленинский,23,5,20,5455731.4,157,203,1.0,1,54.3,54.3,50.2
164,Ленинский,23,5,4,7507197.64,102,137,4.0,4,59.2,59.2,30.1
165,Центральный,40,15,2,7337047.7,136,134,3.0,3,64.4,64.4,-3.8
166,Приречный,33,9,18,7495889.02,167,203,0.0,0,38.1,38.1,30.2
167,Заводской,64,5,19,8347472.02,88,111,2.0,2,68.0,68.0,25.2
168,Центральный,86,5,19,9646763.54,194,208,3.0,3,45.3,45.3,12.2
169,Центральный,6,3,17,7712441.13,65,55,2.0,2,42.7,42.7,0.4
170,Ленинский,5,4,14,6962573.65,91,122,1.0,1,35.8,35.8,41.7
171,Ленинский,51,14,19,6310179.78,192,241,4.0,4,45.0,45.0,26.9
172,Центральный,73,8,13,7297725.81,133,149,1.0,1,48.6,48.6,28.8
173,Ленинский,24,5,12,5168262.74,155,199,1.0,1,23.3,23.3,37.2
174,Центральный,15,2,6,6912300.36,132,162,,0,58.6,58.6,15.4
175,Ленинский,6,3,4,9866080.84,160,150,3.0,3,53.6,53.6,13.6
176,Центральный,71,15,19,9398596.81,187,187,0.0,0,67.8,67.8,6.4
177,Ленинский,91,18,16,14407284.87,212,244,2.0,2,48.2,48.2,13.0
178,Заводской,16,2,13,10878501.34,70,65,1.0,1,94.4,94.4,-27.4
179,Приречный,24,1,4,8886532.33,102,142,1.0,1,66.8,66.8,25.4
180,Центральный,9,2,17,10986878.9,76,109,2.0,2,49.9,49.9,60.4
181,Заводской,41,17,1,8533689.46,168,187,4.0,4,53.2,53.2,28.7
182,Центральный,42,13,18,9152775.67,135,140,4.0,4,78.2,78.2,4.6
183,Приречный,98,11,20,15259390.2,192,236,3.0,3,66.5,66.5,5.2
184,Приречный,13,3,17,8269577.68,91,134,4.0,4,28.5,28.5,36.4
185,Заводской,57,6,15,6598472.59,35,111,1.0,1,37.2,37.2,144.4
186,Ленинский,48,11,11,7000641.91,125,163,2.0,2,44.7,44.7,41.5
187,Приречный,90,16,13,13052030.91,194,196,,0,60.0,60.0,-21.7
188,Ленинский,28,4,1,8224897.51,171,161,1.0,1,58.1,58.1,-7.9
189,Ленинский,85,11,17,10886030.81,230,253,4.0,4,,58.8,41.2
190,Центральный,78,18,6,12164878.12,205,237,2.0,2,68.6,68.6,15.5
191,Центральный,34,17,4,11189653.38,140,153,0.0,0,80.9,80.9,-1.9
192,Приречный,63,8,20,8649465.02,179,204,3.0,3,51.1,51.1,13.4
193,Приречный,91,6,16,9260014.74,193,240,1.0,1,33.1,33.1,23.8
194,Ленинский,100,14,15,17673975.62,130,267,2.0,2,21.0,21.0,176.0
195,Заводской,85,16,15,13921326.15,96,171,2.0,2,41.2,41.2,156.3
196,Заводской,85,11,6,11112575.16,256,254,0.0,0,51.3,51.3,-11.2
197,Ленинский,18,2,15,7309390.08,57,118,2.0,2,68.9,68.9,100.0
198,Приречный,13,5,14,9297117.04,157,147,5.0,5,,58.8,-3.9
199,Приречный,44,5,11,9355173.55,168,197,2.0,2,67.5,67.5,24.5
200,Приречный,70,11,7,15491806.86,242,233,3.0,3,35.8,35.8,-10.0
201,Ленинский,29,5,9,9684295.93,137,186,0.0,0,70.1,70.1,48.6
202,Центральный,77,10,16,14735066.27,246,247,,0,,58.8,-2.2
203,Центральный,26,5,5,9864775.16,100,111,,0,87.5,87.5,13.8
204,Приречный,8,2,20,6651780.22,84,74,3.0,3,44.0,44.0,-21.2
205,Ленинский,30,5,10,6941861.53,137,170,2.0,2,48.9,48.9,14.1
206,Центральный,62,11,18,12755313.34,230,267,1.0,1,54.0,54.0,23.0
207,Центральный,33,11,3,8674413.55,178,227,,4,45.9,45.9,23.1
208,Ленинский,91,14,13,12437671.73,140,137,2.0,2,58.8,58.8,-10.7
209,Центральный,41,15,11,5466412.33,167,157,5.0,5,50.1,50.1,-12.4
210,Центральный,79,14,17,11104328.98,141,165,3.0,3,51.1,51.1,24.0
211,Ленинский,74,18,13,14630916.83,165,167,4.0,4,26.5,26.5,-5.1
212,Ленинский,22,2,6,7778214.5,101,103,2.0,2,,58.8,0.8
213,Ленинский,89,6,17,8981981.24,171,176,2.0,2,,58.8,3.1
214,Центральный,46,5,13,8276979.16,75,65,0.0,0,74.5,74.5,-30.0
215,Ленинский,45,14,19,8422602.6,200,223,2.0,2,42.4,42.4,-3.2
216,Центральный,42,12,19,10352508.91,89,95,1.0,1,50.3,50.3,10.1
217,Заводской,38,19,10,7744730.5,212,217,1.0,1,75.2,75.2,-5.0
218,Ленинский,21,1,3,6028899.04,149,164,6.0,6,,58.8,20.6
219,Ленинский,41,16,14,9630792.78,90,124,1.0,1,55.9,55.9,47.4
220,Приречный,29,3,19,8272758.56,116,159,2.0,2,66.7,66.7,44.3
221,Ленинский,80,12,5,14803441.02,235,271,1.0,1,28.8,28.8,33.5
222,Ленинский,91,13,5,10747425.99,175,223,2.0,2,65.7,65.7,26.6
223,Центральный,90,18,20,11676180.25,233,273,1.0,1,62.6,62.6,23.7
224,Заводской,89,8,17,8277413.42,164,154,1.0,1,52.1,52.1,-11.9
225,Заводской,31,5,10,6857467.69,86,120,3.0,3,32.7,32.7,64.1
226,Центральный,61,5,5,8464815.93,165,182,3.0,3,59.4,59.4,30.1
227,Приречный,35,7,4,7955847.9,66,74,1.0,1,86.5,86.5,12.2
228,Заводской,10,5,6,11417499.54,122,127,0.0,0,65.6,65.6,8.0
229,Приречный,95,9,4,13309584.99,266,280,3.0,3,45.4,45.4,18.9
230,Ленинский,44,13,7,7831064.26,93,139,3.0,3,54.7,54.7,48.0
231,Приречный,16,2,7,7673688.88,102,110,3.0,3,,58.8,1.3
232,Ленинский,57,18,18,5766499.47,114,127,0.0,0,73.9,73.9,20.1
233,Ленинский,75,16,3,10686266.24,225,245,,4,71.1,71.1,9.7
234,Заводской,14,2,1,9975438.26,67,87,4.0,4,72.3,72.3,31.7
235,Центральный,49,6,4,8788966.34,128,130,1.0,1,73.7,73.7,-6.8
236,Ленинский,21,1,6,7817444.07,149,139,3.0,3,49.3,49.3,-23.9
237,Заводской,30,5,9,7861648.69,139,176,0.0,0,36.4,36.4,29.0
238,Центральный,89,13,14,14123019.58,173,184,0.0,0,54.0,54.0,15.4
239,Ленинский,96,13,12,13553275.13,197,207,4.0,4,39.4,39.4,2.8
240,Центральный,66,17,20,14197895.19,156,178,1.0,1,72.5,72.5,28.5
241,Приречный,50,13,4,8843474.93,92,82,2.0,2,76.0,76.0,-17.9
242,Приречный,68,9,12,19167989.95,224,214,4.0,4,60.6,60.6,-15.0
243,Приречный,6,5,10,8695164.61,126,166,1.0,1,40.0,40.0,31.1
244,Заводской,58,19,7,8819783.95,87,80,0.0,0,96.8,96.8,-8.9
245,Центральный,69,13,3,15151584.97,166,197,1.0,1,54.6,54.6,26.4
246,Приречный,55,15,14,4825004.36,195,185,2.0,2,73.1,73.1,-12.9
247,Заводской,57,8,10,8090482.87,123,113,1.0,1,67.7,67.7,5.6
248,Приречный,40,6,16,6015093.47,96,105,1.0,1,68.3,68.3,29.0
249,Приречный,30,17,16,7088710.49,118,118,1.0,1,75.5,75.5,-0.4
250,Приречный,33,10,10,9141154.46,213,252,3.0,3,42.8,42.8,30.8
251,Заводской,25,4,13,7164079.55,79,121,1.0,1,78.2,78.2,42.6
252,Заводской,15,3,6,5814743.2,84,105,1.0,1,39.1,39.1,35.8
253,Приречный,44,10,12,13243816.68,142,172,3.0,3,,58.8,31.6
254,Заводской,15,2,9,5804891.06,61,104,1.0,1,77.8,77.8,79.1
255,Центральный,40,6,13,11385127.09,81,116,2.0,2,65.9,65.9,43.1
256,Ленинский,63,17,4,10074099.74,217,237,0.0,0,100.0,100.0,-20.3
257,Приречный,43,13,11,5442954.48,159,170,1.0,1,65.8,65.8,0.5
258,Ленинский,58,11,20,7366188.33,198,192,3.0,3,86.5,86.5,-9.3
259,Ленинский,59,7,18,9867032.07,104,145,1.0,1,30.9,30.9,29.6
260,Центральный,28,5,11,5125749.23,78,84,4.0,4,35.6,35.6,8.9
261,Ленинский,26,3,4,9689300.13,146,153,2.0,2,76.0,76.0,0.6
262,Приречный,73,5,18,7589455.86,125,168,0.0,0,35.3,35.3,26.2
263,Центральный,60,12,1,8730746.66,141,179,4.0,4,47.4,47.4,16.4
264,Ленинский,37,18,7,8986286.62,215,252,2.0,2,74.1,74.1,10.1
265,Приречный,40,10,6,8662132.25,190,180,1.0,1,74.5,74.5,6.0
266,Ленинский,24,1,15,6702574.02,76,262,1.0,1,30.0,30.0,134.5
267,Ленинский,87,9,18,11833139.36,139,154,2.0,2,54.3,54.3,15.7
268,Ленинский,85,19,11,8858605.94,227,219,1.0,1,70.0,70.0,-9.5
269,Заводской,66,5,20,5263338.67,163,157,2.0,2,72.7,72.7,-5.0
270,Заводской,77,16,15,11217987.38,90,238,2.0,2,,58.8,150.4
271,Приречный,30,14,16,7673071.92,136,175,1.0,1,64.8,64.8,17.9
272,Приречный,70,11,7,15408333.12,135,136,1.0,1,83.0,83.0,11.0
273,Приречный,77,19,10,12081160.8,221,263,5.0,5,43.3,43.3,33.4
274,Приречный,77,9,12,22941610.25,178,182,1.0,1,67.2,67.2,-8.3
275,Ленинский,44,7,14,8168773.57,103,130,6.0,6,53.9,53.9,16.5
276,Ленинский,21,4,5,9474728.32,93,115,4.0,4,61.9,61.9,19.2
277,Приречный,5,5,18,7015535.91,136,153,2.0,2,73.8,73.8,4.9
278,Ленинский,93,13,5,9659831.82,148,168,1.0,1,47.8,47.8,15.8
279,Ленинский,65,5,3,7354851.19,180,204,1.0,1,54.3,54.3,-6.1
280,Приречный,47,5,5,8129532.97,127,146,3.0,3,49.8,49.8,3.8
281,Приречный,46,5,17,5928335.37,78,74,2.0,2,50.4,50.4,10.3
282,Заводской,29,3,19,10077723.39,165,201,1.0,1,32.8,32.8,12.5
283,Заводской,43,16,19,9015739.57,165,155,4.0,4,9.2,9.2,6.4
284,Центральный,39,10,12,7451955.51,146,187,2.0,2,73.7,73.7,31.6
285,Ленинский,7,2,9,6644984.77,120,110,1.0,1,43.7,43.7,-26.4
286,Центральный,48,15,1,7866161.82,118,165,3.0,3,,58.8,46.2
287,Заводской,55,7,18,9349152.56,154,150,2.0,2,75.1,75.1,-3.8
288,Ленинский,98,12,4,13137792.55,174,203,4.0,4,46.1,46.1,12.1
289,Заводской,16,2,10,8094768.84,118,137,4.0,4,63.4,63.4,18.6
290,Ленинский,23,2,7,9965577.05,175,212,,0,66.0,66.0,25.9
291,Центральный,48,18,1,7093262.59,80,80,4.0,4,41.5,41.5,7.1
292,Центральный,63,13,17,11224421.0,194,191,,0,69.8,69.8,10.2
293,Приречный,53,7,2,7749205.79,155,189,3.0,3,39.5,39.5,26.0
294,Заводской,65,9,11,13666981.49,133,141,3.0,3,69.2,69.2,-7.7
295,Центральный,21,2,9,11633608.31,98,101,2.0,2,52.7,52.7,-1.7
296,Ленинский,78,12,7,17114683.33,246,242,3.0,3,59.6,59.6,27.8
297,Приречный,61,6,17,10050254.69,167,164,1.0,1,64.9,64.9,5.4
298,Центральный,59,10,17,6733581.47,102,123,4.0,4,55.6,55.6,44.3
299,Ленинский,51,16,2,7126832.61,157,181,3.0,3,81.1,81.1,29.2
300,Центральный,16,5,6,7117942.13,130,126,0.0,0,66.4,66.4,-0.7
301,Центральный,66,17,14,13155096.14,142,135,2.0,2,82.3,82.3,-1.9
302,Ленинский,84,14,6,10129987.07,223,251,1.0,1,,58.8,12.2
303,Ленинский,92,13,2,11322921.44,199,207,0.0,0,89.7,89.7,-13.4
304,Ленинский,87,16,1,10195587.79,188,178,3.0,3,55.9,55.9,-5.1
305,Ленинский,12,5,10,10224072.19,165,164,1.0,1,77.4,77.4,11.5
306,Приречный,99,6,5,7278389.66,106,132,1.0,1,60.9,60.9,18.5
307,Ленинский,25,5,2,9280587.01,167,157,1.0,1,22.2,22.2,-1.9
308,Заводской,85,19,16,13594513.65,143,149,4.0,4,40.5,40.5,12.7
309,Приречный,91,16,2,9071730.17,151,145,3.0,3,69.7,69.7,-13.1
310,Заводской,84,8,10,6614711.91,157,155,0.0,0,77.7,77.7,-5.8
311,Заводской,74,19,2,9525482.61,198,229,,0,41.4,41.4,5.5
312,Центральный,76,15,16,11079580.18,160,165,4.0,4,60.3,60.3,-5.1
313,Центральный,29,2,16,7469756.83,75,80,2.0,2,70.5,70.5,-6.2
314,Приречный,86,16,19,9443699.45,139,144,1.0,1,65.5,65.5,-5.4
315,Приречный,93,15,7,16302953.35,178,203,2.0,2,69.9,69.9,28.2
316,Ленинский,16,3,12,5376169.94,155,183,1.0,1,70.3,70.3,8.9
317,Заводской,19,5,15,7512839.79,71,212,3.0,3,32.3,32.3,168.3
318,Центральный,63,9,8,16542490.34,173,205,4.0,4,43.9,43.9,19.8
319,Центральный,30,11,6,8216891.75,197,187,5.0,5,70.6,70.6,9.4
320,Заводской,30,15,10,8737212.6,196,241,1.0,1,64.9,64.9,10.3
321,Ленинский,51,11,3,8258023.55,120,141,,4,30.1,30.1,8.7
322,Ленинский,36,19,19,6411031.07,202,200,4.0,4,61.3,61.3,5.8
323,Ленинский,14,5,17,9069591.77,168,164,2.0,2,46.7,46.7,0.3
324,Заводской,20,4,7,9440207.76,81,93,3.0,3,44.1,44.1,23.8
325,Приречный,75,19,20,8495026.33,182,210,1.0,1,51.6,51.6,2.6
326,Ленинский,21,1,4,7728490.79,166,201,2.0,2,57.7,57.7,18.2
327,Ленинский,27,4,14,7373330.3,86,128,2.0,2,,58.8,42.7
328,Ленинский,30,15,20,9413357.23,125,115,2.0,2,57.9,57.9,-19.1
329,Заводской,89,7,15,7447662.09,106,272,1.0,1,28.3,28.3,168.6
330,Центральный,90,19,8,11448520.01,190,218,,4,,58.8,25.1
331,Заводской,11,4,15,9106059.7,38,152,1.0,1,59.9,59.9,100.0
332,Приречный,18,5,20,9711699.1,135,140,2.0,2,20.2,20.2,21.0
333,Центральный,83,17,14,14890806.51,196,227,2.0,2,,58.8,11.1
334,Центральный,11,3,9,4784949.01,155,145,5.0,5,78.2,78.2,-19.3
335,Центральный,13,2,8,9937105.32,157,182,3.0,3,63.8,63.8,10.9
336,Центральный,52,18,17,2919779.36,136,161,0.0,0,84.0,84.0,20.5
337,Приречный,76,17,2,12007624.31,129,124,1.0,1,36.5,36.5,-3.3
338,Ленинский,63,8,3,7669618.1,165,168,5.0,5,35.8,35.8,-2.1
339,Заводской,91,9,8,11982800.08,140,180,,4,48.7,48.7,9.5
340,Центральный,97,8,12,8449776.43,123,156,0.0,0,86.7,86.7,31.5
341,Заводской,86,18,1,12871982.82,197,238,1.0,1,41.7,41.7,40.5
342,Заводской,99,15,10,13018606.75,164,154,4.0,4,52.2,52.2,-1.5
343,Центральный,98,17,20,16383614.2,234,262,1.0,1,,58.8,18.1
344,Заводской,43,19,3,8014896.53,99,103,10.0,10,17.4,17.4,9.8
345,Заводской,22,4,6,4500743.3,169,159,0.0,0,77.8,77.8,-1.9
346,Ленинский,63,7,7,10024609.29,193,188,3.0,3,20.9,20.9,6.7
347,Ленинский,21,2,20,7728859.27,77,114,1.0,1,67.0,67.0,52.0
348,Центральный,18,4,18,5077479.11,147,155,3.0,3,44.5,44.5,2.3
349,Заводской,35,18,11,8630817.66,84,74,2.0,2,57.3,57.3,-19.9
350,Ленинский,28,2,19,7545566.69,117,112,2.0,2,73.8,73.8,-6.8
351,Ленинский,64,6,5,8870079.87,176,175,1.0,1,73.7,73.7,2.6
352,Приречный,49,5,19,9516614.69,179,201,2.0,2,59.5,59.5,9.1
353,Ленинский,7,5,11,5766274.82,129,134,0.0,0,83.5,83.5,7.0
354,Центральный,41,8,12,9522378.47,95,107,1.0,1,39.1,39.1,17.0
355,Центральный,47,14,10,8009719.23,117,122,0.0,0,72.1,72.1,12.6
356,Ленинский,44,13,8,10029261.76,104,128,9.0,9,26.3,26.3,35.9
357,Центральный,94,18,9,12877786.94,227,269,4.0,4,63.4,63.4,19.3
358,Ленинский,59,15,4,7294386.66,158,204,1.0,1,68.1,68.1,16.0
359,Приречный,91,11,5,8165873.62,188,219,2.0,2,68.7,68.7,13.0
360,Ленинский,43,19,8,9023089.26,92,139,4.0,4,73.3,73.3,51.5
361,Заводской,19,4,9,6159686.7,126,131,3.0,3,76.9,76.9,-14.4
362,Ленинский,8,2,15,7348032.37,61,122,0.0,0,55.4,55.4,100.0
363,Заводской,97,11,15,13271240.49,82,249,3.0,3,27.6,27.6,167.5
364,Ленинский,90,17,16,12869352.85,167,176,1.0,1,74.2,74.2,6.8
365,Приречный,29,1,14,5852723.0,137,165,3.0,3,57.4,57.4,34.5
366,Заводской,17,2,8,8895912.33,162,153,,4,71.6,71.6,-1.5
367,Приречный,86,17,18,10018738.3,202,225,2.0,2,25.9,25.9,19.5
368,Приречный,37,14,10,7649949.07,96,108,1.0,1,92.8,92.8,1.9
369,Центральный,20,4,20,7234497.53,140,132,3.0,3,,58.8,4.1
370,Центральный,46,8,6,8317624.58,168,173,3.0,3,35.7,35.7,0.6
371,Центральный,70,8,12,7245379.19,179,179,1.0,1,53.3,53.3,6.7
372,Центральный,59,10,2,6124897.27,136,143,1.0,1,33.7,33.7,-12.0
373,Центральный,46,11,7,7161507.91,129,156,3.0,3,39.2,39.2,27.2
374,Ленинский,38,10,16,8510089.05,129,148,1.0,1,61.1,61.1,-7.7
375,Центральный,34,5,3,9007220.9,100,145,2.0,2,77.7,77.7,42.2
376,Заводской,17,4,13,8992134.18,113,115,3.0,3,,58.8,-15.3
377,Приречный,17,5,3,8636709.64,170,197,,4,47.1,47.1,22.2
378,Центральный,22,2,18,7747859.8,103,93,0.0,0,53.0,53.0,-9.0
379,Приречный,36,19,11,8607371.15,171,170,2.0,2,51.6,51.6,-8.3
380,Заводской,100,15,8,10644814.4,243,281,,4,36.2,36.2,30.0
381,Центральный,43,17,6,8582255.39,163,188,2.0,2,48.4,48.4,6.4
382,Ленинский,50,11,1,8058090.53,161,151,2.0,2,58.7,58.7,-30.0
383,Ленинский,33,10,1,5993435.86,112,146,2.0,2,53.1,53.1,35.5
384,Приречный,66,10,8,12813282.02,238,229,,4,46.9,46.9,-21.4
385,Ленинский,97,9,5,10828920.03,151,170,0.0,0,56.1,56.1,3.9
386,Приречный,66,10,16,8997409.8,228,273,0.0,0,63.0,63.0,14.6
387,Заводской,61,16,11,16389695.13,123,118,2.0,2,59.3,59.3,-18.3
388,Центральный,20,1,5,8178864.99,64,77,2.0,2,37.5,37.5,15.4
389,Приречный,60,14,4,10807621.73,170,193,2.0,2,59.9,59.9,-0.5
390,Приречный,14,1,6,8733883.88,129,119,2.0,2,62.2,62.2,-6.1
391,Приречный,34,19,14,8428534.7,115,158,3.0,3,,58.8,25.1
392,Заводской,29,2,19,6399918.34,125,126,1.0,1,57.9,57.9,1.1
393,Заводской,88,12,9,12350433.07,165,162,2.0,2,73.0,73.0,9.8
394,Приречный,9,2,12,6915368.41,150,141,2.0,2,47.0,47.0,1.8
395,Заводской,69,13,11,10149040.82,207,238,3.0,3,36.2,36.2,14.2
396,Приречный,98,17,14,12240332.17,120,150,2.0,2,53.1,53.1,15.1
397,Приречный,53,14,16,6642628.02,166,193,,0,61.9,61.9,17.9
398,Заводской,7,1,1,10182590.87,98,96,2.0,2,91.2,91.2,-9.0
399,Приречный,49,14,13,5517405.51,201,191,1.0,1,76.9,76.9,-3.0
400,Приречный,18,3,13,11204838.69,147,153,1.0,1,82.1,82.1,-13.1
401,Центральный,34,9,2,9284676.02,172,204,0.0,0,,58.8,26.7
402,Приречный,72,8,4,10645336.16,158,185,2.0,2,48.3,48.3,17.4
403,Ленинский,22,2,6,5528302.84,75,65,,0,67.8,67.8,8.8
404,Приречный,66,12,5,10737076.04,220,258,1.0,1,58.1,58.1,30.3
405,Заводской,41,7,3,11232999.12,126,174,,4,54.1,54.1,43.8
406,Приречный,29,4,1,6533656.81,124,114,0.0,0,55.8,55.8,-9.3
407,Заводской,52,16,4,5833223.99,147,141,3.0,3,68.0,68.0,-11.4
408,Центральный,69,11,20,13394070.5,216,259,2.0,2,53.6,53.6,29.3
409,Приречный,57,14,2,5926310.11,163,153,3.0,3,64.5,64.5,-8.4
410,Центральный,83,13,5,17266139.45,185,233,1.0,1,56.1,56.1,37.6
411,Заводской,77,6,3,9051986.21,140,142,4.0,4,53.4,53.4,5.4
412,Приречный,19,3,9,8100472.71,62,94,4.0,4,58.9,58.9,55.7
413,Приречный,53,8,20,9083581.89,119,135,3.0,3,51.7,51.7,19.4
414,Ленинский,92,14,6,10299568.47,154,144,1.0,1,43.2,43.2,-15.7
415,Ленинский,72,5,18,6752900.8,198,192,4.0,4,29.9,29.9,-13.3
416,Заводской,16,2,6,9046379.9,143,133,1.0,1,69.8,69.8,-17.6
417,Заводской,63,9,19,12717126.69,225,274,3.0,3,44.5,44.5,32.3
418,Заводской,41,19,12,11158515.6,111,107,1.0,1,41.1,41.1,-13.1
419,Ленинский,65,5,11,9092073.29,212,217,1.0,1,67.6,67.6,-5.9
420,Приречный,47,7,2,7515763.3,161,161,2.0,2,62.6,62.6,5.4
421,Приречный,74,16,15,12629716.96,128,259,3.0,3,27.3,27.3,126.3
422,Приречный,43,6,12,8445691.03,119,119,1.0,1,70.7,70.7,-6.2
423,Центральный,60,5,12,8395777.55,116,106,3.0,3,80.7,80.7,-22.1
424,Заводской,67,11,9,8960118.94,221,238,2.0,2,79.9,79.9,1.6
425,Центральный,50,9,2,6563437.63,200,214,2.0,2,63.4,63.4,6.7
426,Ленинский,92,5,3,8974942.35,209,202,3.0,3,59.7,59.7,-15.2
427,Заводской,15,5,12,9589220.8,102,95,5.0,5,57.4,57.4,-18.4
428,Приречный,66,19,16,11574748.86,198,188,2.0,2,68.6,68.6,16.1
429,Заводской,81,7,1,6540326.96,176,167,2.0,2,60.0,60.0,-13.7
430,Центральный,29,4,3,5183835.67,171,188,,4,69.2,69.2,6.7
431,Центральный,75,11,20,13365296.95,251,264,4.0,4,31.8,31.8,1.5
432,Приречный,56,15,2,5975676.73,124,144,1.0,1,64.2,64.2,11.9
433,Ленинский,8,2,9,5782779.37,87,77,1.0,1,,58.8,-5.3
434,Центральный,63,13,19,10424872.85,140,136,5.0,5,47.7,47.7,6.6
435,Центральный,76,18,15,11022398.78,163,337,0.0,0,33.8,33.8,159.8
436,Ленинский,24,5,18,4388983.69,71,61,2.0,2,47.3,47.3,-17.1
437,Центральный,97,17,11,10972779.8,220,211,1.0,1,48.2,48.2,8.8
438,Приречный,67,13,16,13997939.65,202,192,3.0,3,64.2,64.2,-16.1
439,Ленинский,58,18,17,7409585.84,137,158,2.0,2,48.9,48.9,29.0
440,Центральный,78,13,5,14107862.47,138,130,5.0,5,28.3,28.3,-6.4
441,Центральный,61,6,12,7105407.17,140,130,3.0,3,44.3,44.3,-6.9
442,Приречный,94,7,11,9611401.42,148,196,2.0,2,,58.8,41.4
443,Заводской,45,11,15,7369407.32,93,171,2.0,2,60.0,60.0,78.5
444,Заводской,7,5,3,10043925.54,101,91,2.0,2,66.7,66.7,-30.0
445,Приречный,10,2,1,8495213.92,151,142,1.0,1,53.9,53.9,1.1
446,Приречный,9,3,20,9341551.83,124,114,3.0,3,52.2,52.2,-4.6
447,Приречный,9,2,16,7996750.32,158,148,1.0,1,86.7,86.7,-9.9
448,Приречный,58,10,2,9908088.47,180,210,1.0,1,75.0,75.0,22.9
449,Заводской,51,17,2,6269564.01,147,137,0.0,0,53.2,53.2,1.5
450,Центральный,91,11,3,13183775.32,223,265,,4,61.1,61.1,3.7
451,Приречный,53,13,8,8004028.01,200,236,,4,40.6,40.6,18.2
452,Ленинский,13,1,15,3947247.3,54,240,3.0,3,35.8,35.8,122.6
453,Заводской,24,3,7,8698376.02,71,62,3.0,3,58.6,58.6,-30.0
454,Приречный,65,11,6,13824150.82,165,155,2.0,2,81.8,81.8,-16.7
455,Центральный,39,12,9,5503085.4,91,81,3.0,3,43.6,43.6,-16.0
456,Заводской,54,16,20,10439214.2,140,130,0.0,0,66.2,66.2,-12.3
457,Центральный,86,18,1,10089784.52,164,196,2.0,2,75.8,75.8,40.8
458,Заводской,66,7,8,7954144.75,116,106,,4,25.1,25.1,-30.0
459,Центральный,21,4,3,9468386.01,177,167,,4,57.3,57.3,-7.4
460,Центральный,92,14,4,8467134.6,156,171,3.0,3,52.1,52.1,26.9
461,Центральный,7,2,15,9105936.97,78,243,0.0,0,47.3,47.3,153.4
462,Ленинский,36,11,6,7762074.98,89,82,2.0,2,80.0,80.0,-6.6
463,Ленинский,17,5,15,8063723.81,57,202,2.0,2,46.0,46.0,175.7
464,Ленинский,93,18,3,10485534.34,177,177,4.0,4,61.6,61.6,-6.7
465,Приречный,77,8,14,9213339.38,129,158,3.0,3,55.8,55.8,0.1
466,Заводской,72,12,20,13039747.93,245,263,1.0,1,58.3,58.3,9.4
467,Заводской,18,5,14,7843813.77,113,112,3.0,3,64.1,64.1,-8.6
468,Приречный,15,1,4,9169633.24,88,78,3.0,3,82.9,82.9,-19.4
469,Центральный,60,8,12,5565608.63,142,132,1.0,1,54.5,54.5,-12.0
470,Приречный,71,7,17,8530146.3,211,201,1.0,1,61.0,61.0,12.7
471,Центральный,96,13,7,18305010.86,118,123,4.0,4,55.9,55.9,28.3
472,Приречный,33,12,9,8233283.64,126,143,2.0,2,,58.8,15.7
473,Центральный,13,1,3,7260875.67,76,93,3.0,3,60.9,60.9,17.7
474,Приречный,71,15,13,14376700.41,184,224,0.0,0,76.8,76.8,10.0
475,Ленинский,29,1,15,8853618.89,58,161,2.0,2,58.9,58.9,100.0
476,Приречный,80,11,18,14274911.84,161,184,3.0,3,65.3,65.3,32.1
477,Центральный,46,8,19,6649029.32,179,220,2.0,2,39.8,39.8,20.4
478,Ленинский,13,5,1,6849069.36,148,138,1.0,1,91.9,91.9,-30.0
479,Приречный,83,5,6,8956845.11,167,163,1.0,1,88.2,88.2,4.3
480,Ленинский,44,16,2,7569918.24,201,231,4.0,4,53.0,53.0,24.8
481,Ленинский,29,2,14,8462391.26,106,123,1.0,1,42.9,42.9,0.2
482,Ленинский,9,4,6,4765098.96,112,115,1.0,1,43.0,43.0,4.4
483,Заводской,15,5,14,8426486.67,123,153,3.0,3,58.8,58.8,28.9
484,Ленинский,63,16,4,11973135.34,266,256,1.0,1,56.5,56.5,-4.5
485,Ленинский,92,15,8,5813869.73,205,205,5.0,5,29.2,29.2,-7.9
486,Приречный,83,9,3,9102055.68,203,252,,4,21.5,21.5,34.3
487,Центральный,42,12,19,4517554.39,119,155,2.0,2,49.8,49.8,26.2
488,Заводской,76,10,14,10170443.21,120,138,2.0,2,63.3,63.3,0.1
489,Приречный,9,2,20,7666693.01,109,121,3.0,3,79.7,79.7,-9.5
490,Приречный,52,7,17,4385788.52,161,199,3.0,3,60.7,60.7,36.2
491,Заводской,94,10,8,17097269.29,212,209,,4,43.3,43.3,4.8
492,Ленинский,22,4,14,7300175.1,167,202,3.0,3,59.7,59.7,21.8
493,Заводской,74,17,6,14460401.39,178,214,1.0,1,64.2,64.2,15.8
494,Центральный,41,14,16,8241577.22,89,116,0.0,0,75.7,75.7,25.0
495,Заводской,64,7,19,4908011.82,147,168,2.0,2,59.2,59.2,3.5
496,Заводской,52,10,14,8826479.99,73,79,3.0,3,75.3,75.3,3.9
497,Ленинский,81,10,19,17118904.33,206,237,1.0,1,73.2,73.2,-6.2
498,Центральный,32,6,3,7129374.73,132,153,6.0,6,49.0,49.0,8.5
499,Приречный,73,11,10,12983773.73,191,202,0.0,0,66.0,66.0,2.6
500,Приречный,81,16,19,8997507.59,134,139,2.0,2,76.8,76.8,9.8
501,Ленинский,85,6,9,6995920.92,155,159,0.0,0,58.5,58.5,2.2
502,Ленинский,44,10,20,6469393.15,114,116,,0,35.0,35.0,9.7
503,Заводской,49,5,13,7237415.94,77,113,1.0,1,37.1,37.1,60.2
504,Приречный,100,7,7,7008886.95,135,166,2.0,2,45.9,45.9,33.5
505,Ленинский,66,6,14,6699915.54,129,139,1.0,1,74.9,74.9,12.5
506,Центральный,97,11,9,9856654.99,169,212,1.0,1,52.1,52.1,25.6
507,Приречный,62,18,19,12295603.36,148,160,1.0,1,67.7,67.7,-1.7
508,Приречный,71,8,15,8057350.15,120,181,2.0,2,44.4,44.4,161.8
509,Приречный,60,12,20,8804566.78,123,120,1.0,1,59.7,59.7,9.4
510,Ленинский,44,10,14,8549848.64,177,203,2.0,2,43.4,43.4,17.8
511,Ленинский,44,16,6,6729631.51,128,140,3.0,3,57.2,57.2,11.5
512,Заводской,95,14,4,16942843.05,122,136,4.0,4,52.6,52.6,6.8
513,Приречный,81,8,8,7073161.3,198,228,,4,55.2,55.2,-7.5
514,Приречный,37,9,17,6407328.42,166,163,3.0,3,65.3,65.3,4.6
515,Центральный,10,5,9,11354449.43,77,86,3.0,3,56.2,56.2,23.2
516,Центральный,92,17,1,13188966.53,213,236,2.0,2,36.8,36.8,-4.5
517,Заводской,23,1,20,8199726.82,60,92,3.0,3,70.7,70.7,53.2
518,Приречный,84,11,14,12663671.17,194,184,1.0,1,65.7,65.7,4.8
519,Приречный,44,14,11,7847204.91,171,202,4.0,4,53.0,53.0,14.5
520,Центральный,96,18,3,15376136.92,111,139,,4,67.4,67.4,37.2
521,Ленинский,63,18,9,10396727.82,205,195,1.0,1,80.6,80.6,-6.3
522,Заводской,63,13,14,12648853.89,161,206,1.0,1,64.7,64.7,22.7
523,Приречный,52,11,9,8805973.49,193,230,1.0,1,59.6,59.6,31.7
524,Приречный,45,16,4,10001525.49,199,214,1.0,1,63.8,63.8,-1.8
525,Приречный,17,1,4,8628297.12,101,113,2.0,2,65.2,65.2,4.6
526,Заводской,49,16,8,9295819.73,111,137,,4,52.9,52.9,14.5
527,Заводской,93,12,2,13062798.73,222,214,3.0,3,86.7,86.7,-15.0
528,Заводской,57,8,9,7664974.19,153,172,0.0,0,100.0,100.0,13.9
529,Центральный,46,7,14,8953072.04,86,133,,0,59.0,59.0,49.5
530,Приречный,67,18,9,13594018.25,157,178,0.0,0,33.5,33.5,18.3
531,Приречный,31,17,16,9576642.68,101,99,0.0,0,55.7,55.7,-19.3
532,Приречный,42,11,17,9231138.96,216,214,2.0,2,91.2,91.2,-12.2
533,Приречный,64,16,16,13255907.16,137,174,3.0,3,64.4,64.4,27.5
534,Ленинский,11,3,12,7850929.5,111,113,2.0,2,70.0,70.0,16.5
535,Приречный,9,5,3,7418482.72,162,195,4.0,4,48.9,48.9,24.2
536,Приречный,49,8,11,6989789.72,176,220,0.0,0,,58.8,19.1
537,Приречный,62,12,14,15576205.79,152,143,2.0,2,89.2,89.2,-20.8
538,Центральный,35,12,18,12682845.35,86,89,3.0,3,48.1,48.1,-3.0
539,Заводской,27,4,5,7377497.63,141,154,3.0,3,69.3,69.3,8.8
540,Центральный,46,5,16,4205425.68,167,199,,0,35.1,35.1,-4.4
541,Приречный,14,1,20,7944779.74,97,87,3.0,3,57.8,57.8,-22.4
542,Ленинский,36,18,5,7702285.23,131,128,0.0,0,84.9,84.9,-9.7
543,Центральный,57,9,3,6654430.35,113,149,6.0,6,41.1,41.1,29.3
544,Ленинский,34,8,12,6990429.73,118,108,4.0,4,52.5,52.5,-9.0
545,Ленинский,43,10,1,7960045.03,189,194,0.0,0,69.2,69.2,-3.5
546,Заводской,35,10,9,7117645.31,83,92,1.0,1,45.2,45.2,15.9
547,Центральный,86,6,9,8857817.1,164,197,4.0,4,28.5,28.5,21.4
548,Ленинский,6,1,4,6876824.62,172,164,,0,77.7,77.7,-8.4
549,Ленинский,82,9,3,13934018.07,238,246,,4,41.1,41.1,9.8
550,Приречный,81,16,17,14461570.99,123,113,2.0,2,74.6,74.6,-2.5
551,Ленинский,97,10,2,11752282.98,141,178,3.0,3,70.4,70.4,11.7
552,Приречный,16,4,1,8011995.35,116,106,1.0,1,85.0,85.0,-8.9
553,Ленинский,43,6,8,6873792.04,144,151,,4,26.3,26.3,13.8
554,Ленинский,70,17,13,12510047.73,172,162,1.0,1,56.5,56.5,4.8
555,Приречный,100,18,15,14960601.39,145,331,3.0,3,,58.8,134.8
556,Заводской,17,4,8,9216714.89,110,100,5.0,5,63.3,63.3,-5.1
557,Центральный,50,5,12,7321157.5,178,183,3.0,3,93.7,93.7,4.5
558,Центральный,31,11,12,7805135.33,126,121,3.0,3,47.4,47.4,-12.4
559,Приречный,21,2,14,8872148.78,117,119,2.0,2,81.1,81.1,7.8
560,Ленинский,99,17,15,11170971.06,116,248,0.0,0,49.2,49.2,146.5
561,Ленинский,64,6,15,8473603.85,85,176,4.0,4,15.2,15.2,124.3
562,Центральный,68,13,9,12258792.74,183,177,1.0,1,,58.8,11.2
563,Центральный,92,9,19,9196207.11,148,140,2.0,2,67.9,67.9,-12.0
564,Центральный,39,6,20,8373393.64,88,78,2.0,2,,58.8,-27.1
565,Заводской,74,15,8,11992679.05,220,251,,4,20.7,20.7,3.6
566,Ленинский,87,13,19,10834147.35,154,174,6.0,6,21.6,21.6,22.9
567,Заводской,34,13,6,4751777.62,150,182,0.0,0,67.5,67.5,23.9
568,Заводской,75,5,20,8456954.44,96,125,4.0,4,44.9,44.9,28.9
569,Приречный,78,15,19,12652974.17,249,243,2.0,2,,58.8,-7.5
570,Заводской,100,7,4,9159881.48,190,180,1.0,1,58.2,58.2,-0.4
571,Ленинский,67,8,7,9002974.79,153,172,2.0,2,38.8,38.8,3.9
572,Приречный,32,18,4,6622986.86,99,106,,0,49.8,49.8,10.1
573,Заводской,64,11,12,21178588.26,194,205,1.0,1,37.5,37.5,-1.6
574,Ленинский,83,14,13,9245027.18,188,182,2.0,2,81.8,81.8,-12.2
575,Приречный,98,8,3,7267430.27,109,158,8.0,8,61.6,61.6,38.6
576,Приречный,41,6,12,6965783.26,75,119,1.0,1,23.3,23.3,54.9
577,Центральный,97,11,2,9831413.86,183,173,0.0,0,,58.8,-6.0
578,Приречный,26,3,2,10984713.66,68,58,2.0,2,,58.8,-12.4
579,Заводской,72,10,9,13156599.0,174,179,1.0,1,,58.8,-30.0
580,Заводской,24,3,1,9743301.18,176,216,0.0,0,77.0,77.0,14.7
581,Заводской,100,19,8,10900776.65,180,196,3.0,3,50.8,50.8,5.0
582,Приречный,72,10,6,7926484.54,232,234,2.0,2,62.3,62.3,15.9
583,Заводской,95,16,6,9419614.03,150,169,2.0,2,100.0,100.0,1.9
584,Заводской,68,9,18,14027976.35,199,201,2.0,2,61.9,61.9,2.6
585,Ленинский,21,4,17,8598474.99,166,161,0.0,0,96.5,96.5,11.9
586,Центральный,16,2,12,8983405.87,139,179,3.0,3,60.5,60.5,15.6
587,Центральный,26,4,6,8568921.31,169,216,1.0,1,49.3,49.3,31.8
588,Центральный,21,1,8,10413611.26,131,141,,4,36.2,36.2,-0.4
589,Центральный,14,2,19,6439562.41,115,147,0.0,0,63.5,63.5,22.8
590,Центральный,69,10,10,12353206.79,243,247,1.0,1,49.3,49.3,-6.4
591,Центральный,26,2,1,8848530.62,71,94,2.0,2,46.4,46.4,25.1
592,Ленинский,94,17,13,11645343.4,221,212,,0,57.7,57.7,23.1
593,Центральный,86,7,17,10446001.67,118,108,1.0,1,71.4,71.4,-0.0
594,Заводской,54,18,3,11629687.6,113,104,5.0,5,82.4,82.4,3.1
595,Приречный,18,2,8,9979791.01,82,130,,4,44.1,44.1,63.5
596,Заводской,68,18,14,12636292.85,151,184,1.0,1,67.3,67.3,5.8
597,Ленинский,51,18,3,9946132.13,148,181,5.0,5,24.0,24.0,26.2
598,Центральный,33,10,16,8171520.34,111,118,3.0,3,75.5,75.5,17.0
599,Центральный,80,7,13,5352619.42,153,188,1.0,1,34.2,34.2,14.3
600,Центральный,40,11,20,7559229.45,125,173,2.0,2,66.4,66.4,48.1
601,Центральный,56,8,17,9559092.58,87,124,3.0,3,52.4,52.4,49.6
602,Заводской,80,18,13,11589360.9,152,173,1.0,1,61.0,61.0,32.3
603,Центральный,11,1,6,8921038.47,115,132,0.0,0,62.1,62.1,10.6
604,Центральный,33,19,17,8792589.22,110,157,2.0,2,35.1,35.1,31.8
605,Центральный,15,5,14,8524835.18,68,100,3.0,3,,58.8,43.4
606,Заводской,37,7,17,7958216.67,163,175,2.0,2,74.1,74.1,21.7
607,Центральный,10,2,8,8998375.95,155,190,,4,,58.8,4.3
608,Заводской,83,15,11,14465730.42,200,230,2.0,2,53.4,53.4,-5.7
609,Ленинский,36,6,20,7384047.96,127,149,4.0,4,60.3,60.3,18.2
610,Ленинский,55,7,1,7238924.48,105,99,4.0,4,59.5,59.5,-10.1
611,Центральный,79,6,7,5450060.42,179,196,2.0,2,,58.8,9.6
612,Приречный,62,18,17,11158331.14,127,121,2.0,2,100.0,100.0,4.7
613,Ленинский,91,8,10,9470140.3,182,172,1.0,1,78.1,78.1,-11.0
614,Центральный,30,6,11,8533834.07,107,140,1.0,1,62.3,62.3,12.1
615,Приречный,50,14,9,7466764.08,201,231,0.0,0,56.3,56.3,35.4
616,Приречный,33,13,9,10130782.01,126,116,2.0,2,78.3,78.3,-17.9
617,Центральный,8,2,5,8101986.36,128,119,0.0,0,58.2,58.2,-17.6
618,Заводской,85,13,17,9332823.53,154,144,1.0,1,53.9,53.9,4.5
619,Приречный,17,5,9,10845107.27,141,138,3.0,3,86.4,86.4,-6.0
620,Ленинский,43,10,17,6915326.55,197,212,0.0,0,67.5,67.5,7.0
621,Центральный,19,1,19,8350921.18,125,129,2.0,2,51.7,51.7,8.0
622,Центральный,33,8,7,7425982.34,133,148,1.0,1,64.1,64.1,22.1
623,Заводской,33,19,9,8887977.03,200,246,2.0,2,67.6,67.6,19.7
624,Заводской,79,18,7,23142194.25,228,218,0.0,0,79.3,79.3,10.8
625,Ленинский,36,5,13,11674189.7,136,176,2.0,2,70.6,70.6,8.1
626,Заводской,6,5,11,6235545.11,173,205,1.0,1,41.9,41.9,26.1
627,Заводской,51,8,14,6385305.38,170,167,3.0,3,75.2,75.2,-10.2
628,Ленинский,82,7,19,6260368.33,144,166,3.0,3,53.9,53.9,29.0
629,Центральный,88,7,11,7556122.37,132,146,,0,62.5,62.5,12.0
630,Заводской,26,1,13,9649066.08,162,204,2.0,2,73.7,73.7,19.2
631,Ленинский,79,10,14,8730467.82,180,170,2.0,2,74.5,74.5,1.1
632,Приречный,31,13,13,9670040.76,104,124,0.0,0,71.3,71.3,28.2
633,Ленинский,71,17,1,12888699.65,165,189,2.0,2,29.4,29.4,21.0
634,Ленинский,85,9,8,11737992.31,197,226,,4,51.5,51.5,4.4
635,Центральный,60,6,12,5521449.48,115,122,3.0,3,47.8,47.8,1.2
636,Заводской,96,12,19,7684171.0,242,263,1.0,1,73.5,73.5,8.6
637,Ленинский,97,9,12,22776285.0,219,267,1.0,1,72.3,72.3,21.5
638,Центральный,25,2,8,9198632.32,119,109,4.0,4,53.5,53.5,-0.9
639,Заводской,51,8,8,8350620.76,118,136,2.0,2,50.4,50.4,-4.9
640,Заводской,84,13,13,9765715.41,167,163,3.0,3,84.3,84.3,0.9
641,Центральный,63,19,12,15508787.77,202,216,2.0,2,52.2,52.2,4.0
642,Заводской,88,8,16,9437432.64,211,236,2.0,2,,58.8,3.5
643,Центральный,10,5,1,10275420.18,158,179,4.0,4,41.3,41.3,5.9
644,Заводской,23,4,13,10026703.87,99,117,1.0,1,55.1,55.1,16.0
645,Центральный,61,16,7,9064908.03,218,246,3.0,3,42.5,42.5,-23.2
646,Приречный,73,16,5,9806181.03,212,253,2.0,2,68.5,68.5,12.3
647,Ленинский,7,5,8,9052773.93,87,104,,4,21.6,21.6,10.8
648,Ленинский,5,4,14,7907070.88,171,173,3.0,3,47.4,47.4,6.5
649,Приречный,62,6,13,8981738.74,121,122,1.0,1,66.1,66.1,-7.2
650,Заводской,42,17,15,8008750.32,81,272,2.0,2,29.0,29.0,166.2
651,Центральный,19,4,17,7343587.61,85,113,1.0,1,86.8,86.8,50.9
652,Ленинский,38,19,15,9588115.74,84,202,3.0,3,60.6,60.6,100.0
653,Ленинский,65,10,20,10974650.84,199,246,3.0,3,27.6,27.6,17.2
654,Ленинский,39,17,18,8978583.07,110,100,1.0,1,38.4,38.4,-4.9
655,Заводской,68,15,18,10977476.45,185,213,2.0,2,58.8,58.8,9.5
656,Центральный,29,2,2,8081115.23,166,176,0.0,0,57.9,57.9,0.7
657,Заводской,28,4,4,10412583.97,82,101,2.0,2,42.3,42.3,21.1
658,Заводской,16,3,1,8532452.38,155,182,2.0,2,58.8,58.8,33.9
659,Ленинский,22,3,4,7467427.03,89,119,0.0,0,67.5,67.5,40.7
660,Ленинский,19,5,18,9917494.21,136,158,3.0,3,44.0,44.0,24.3
661,Заводской,84,7,5,6018764.34,203,237,4.0,4,41.8,41.8,32.8
662,Приречный,31,6,19,11354425.48,146,174,0.0,0,53.0,53.0,28.2
663,Ленинский,76,14,15,11457355.62,136,319,3.0,3,18.2,18.2,121.1
664,Центральный,64,13,8,9599927.21,240,276,,4,,58.8,25.3
665,Центральный,50,6,20,8364866.85,104,98,3.0,3,44.8,44.8,-19.9
666,Центральный,93,18,17,15261415.25,173,179,2.0,2,53.2,53.2,7.9
667,Центральный,21,3,1,8321851.11,174,221,0.0,0,54.6,54.6,35.5
668,Центральный,97,6,12,9453535.06,165,208,0.0,0,61.3,61.3,35.0
669,Центральный,57,17,19,8666929.06,129,138,1.0,1,69.3,69.3,-4.2
670,Заводской,12,1,15,9561364.03,79,251,4.0,4,54.2,54.2,100.0
671,Центральный,83,11,9,11047821.51,182,210,1.0,1,70.0,70.0,25.3
672,Приречный,31,7,7,7549427.39,65,99,0.0,0,72.1,72.1,44.7
673,Центральный,50,13,2,10442224.32,168,203,2.0,2,53.0,53.0,17.8
674,Ленинский,54,7,9,9133887.79,176,223,0.0,0,45.9,45.9,42.5
675,Заводской,75,9,10,11621612.29,248,271,3.0,3,48.5,48.5,8.8
676,Приречный,7,1,2,9107736.25,149,159,3.0,3,48.3,48.3,-0.6
677,Центральный,97,16,19,13882844.85,157,194,2.0,2,62.5,62.5,14.8
678,Заводской,68,18,11,17691724.34,199,231,4.0,4,26.8,26.8,19.4
679,Приречный,48,18,13,6480455.74,207,209,0.0,0,78.5,78.5,-12.4
680,Приречный,57,7,10,10238026.8,151,158,4.0,4,54.8,54.8,2.2
681,Приречный,28,4,14,8371749.47,76,71,1.0,1,78.0,78.0,-3.2
682,Заводской,64,5,18,8290059.76,108,124,2.0,2,49.9,49.9,27.8
683,Центральный,7,4,19,7618915.7,84,84,1.0,1,53.5,53.5,6.7
684,Ленинский,24,4,9,7523045.65,117,113,,0,60.9,60.9,-10.6
685,Приречный,50,11,7,9032400.1,191,207,4.0,4,48.3,48.3,20.2
686,Ленинский,19,1,3,6467839.07,65,63,,4,82.1,82.1,-6.1
687,Ленинский,29,5,20,10438147.79,134,143,0.0,0,80.2,80.2,-5.6
688,Заводской,98,11,6,16949649.14,144,168,,0,84.8,84.8,14.9
689,Приречный,82,16,2,10553311.44,178,175,1.0,1,59.6,59.6,12.7
690,Центральный,75,8,6,8494059.72,121,162,2.0,2,5.6,5.6,35.5
691,Заводской,21,5,3,4977191.02,178,193,,4,48.9,48.9,8.6
692,Заводской,88,8,16,6122879.19,230,261,3.0,3,58.3,58.3,29.9
693,Ленинский,13,4,8,9094867.24,156,154,,4,62.7,62.7,-15.6
694,Центральный,42,16,2,8473012.79,111,134,1.0,1,67.0,67.0,7.9
695,Центральный,52,10,17,8740480.35,103,93,2.0,2,56.6,56.6,-25.9
696,Ленинский,64,11,9,8453079.09,240,263,1.0,1,88.1,88.1,13.3
697,Заводской,67,6,12,6209433.52,114,161,3.0,3,36.1,36.1,42.9
698,Ленинский,90,19,3,11246342.64,225,238,8.0,8,39.3,39.3,21.2
699,Центральный,6,5,11,7832596.5,108,153,3.0,3,35.8,35.8,44.1
700,Заводской,92,8,1,6843473.87,219,267,2.0,2,54.7,54.7,17.9
701,Ленинский,76,19,13,11615182.81,194,228,2.0,2,81.0,81.0,17.5
702,Центральный,15,5,15,8030818.07,48,117,0.0,0,54.1,54.1,100.0
703,Заводской,68,7,5,7382915.25,120,141,2.0,2,57.8,57.8,0.8
704,Центральный,81,11,17,11290822.74,150,170,1.0,1,37.6,37.6,40.4
705,Центральный,85,15,6,10561606.35,212,260,2.0,2,50.1,50.1,27.8
706,Приречный,76,16,11,13692179.97,149,139,2.0,2,81.3,81.3,-4.6
707,Заводской,25,5,18,8298945.96,93,83,1.0,1,63.2,63.2,-4.6
708,Приречный,22,5,4,8430094.76,139,178,5.0,5,42.4,42.4,35.2
709,Заводской,98,10,3,11857302.28,258,288,4.0,4,68.6,68.6,10.2
710,Ленинский,68,9,13,12000360.56,164,164,1.0,1,62.3,62.3,-6.3
711,Приречный,86,18,9,9539234.28,159,149,3.0,3,80.4,80.4,-0.3
712,Ленинский,99,11,6,13778825.43,198,242,4.0,4,29.9,29.9,26.1
713,Заводской,42,6,12,6380241.27,107,116,3.0,3,69.4,69.4,0.3
714,Заводской,36,18,2,6310862.14,182,210,0.0,0,89.1,89.1,29.6
715,Заводской,15,3,3,7758893.84,90,80,,4,64.1,64.1,-8.2
716,Приречный,49,9,3,9553770.96,184,180,4.0,4,30.0,30.0,5.1
717,Приречный,93,10,12,18264397.92,163,211,4.0,4,38.8,38.8,43.4
718,Приречный,37,10,15,8283847.97,62,179,1.0,1,40.0,40.0,179.2
719,Центральный,45,19,9,6704061.32,80,116,4.0,4,65.9,65.9,35.0
720,Ленинский,12,5,8,5924819.72,68,109,4.0,4,29.8,29.8,61.2
721,Приречный,15,2,11,7190018.55,168,199,0.0,0,48.5,48.5,13.1
722,Центральный,90,11,16,9663265.92,126,166,1.0,1,34.9,34.9,38.8
723,Центральный,55,14,4,8260941.72,165,184,1.0,1,,58.8,19.5
724,Ленинский,92,12,1,10345284.87,162,179,3.0,3,38.8,38.8,26.8
725,Ленинский,45,11,7,4184752.73,125,147,3.0,3,80.6,80.6,-4.0
726,Приречный,21,5,2,10980696.46,178,220,2.0,2,45.9,45.9,17.3
727,Центральный,80,5,5,9120385.2,103,101,0.0,0,80.4,80.4,11.1
728,Приречный,50,17,7,10934627.38,165,194,3.0,3,55.5,55.5,3.6
729,Центральный,36,9,4,9636085.38,181,193,1.0,1,64.7,64.7,14.7
730,Центральный,83,14,5,13381545.85,197,189,1.0,1,58.1,58.1,7.3
731,Центральный,84,6,1,7543385.38,130,171,2.0,2,67.4,67.4,31.3
732,Приречный,58,17,1,8363236.24,138,160,1.0,1,64.9,64.9,1.7
733,Ленинский,90,9,15,10432134.88,99,194,1.0,1,49.5,49.5,167.5
734,Ленинский,96,9,20,17502440.49,218,208,2.0,2,55.1,55.1,21.4
735,Заводской,24,2,19,10593672.15,160,150,1.0,1,60.6,60.6,-23.5
736,Приречный,37,9,10,8111418.87,123,159,3.0,3,62.6,62.6,36.2
737,Заводской,78,17,18,14094509.43,148,138,1.0,1,70.5,70.5,4.9
738,Приречный,44,8,3,8057450.88,96,133,6.0,6,46.5,46.5,47.5
739,Заводской,36,5,11,6682594.89,133,133,1.0,1,,58.8,-2.0
740,Заводской,6,3,15,9442934.93,38,189,3.0,3,60.0,60.0,100.0
741,Заводской,37,5,11,8348892.36,111,146,1.0,1,52.8,52.8,36.0
742,Заводской,81,16,17,11477227.04,182,181,0.0,0,69.5,69.5,7.6
743,Ленинский,34,15,17,9270677.48,152,185,3.0,3,51.6,51.6,27.7
744,Ленинский,37,19,6,7705508.67,98,102,1.0,1,,58.8,14.5
745,Центральный,81,9,5,15345785.89,187,194,0.0,0,64.2,64.2,-6.4
746,Приречный,30,8,8,10809530.94,82,72,5.0,5,49.3,49.3,-14.5
747,Заводской,26,5,2,9869401.01,88,88,1.0,1,68.8,68.8,-9.4
748,Ленинский,70,14,16,10027621.55,210,207,4.0,4,47.6,47.6,-5.3
749,Приречный,42,18,20,9857356.91,160,186,2.0,2,60.5,60.5,26.4
750,Ленинский,94,8,12,6684511.11,198,247,3.0,3,86.8,86.8,25.8
751,Центральный,50,6,6,5221509.35,90,126,,0,61.3,61.3,66.1
752,Приречный,19,4,1,9253151.13,109,107,1.0,1,,58.8,0.1
753,Ленинский,48,16,4,8203103.72,100,144,0.0,0,50.4,50.4,44.6
754,Заводской,53,6,17,5497341.87,114,104,2.0,2,89.6,89.6,-7.7
755,Центральный,79,12,13,18878862.55,195,216,0.0,0,94.9,94.9,4.4
756,Приречный,65,7,18,8936629.12,130,130,3.0,3,73.8,73.8,-0.6
757,Ленинский,71,13,5,13245755.2,188,207,1.0,1,73.0,73.0,21.4
758,Ленинский,10,5,3,10492161.52,117,163,3.0,3,48.3,48.3,40.5
759,Приречный,13,4,11,6021017.13,158,162,3.0,3,66.1,66.1,-5.4
760,Приречный,10,5,13,7088077.33,141,175,1.0,1,47.7,47.7,14.9
761,Центральный,77,10,4,11836618.74,187,218,3.0,3,37.9,37.9,12.1
762,Заводской,99,14,14,7799626.66,219,242,3.0,3,34.1,34.1,11.2
763,Центральный,36,9,11,8213138.37,147,182,1.0,1,66.2,66.2,35.7
764,Ленинский,45,14,10,8862051.89,209,243,2.0,2,36.5,36.5,2.9
765,Центральный,80,17,19,14089976.99,136,185,3.0,3,,58.8,32.8
766,Ленинский,12,1,18,9498224.97,127,172,3.0,3,51.1,51.1,36.9
767,Приречный,76,13,6,12842806.7,139,137,4.0,4,72.9,72.9,-19.8
768,Приречный,54,5,15,10417685.89,64,258,0.0,0,22.5,22.5,135.8
769,Заводской,96,12,10,12254374.12,173,215,0.0,0,,58.8,28.8
770,Приречный,66,13,5,13279783.6,212,233,3.0,3,70.9,70.9,-3.3
771,Центральный,88,13,5,12781709.39,143,164,2.0,2,43.7,43.7,28.9
772,Приречный,66,5,10,9125417.22,152,190,1.0,1,76.2,76.2,16.8
773,Центральный,11,2,5,6172838.04,75,74,1.0,1,62.7,62.7,-22.4
774,Заводской,79,16,3,14081153.47,257,253,1.0,1,59.5,59.5,13.4
775,Приречный,88,17,6,13900496.53,205,211,3.0,3,55.6,55.6,-16.8
776,Центральный,84,5,4,7733544.94,177,203,1.0,1,61.7,61.7,24.3
777,Центральный,8,2,18,5861610.03,101,91,0.0,0,63.8,63.8,-2.7
778,Ленинский,10,2,9,9219371.37,76,118,1.0,1,46.0,46.0,58.5
779,Ленинский,62,14,17,9802586.81,170,211,5.0,5,35.5,35.5,18.9
780,Ленинский,26,4,13,9039987.04,86,84,1.0,1,69.1,69.1,2.7
781,Ленинский,30,12,15,10297849.87,76,152,0.0,0,52.4,52.4,100.0
782,Ленинский,7,5,20,7711551.45,84,132,3.0,3,59.3,59.3,47.3
783,Заводской,45,16,17,8337273.22,98,116,2.0,2,61.2,61.2,28.1
784,Заводской,64,15,13,13479026.67,134,152,1.0,1,64.6,64.6,22.7
785,Центральный,18,2,16,10868614.11,88,103,1.0,1,72.9,72.9,20.0
786,Приречный,79,12,4,12868889.96,143,162,4.0,4,75.5,75.5,7.9
787,Ленинский,86,15,5,15836277.78,148,172,1.0,1,84.1,84.1,25.6
788,Заводской,16,1,5,8267885.78,174,164,2.0,2,84.1,84.1,-0.7
789,Заводской,91,19,9,10992503.66,216,220,2.0,2,76.3,76.3,-8.3
790,Приречный,16,1,17,8949451.48,134,182,1.0,1,88.7,88.7,32.1
791,Центральный,17,4,13,7351814.44,97,106,4.0,4,62.8,62.8,17.5
792,Ленинский,29,5,2,10346929.61,120,167,1.0,1,62.5,62.5,40.3
793,Ленинский,49,7,13,7629874.01,137,145,0.0,0,,58.8,16.7
794,Ленинский,23,5,19,7297146.62,110,157,,0,13.7,13.7,39.3
795,Центральный,59,16,3,5489772.8,174,204,4.0,4,48.8,48.8,7.2
796,Приречный,49,5,10,7014972.81,80,83,0.0,0,,58.8,25.7
797,Приречный,12,5,2,6150595.47,113,106,5.0,5,69.7,69.7,-23.0
798,Ленинский,97,12,13,8551617.99,212,260,3.0,3,89.9,89.9,17.6
799,Ленинский,57,17,19,9812675.76,135,132,1.0,1,68.6,68.6,0.6
800,Приречный,59,12,17,10554240.51,139,160,2.0,2,53.3,53.3,25.0
