client_id,age,gender,manager_id,destination,tour_duration_days,tour_cost_rub,extras_count,post_tour_rating,refund_requested
1,56,М,15,Европа,16,172337.47,4,5.0,Нет
2,69,,9,Таиланд,5,196280.25,5,5.0,Да
3,46,М,2,Турция,13,99855.94,3,4.0,Нет
4,32,,10,ОАЭ,14,187582.88,7,5.0,Да
5,60,Ж,8,Таиланд,4,101899.55,2,5.0,Нет
6,25,Ж,14,Европа,9,117929.28,2,3.0,Нет
7,78,,2,ОАЭ,13,169875.93,7,5.0,Нет
8,38,,11,ОАЭ,11,175200.19,5,5.0,Нет
9,56,М,13,ОАЭ,11,157989.64,6,5.0,Нет
10,75,Ж,5,Турция,6,36710.49,1,4.0,Нет
11,36,М,7,Турция,7,75790.38,2,5.0,Нет
12,40,М,8,Египет,5,87246.25,2,5.0,Нет
13,28,М,1,Египет,3,86065.1,4,4.0,Да
14,28,Ж,6,Египет,7,97153.64,3,,Нет
15,41,Ж,1,Европа,17,198382.22,6,4.0,Нет
16,70,М,2,Турция,11,117450.63,6,3.0,Нет
17,53,М,15,Европа,17,183806.07,6,5.0,Нет
18,57,,1,Турция,11,122534.41,6,3.0,Нет
19,41,М,11,Таиланд,6,87777.79,1,5.0,Нет
20,20,М,5,ОАЭ,9,187540.77,10,4.0,Нет
21,39,,10,ОАЭ,7,157951.57,7,4.0,Нет
22,70,М,15,Европа,6,132514.54,4,4.0,Нет
23,19,М,9,Таиланд,10,288449.51,7,5.0,Нет
24,41,М,6,Египет,3,114783.29,6,3.0,Нет
25,61,Ж,11,ОАЭ,14,140791.76,4,,Нет
26,47,М,11,ОАЭ,11,183362.84,6,,Нет
27,55,Ж,1,Турция,9,113208.5,6,4.0,Да
28,19,М,13,Мальдивы,13,178319.86,4,4.0,Да
29,77,Ж,1,Турция,10,113059.41,3,5.0,Нет
30,38,Ж,2,Турция,8,91368.32,4,,Нет
31,50,,9,Турция,11,306886.62,6,3.0,Нет
32,29,М,3,Турция,5,56344.73,0,5.0,Нет
33,75,М,15,Европа,14,150145.67,2,5.0,Нет
34,39,Ж,1,Турция,6,115690.23,6,5.0,Нет
35,78,Ж,5,Египет,8,113446.19,5,4.0,Нет
36,61,М,7,Таиланд,10,124409.09,3,5.0,Да
37,42,М,6,Египет,7,107714.62,5,5.0,Нет
38,66,Ж,12,Мальдивы,9,167996.18,3,5.0,Нет
39,44,Ж,1,Турция,8,81942.03,2,4.0,Нет
40,76,Ж,5,Египет,6,78638.22,3,,Нет
41,80,М,15,Европа,13,133201.53,1,4.0,Нет
42,59,М,5,Египет,5,109775.71,6,3.0,Нет
43,45,М,6,Мальдивы,10,191643.18,5,5.0,Нет
44,77,Ж,3,Таиланд,9,117935.81,4,5.0,Нет
45,33,М,5,Египет,9,58118.15,0,4.0,Да
46,32,Ж,7,Европа,16,160364.1,2,4.0,Нет
47,79,М,5,Египет,6,119342.28,6,5.0,Нет
48,79,М,5,Египет,8,101436.9,2,2.0,Нет
49,64,Ж,5,Египет,5,112417.76,6,4.0,Нет
50,79,Ж,10,Таиланд,8,116014.62,4,5.0,Нет
51,68,,10,ОАЭ,10,147869.7,6,4.0,Нет
52,61,Ж,3,Европа,6,130920.18,1,3.0,Нет
53,72,Ж,1,Турция,10,104478.33,4,5.0,Нет
54,69,Ж,5,Египет,4,66933.73,1,3.0,Нет
55,74,М,14,Европа,15,156459.44,3,3.0,Нет
56,20,,9,Таиланд,9,175320.3,4,5.0,Нет
57,54,М,14,Европа,13,137663.2,0,4.0,Да
58,68,Ж,1,Турция,3,65076.41,0,4.0,Нет
59,24,Ж,3,Европа,12,179821.67,6,5.0,Нет
60,38,М,13,Европа,11,156571.62,4,2.0,Нет
61,26,Ж,13,Турция,8,83558.45,3,4.0,Нет
62,56,М,4,Египет,8,120293.73,6,4.0,Нет
63,35,,14,Европа,10,143798.78,4,5.0,Нет
64,21,,1,Турция,11,85642.34,4,4.0,Нет
65,42,М,1,Турция,4,116368.26,6,5.0,Нет
66,77,М,8,Таиланд,3,98941.87,5,4.0,Нет
67,31,Ж,2,Турция,8,92751.68,4,4.0,Нет
68,67,М,12,Таиланд,12,142563.57,5,5.0,Нет
69,75,М,15,Европа,15,149344.67,0,4.0,Нет
70,26,Ж,8,Таиланд,10,92571.31,0,4.0,Да
71,43,М,7,Турция,5,75062.89,4,4.0,Нет
72,70,,10,ОАЭ,10,130986.54,3,5.0,Нет
73,19,,10,ОАЭ,8,145215.15,6,5.0,Нет
74,37,М,2,Турция,3,88617.89,5,5.0,Нет
75,45,М,6,Таиланд,11,145319.84,5,5.0,Нет
76,64,Ж,6,Египет,3,60626.11,4,5.0,Нет
77,77,Ж,3,Турция,5,50886.1,0,5.0,Нет
78,24,М,11,ОАЭ,14,149159.5,4,5.0,Нет
79,61,М,2,Египет,5,95432.39,6,5.0,Нет
80,78,М,12,Турция,6,111854.91,6,5.0,Нет
81,25,Ж,1,Турция,10,95850.24,5,5.0,Нет
82,64,М,6,Египет,3,73001.06,4,5.0,Нет
83,52,М,12,Мальдивы,11,217510.69,7,5.0,Нет
84,31,Ж,5,Египет,8,108005.71,3,4.0,Нет
85,34,М,14,Европа,5,120239.03,2,3.0,Нет
86,53,М,14,Египет,3,57826.04,2,4.0,Нет
87,67,,11,ОАЭ,12,172944.46,8,5.0,Да
88,57,М,9,Мальдивы,14,431280.02,9,5.0,Нет
89,21,М,1,Мальдивы,9,193392.63,6,5.0,Нет
90,19,Ж,15,Мальдивы,10,208358.47,6,5.0,Нет
91,79,М,15,Европа,16,161592.44,3,4.0,Да
92,23,Ж,7,Таиланд,3,110892.32,5,4.0,Нет
93,71,,15,Египет,12,87036.58,2,5.0,Да
94,59,М,5,Египет,9,129831.18,6,,Нет
95,21,М,5,Турция,7,73543.41,3,,Да
96,71,М,14,Таиланд,7,123955.04,6,,Нет
97,46,Ж,2,ОАЭ,7,131299.15,3,5.0,Нет
98,80,М,11,Таиланд,12,107605.69,4,3.0,Нет
99,35,Ж,3,Турция,13,112739.61,4,,Нет
100,43,,7,Таиланд,8,121609.26,6,4.0,Нет
101,61,М,6,Египет,11,86165.49,1,3.0,Нет
102,51,Ж,12,ОАЭ,7,129479.44,4,5.0,Нет
103,27,Ж,2,Турция,10,131058.35,5,3.0,Нет
104,79,Ж,6,Мальдивы,11,213068.79,8,5.0,Да
105,53,М,2,Египет,3,104426.51,4,5.0,Нет
106,31,М,2,Турция,11,78869.52,0,4.0,Нет
107,48,М,2,Египет,3,61985.41,2,3.0,Нет
108,65,Ж,14,Европа,12,145308.11,2,2.0,Нет
109,32,М,15,Европа,9,153955.9,5,4.0,Нет
110,25,Ж,11,Египет,5,62421.57,0,4.0,Нет
111,31,Ж,3,Европа,15,167861.09,5,4.0,Нет
112,40,,15,ОАЭ,13,215901.78,10,5.0,Нет
113,77,М,2,Турция,9,92253.98,2,3.0,Нет
114,74,М,4,Египет,11,126317.82,6,5.0,Нет
115,79,Ж,9,Таиланд,9,377929.32,8,4.0,Нет
116,57,Ж,6,Турция,13,140446.76,6,4.0,Нет
117,38,М,1,Турция,5,95943.09,5,5.0,Нет
118,33,М,8,Таиланд,13,148274.83,4,3.0,Нет
119,62,М,15,Европа,17,178362.55,5,3.0,Нет
120,35,М,12,Европа,19,189026.51,4,4.0,Нет
121,64,Ж,14,Европа,18,135217.3,0,4.0,Нет
122,70,М,7,Таиланд,3,94619.57,2,4.0,Нет
123,41,М,10,ОАЭ,14,196325.95,9,4.0,Да
124,43,,3,ОАЭ,10,179802.5,9,5.0,Нет
125,42,,1,Турция,5,37261.18,1,,Нет
126,77,,5,Мальдивы,10,179456.23,4,,Нет
127,77,М,13,ОАЭ,14,204134.53,10,5.0,Нет
128,77,Ж,4,Египет,10,99287.09,2,4.0,Нет
129,62,,10,ОАЭ,11,160609.5,4,5.0,Нет
130,58,М,8,Таиланд,7,149350.33,6,4.0,Да
131,46,М,1,Европа,17,193462.67,5,4.0,Нет
132,32,Ж,10,Европа,16,132379.1,0,5.0,Нет
133,62,Ж,1,Турция,3,45951.96,0,,Нет
134,18,М,12,Мальдивы,11,200389.15,5,4.0,Нет
135,42,Ж,4,Египет,12,94196.14,1,4.0,Нет
136,24,М,8,Мальдивы,13,239283.46,8,5.0,Нет
137,26,Ж,5,Египет,12,105793.89,0,4.0,Нет
138,41,М,2,Турция,7,83671.8,0,2.0,Нет
139,18,М,6,Египет,10,113939.38,3,3.0,Нет
140,61,М,5,Египет,11,107279.03,3,4.0,Нет
141,25,Ж,2,Турция,13,140493.25,6,4.0,Нет
142,41,Ж,13,Таиланд,9,103614.41,0,5.0,Да
143,80,Ж,14,Европа,18,158527.0,2,2.0,Нет
144,28,,11,ОАЭ,11,163673.39,7,5.0,Нет
145,68,,11,ОАЭ,13,167325.79,7,5.0,Нет
146,34,М,11,ОАЭ,13,174236.15,8,4.0,Да
147,25,Ж,3,Таиланд,3,55180.05,0,4.0,Нет
148,52,Ж,15,Европа,19,149499.02,0,,Нет
149,52,М,9,Таиланд,6,202420.92,7,3.0,Нет
150,50,,7,Мальдивы,8,189747.01,5,,Нет
151,76,М,7,Таиланд,4,103421.53,3,4.0,Нет
152,22,М,15,Европа,6,117988.17,0,3.0,Нет
153,59,Ж,11,ОАЭ,10,147721.17,3,5.0,Нет
154,56,М,6,Египет,3,108072.45,6,4.0,Да
155,75,Ж,8,Европа,19,173873.36,1,4.0,Нет
156,58,Ж,4,Египет,6,112195.03,6,5.0,Нет
157,45,Ж,8,Таиланд,4,118266.79,6,,Нет
158,24,М,4,Мальдивы,11,199073.07,5,,Нет
159,26,М,8,Таиланд,5,112835.89,5,5.0,Нет
160,25,М,9,Таиланд,10,326525.65,8,5.0,Да
161,29,,3,Турция,6,93818.92,6,4.0,Нет
162,51,М,3,Турция,3,63535.02,1,4.0,Нет
163,50,Ж,11,ОАЭ,7,169226.78,9,4.0,Нет
164,65,М,13,Египет,12,133258.07,4,4.0,Нет
165,72,М,2,Турция,5,90670.99,5,4.0,Нет
166,40,М,13,Мальдивы,13,186144.49,3,4.0,Нет
167,79,,10,ОАЭ,7,110744.07,3,,Нет
168,41,Ж,3,Турция,9,83129.14,1,3.0,Да
169,54,М,3,Таиланд,4,80226.1,2,4.0,Нет
170,52,Ж,5,Европа,19,153933.25,0,4.0,Нет
171,61,Ж,5,Египет,11,105716.55,4,4.0,Нет
172,57,Ж,2,Турция,12,55530.65,0,4.0,Нет
173,39,М,12,Мальдивы,8,201311.9,7,5.0,Нет
174,44,,10,ОАЭ,9,171864.29,8,4.0,Нет
175,52,М,13,Мальдивы,9,219810.72,8,4.0,Нет
176,18,М,6,Египет,12,120560.01,3,4.0,Нет
177,52,,5,ОАЭ,12,183124.09,6,5.0,Нет
178,54,Ж,6,Египет,4,97641.54,4,1.0,Да
179,64,Ж,1,Таиланд,5,93786.19,2,3.0,Нет
180,31,Ж,5,Египет,8,54726.66,0,2.0,Нет
181,20,М,9,Таиланд,11,358155.35,7,4.0,Нет
182,18,Ж,12,Мальдивы,7,178426.67,6,5.0,Нет
183,22,Ж,10,ОАЭ,13,194678.76,10,5.0,Нет
184,43,М,14,Европа,16,201646.2,6,5.0,Нет
185,72,Ж,2,Турция,5,84532.49,4,,Нет
186,80,,1,Турция,6,101314.31,6,5.0,Нет
187,31,М,14,Европа,10,103265.15,0,4.0,Нет
188,56,М,10,ОАЭ,9,124433.15,3,5.0,Нет
189,44,Ж,13,Мальдивы,11,180670.64,5,5.0,Нет
190,26,,11,ОАЭ,8,125968.2,4,5.0,Нет
191,32,М,9,Таиланд,8,186084.51,4,4.0,Нет
192,32,,10,ОАЭ,9,204028.27,10,5.0,Нет
193,43,М,9,Турция,10,213911.16,5,3.0,Нет
194,59,Ж,15,Европа,6,122831.82,3,1.0,Нет
195,77,М,9,Таиланд,3,219609.79,5,4.0,Нет
196,30,Ж,6,Египет,11,119335.16,2,3.0,Нет
197,68,Ж,15,Европа,18,166771.47,2,3.0,Нет
198,80,Ж,8,Таиланд,5,96546.99,3,2.0,Нет
199,49,М,14,Европа,15,145398.13,2,4.0,Нет
200,56,Ж,11,ОАЭ,7,160775.38,10,5.0,Нет
201,66,Ж,15,Европа,11,167704.74,5,,Да
202,69,Ж,13,Таиланд,12,123478.17,1,4.0,Да
203,78,Ж,1,Турция,7,52864.56,0,4.0,Нет
204,49,,10,ОАЭ,11,157644.15,8,5.0,Нет
205,21,М,4,Египет,3,55357.76,1,4.0,Нет
206,47,М,1,Европа,19,187816.0,4,3.0,Нет
207,54,М,8,Таиланд,11,136715.0,6,5.0,Нет
208,40,М,1,Египет,9,87795.32,3,4.0,Нет
209,56,Ж,3,Египет,10,91191.55,2,4.0,Нет
210,62,Ж,13,Мальдивы,7,199297.01,7,4.0,Нет
211,32,Ж,4,Египет,8,71116.1,2,2.0,Нет
212,60,М,15,Европа,16,175827.16,5,5.0,Нет
213,46,Ж,15,Европа,9,112027.32,0,4.0,Нет
214,53,М,15,Европа,10,113590.96,0,3.0,Нет
215,30,Ж,8,Таиланд,13,88829.63,0,3.0,Нет
216,49,М,6,Египет,4,82412.58,2,4.0,Нет
217,24,,14,Европа,8,139556.13,4,4.0,Нет
218,76,Ж,10,ОАЭ,9,111050.55,3,4.0,Нет
219,68,Ж,12,Мальдивы,11,211642.98,7,5.0,Нет
220,39,Ж,7,Египет,9,95251.99,2,2.0,Нет
221,45,Ж,14,Европа,13,161039.84,5,4.0,Нет
222,19,М,8,Таиланд,7,107403.37,4,4.0,Нет
223,59,М,2,Мальдивы,12,229509.46,10,4.0,Нет
224,62,,13,Европа,14,168533.47,5,5.0,Да
225,79,,10,ОАЭ,12,167068.5,5,,Нет
226,74,М,14,Европа,16,152859.41,2,5.0,Нет
227,70,М,11,ОАЭ,10,166395.94,6,4.0,Нет
228,23,Ж,8,Таиланд,4,78311.68,2,2.0,Нет
229,45,М,3,Египет,5,72163.1,2,,Нет
230,45,Ж,7,Таиланд,5,92540.14,1,,Нет
231,61,М,3,Таиланд,11,84943.95,0,4.0,Нет
232,61,М,15,Европа,19,181121.36,3,,Нет
233,37,Ж,7,Таиланд,9,128716.16,6,5.0,Нет
234,47,Ж,14,Европа,12,146783.37,3,5.0,Нет
235,79,,11,ОАЭ,9,171701.63,6,5.0,Нет
236,28,М,15,Таиланд,12,139641.81,6,4.0,Да
237,75,,12,Мальдивы,9,180453.46,4,4.0,Нет
238,72,М,13,Мальдивы,7,227164.36,10,5.0,Нет
239,45,,2,Турция,8,106265.09,5,3.0,Нет
240,42,,10,ОАЭ,10,152550.53,5,,Да
241,56,М,6,Египет,3,53434.6,0,4.0,Нет
242,79,М,3,Турция,10,88977.61,4,5.0,Нет
243,50,М,3,Египет,9,123482.89,6,,Да
244,18,М,15,Европа,6,140675.32,5,,Нет
245,74,Ж,9,Таиланд,10,369150.65,7,5.0,Нет
246,44,М,7,Мальдивы,10,183559.54,5,5.0,Нет
247,79,Ж,5,Таиланд,7,100520.31,1,2.0,Нет
248,74,Ж,12,Мальдивы,13,257221.69,10,4.0,Нет
249,69,Ж,10,ОАЭ,10,165973.24,9,5.0,Нет
250,30,М,7,Таиланд,7,84844.02,2,4.0,Нет
251,58,М,9,Таиланд,10,209876.13,7,5.0,Нет
252,20,Ж,1,Турция,3,74884.68,3,4.0,Нет
253,56,,7,Таиланд,3,93668.15,3,2.0,Нет
254,23,М,6,Египет,6,73769.23,0,2.0,Нет
255,25,Ж,10,ОАЭ,9,123586.07,3,5.0,Да
256,44,Ж,14,Европа,17,181608.02,3,3.0,Нет
257,26,М,12,Мальдивы,8,214647.14,8,,Нет
258,79,Ж,9,Таиланд,4,168909.69,5,4.0,Да
259,54,М,1,Турция,5,95141.69,4,,Нет
260,50,М,13,Египет,13,92844.83,2,3.0,Нет
261,68,,4,ОАЭ,13,159684.57,6,5.0,Нет
262,59,Ж,9,Таиланд,13,276516.42,7,4.0,Да
263,61,М,4,Европа,18,147224.67,0,2.0,Нет
264,41,Ж,10,Египет,13,113769.33,4,4.0,Нет
265,32,М,3,Турция,3,55967.31,0,5.0,Нет
266,76,М,9,Таиланд,3,275890.74,8,4.0,Нет
267,71,Ж,13,ОАЭ,12,168362.89,7,5.0,Нет
268,49,,2,Египет,7,110773.51,5,4.0,Нет
269,49,Ж,15,Египет,10,93929.88,2,4.0,Нет
270,41,Ж,4,Египет,4,60776.15,0,5.0,Нет
271,58,,15,ОАЭ,14,189925.98,8,5.0,Нет
272,69,Ж,6,Египет,6,86905.03,1,5.0,Нет
273,66,М,2,Турция,10,65403.23,0,2.0,Да
274,79,Ж,15,Турция,8,64742.64,2,2.0,Нет
275,66,,8,Таиланд,3,102021.26,5,,Нет
276,75,М,8,Европа,19,186572.67,4,3.0,Нет
277,69,М,1,Турция,6,74233.3,2,3.0,Нет
278,29,М,12,Мальдивы,7,168324.01,4,5.0,Нет
279,79,М,3,Мальдивы,11,206235.03,8,5.0,Нет
280,56,М,10,Мальдивы,8,218212.86,9,5.0,Нет
281,19,М,9,Таиланд,7,244731.99,5,4.0,Нет
282,20,Ж,5,Египет,10,79431.99,0,5.0,Нет
283,66,Ж,6,Египет,10,102116.08,4,1.0,Нет
284,54,,4,Египет,13,112201.18,3,1.0,Нет
285,66,Ж,10,ОАЭ,9,171807.07,8,,Нет
286,73,М,2,Турция,13,120688.1,6,,Нет
287,34,,11,ОАЭ,11,187827.89,9,5.0,Нет
288,76,Ж,8,Таиланд,6,123092.89,6,5.0,Нет
289,66,Ж,11,ОАЭ,8,174970.65,8,5.0,Нет
290,19,М,13,Мальдивы,9,216608.34,9,,Нет
291,19,Ж,6,Мальдивы,12,183102.34,5,4.0,Нет
292,45,Ж,5,Египет,8,111669.87,5,4.0,Нет
293,71,М,9,ОАЭ,9,259442.51,7,5.0,Да
294,40,М,1,Таиланд,13,127363.35,3,,Нет
295,54,М,5,Европа,14,156854.85,4,5.0,Нет
296,49,М,6,Египет,5,76969.74,1,4.0,Нет
297,50,Ж,5,Египет,4,99666.95,6,5.0,Нет
298,18,М,6,Египет,8,79256.98,1,2.0,Нет
299,36,Ж,6,Турция,13,97366.75,0,,Нет
300,79,Ж,7,Таиланд,7,66687.18,0,5.0,Нет
301,19,,4,Египет,12,87242.18,1,3.0,Нет
302,70,Ж,14,Турция,7,105082.72,5,5.0,Да
303,61,,11,ОАЭ,8,167646.98,7,,Нет
304,43,Ж,14,Европа,17,136587.66,1,5.0,Нет
305,49,М,14,Европа,9,101642.1,0,4.0,Нет
306,23,М,14,Мальдивы,8,186907.49,4,5.0,Нет
307,49,,15,Европа,16,170795.85,5,4.0,Нет
308,72,Ж,8,ОАЭ,11,137377.17,4,,Нет
309,21,Ж,7,Таиланд,5,122502.5,4,4.0,Нет
310,72,Ж,9,Европа,11,281197.02,8,5.0,Нет
311,28,Ж,7,Таиланд,8,94318.68,0,3.0,Нет
312,73,М,3,Турция,6,103458.03,4,2.0,Нет
313,76,М,3,Турция,4,67372.53,1,3.0,Нет
314,34,М,15,Европа,16,135083.89,1,4.0,Нет
315,80,М,8,Таиланд,11,110631.74,3,5.0,Нет
316,55,Ж,5,Мальдивы,7,146422.8,3,5.0,Нет
317,41,,4,Египет,13,99960.48,0,4.0,Нет
318,22,М,8,Таиланд,6,90432.61,2,3.0,Нет
319,69,Ж,15,Европа,5,128332.89,0,4.0,Нет
320,51,Ж,6,Египет,8,112552.3,3,5.0,Нет
321,23,Ж,2,Турция,6,96965.74,6,4.0,Нет
322,39,Ж,4,Египет,7,74917.32,2,4.0,Нет
323,28,М,12,Мальдивы,11,197661.9,5,5.0,Нет
324,80,Ж,11,ОАЭ,7,115454.58,4,5.0,Нет
325,65,Ж,4,Египет,3,57617.41,1,4.0,Нет
326,33,М,15,Европа,17,135618.41,0,4.0,Нет
327,50,Ж,6,Египет,4,91511.66,2,3.0,Да
328,26,М,6,Египет,8,78610.18,1,4.0,Нет
329,77,,1,Таиланд,7,102152.33,3,5.0,Нет
330,76,Ж,14,Европа,15,136685.15,1,4.0,Нет
331,23,М,8,Таиланд,9,135940.5,5,4.0,Нет
332,33,М,6,Египет,5,95032.89,5,,Да
333,46,,3,Турция,5,62497.17,1,3.0,Нет
334,20,М,14,Европа,14,141608.76,2,3.0,Нет
335,37,Ж,9,Египет,4,177503.71,6,3.0,Да
336,77,Ж,2,Египет,5,66160.67,2,4.0,Нет
337,76,М,15,Европа,14,161281.8,4,2.0,Нет
338,53,Ж,11,Мальдивы,7,207001.71,9,4.0,Нет
339,36,М,8,Таиланд,7,109337.62,5,,Нет
340,43,Ж,10,Европа,18,146841.58,3,3.0,Нет
341,20,М,3,Турция,7,80023.11,2,,Нет
342,80,М,13,Мальдивы,10,181528.27,3,5.0,Нет
343,36,Ж,12,Таиланд,13,135032.55,5,4.0,Нет
344,37,Ж,5,Египет,9,93342.24,3,4.0,Нет
345,49,Ж,6,Египет,6,87028.11,3,2.0,Нет
346,24,,10,ОАЭ,9,162787.84,5,5.0,Нет
347,69,М,6,Турция,3,57322.92,3,5.0,Нет
348,58,М,4,Египет,10,86855.1,2,4.0,Нет
349,50,Ж,3,Европа,17,171780.27,6,,Нет
350,57,Ж,4,Турция,5,66623.18,1,5.0,Нет
351,56,Ж,1,Турция,4,90560.42,5,5.0,Нет
352,35,М,4,Египет,13,118029.92,4,1.0,Нет
353,57,М,1,Турция,6,67531.23,1,3.0,Нет
354,18,М,12,Мальдивы,9,220907.08,8,5.0,Нет
355,28,М,15,Европа,17,162381.33,2,3.0,Нет
356,45,Ж,1,Турция,3,97305.08,5,3.0,Нет
357,74,Ж,10,Европа,7,148344.65,6,5.0,Нет
358,42,М,14,Европа,16,165931.71,2,,Нет
359,67,Ж,6,Турция,4,52776.37,1,3.0,Нет
360,40,М,5,Турция,10,63351.3,0,4.0,Нет
361,48,М,14,Европа,10,122708.43,0,3.0,Да
362,47,,11,ОАЭ,7,184019.18,10,5.0,Нет
363,59,М,15,Европа,12,155281.43,5,,Нет
364,52,М,4,Египет,12,79267.21,0,3.0,Нет
365,24,Ж,13,ОАЭ,9,161882.35,5,5.0,Нет
366,77,Ж,11,ОАЭ,11,146316.63,6,5.0,Нет
367,33,Ж,3,Египет,9,102852.19,2,4.0,Нет
368,43,Ж,1,Таиланд,7,102583.02,3,4.0,Нет
369,65,Ж,6,Турция,10,54622.45,1,3.0,Нет
370,74,М,2,Турция,7,79332.68,4,4.0,Нет
371,69,Ж,8,Таиланд,3,83365.22,3,3.0,Нет
372,77,,10,ОАЭ,11,130760.71,3,5.0,Нет
373,66,Ж,5,Египет,6,77952.87,2,3.0,Нет
374,19,Ж,7,Таиланд,8,64965.2,1,4.0,Нет
375,18,,10,ОАЭ,9,132868.04,3,,Нет
376,65,Ж,12,Мальдивы,13,180449.09,4,5.0,Да
377,79,Ж,2,Турция,13,124905.23,4,4.0,Нет
378,29,М,13,Мальдивы,11,222298.23,9,4.0,Нет
379,22,М,8,Таиланд,4,97428.46,2,4.0,Да
380,54,,2,Турция,13,130103.49,5,5.0,Нет
381,49,Ж,4,Египет,8,95832.73,2,3.0,Нет
382,76,Ж,1,Турция,8,90335.93,4,5.0,Нет
383,72,Ж,15,Европа,9,127208.0,2,3.0,Нет
384,26,Ж,5,Египет,8,106750.27,5,5.0,Нет
385,58,Ж,9,Таиланд,13,221714.63,7,5.0,Нет
386,52,М,1,Турция,9,98050.63,5,5.0,Нет
387,36,Ж,9,Таиланд,7,203917.36,7,4.0,Нет
388,65,,11,Египет,3,77741.79,3,1.0,Нет
389,33,М,15,Европа,12,130338.85,0,3.0,Нет
390,20,М,8,Таиланд,6,84718.87,0,3.0,Да
391,37,Ж,6,Египет,11,99009.37,4,1.0,Нет
392,41,Ж,7,Таиланд,12,111879.15,3,4.0,Нет
393,71,Ж,3,Турция,8,102292.48,6,4.0,Нет
394,73,Ж,14,Европа,5,119124.47,0,4.0,Нет
395,50,М,15,Европа,7,109797.29,0,4.0,Нет
396,41,М,1,Турция,5,79161.29,3,2.0,Нет
397,69,,5,Европа,14,148577.74,2,5.0,Нет
398,28,Ж,14,ОАЭ,14,138843.3,3,4.0,Нет
399,66,Ж,12,Мальдивы,10,197642.7,4,5.0,Нет
400,25,Ж,12,Таиланд,6,106110.27,3,4.0,Да
401,53,М,2,Турция,8,64395.91,0,5.0,Нет
402,55,Ж,14,Европа,19,167947.44,4,2.0,Нет
403,57,Ж,5,Турция,9,95380.68,5,4.0,Нет
404,37,Ж,8,Таиланд,12,100910.92,1,4.0,Нет
405,79,М,11,ОАЭ,10,183000.08,10,4.0,Нет
406,52,Ж,9,Таиланд,8,199325.56,7,5.0,Да
407,65,М,2,Турция,13,104581.56,5,5.0,Нет
408,79,М,12,Мальдивы,7,173573.31,3,5.0,Да
409,42,Ж,3,Турция,10,68678.87,1,1.0,Нет
410,52,М,3,Турция,9,62779.79,1,3.0,Нет
411,42,М,1,Турция,13,103415.05,2,3.0,Нет
412,46,Ж,8,Таиланд,13,142696.2,5,4.0,Нет
413,35,М,6,ОАЭ,14,162045.01,4,4.0,Нет
414,63,Ж,12,Мальдивы,7,190160.83,5,4.0,Нет
415,35,М,13,Мальдивы,9,214374.55,6,5.0,Да
416,19,Ж,8,Таиланд,4,86439.6,2,5.0,Нет
417,71,,11,Турция,3,66423.92,4,,Нет
418,52,Ж,9,Египет,5,188710.38,8,4.0,Да
419,33,М,5,Египет,7,95275.37,3,4.0,Нет
420,78,М,14,Европа,18,189385.34,6,4.0,Нет
421,58,Ж,12,Мальдивы,9,235856.65,9,5.0,Нет
422,53,М,14,Европа,6,135417.0,3,4.0,Нет
423,50,Ж,3,Турция,5,76554.26,4,5.0,Нет
424,21,М,5,Турция,6,56631.84,2,4.0,Нет
425,50,М,5,Египет,9,71217.61,0,4.0,Нет
426,31,М,5,Египет,5,75108.77,2,4.0,Нет
427,38,,3,ОАЭ,14,157137.66,4,,Нет
428,65,,11,ОАЭ,13,171106.91,5,5.0,Нет
429,37,,14,ОАЭ,7,191791.13,10,5.0,Нет
430,73,М,10,ОАЭ,14,164210.99,6,4.0,Нет
431,25,Ж,14,Европа,8,101061.81,0,3.0,Нет
432,24,Ж,4,Европа,17,144658.79,2,3.0,Нет
433,20,Ж,9,Европа,5,298424.33,7,,Да
434,34,М,13,Мальдивы,7,176405.08,4,4.0,Нет
435,50,М,10,Египет,3,57614.14,1,3.0,Нет
436,65,Ж,9,Таиланд,3,228550.32,7,4.0,Нет
437,29,Ж,2,Турция,10,122678.27,6,5.0,Нет
438,76,Ж,8,Турция,5,75812.7,0,2.0,Нет
439,68,Ж,8,Таиланд,8,118458.97,4,5.0,Да
440,39,М,7,Египет,5,78469.25,6,5.0,Нет
441,72,,8,ОАЭ,9,191408.8,9,5.0,Нет
442,39,М,14,Европа,9,133972.52,3,4.0,Да
443,63,Ж,3,Турция,9,137657.13,6,3.0,Нет
444,47,М,13,Мальдивы,14,243163.63,10,5.0,Нет
445,55,Ж,6,Египет,4,88152.99,6,,Нет
446,55,Ж,1,Турция,8,43353.03,0,2.0,Да
447,62,М,7,Таиланд,8,99397.41,0,3.0,Нет
448,68,М,15,Европа,15,186059.05,5,4.0,Нет
449,71,Ж,15,Египет,5,114260.19,4,3.0,Нет
450,25,Ж,1,Турция,8,80109.24,2,5.0,Нет
451,44,М,9,Таиланд,12,187299.95,5,3.0,Нет
452,44,Ж,1,Турция,12,86683.38,2,5.0,Нет
453,51,М,1,Турция,7,98555.89,4,4.0,Нет
454,38,Ж,15,Европа,20,182292.83,1,5.0,Нет
455,47,,7,Таиланд,4,86039.93,2,3.0,Нет
456,50,,2,Турция,11,96373.74,5,,Нет
457,45,М,14,Европа,12,119947.51,1,5.0,Нет
458,64,Ж,5,Египет,5,59642.1,0,4.0,Нет
459,50,Ж,8,Таиланд,10,117772.07,2,3.0,Нет
460,22,М,8,Таиланд,11,107373.54,1,,Нет
461,77,М,3,Турция,5,99602.56,5,5.0,Нет
462,78,М,7,Таиланд,5,136091.44,6,4.0,Да
463,65,Ж,3,Турция,4,52797.71,1,5.0,Нет
464,36,Ж,6,Египет,10,83190.95,1,3.0,Нет
465,21,Ж,6,Египет,12,115796.18,5,4.0,Нет
466,52,Ж,3,Таиланд,3,114285.44,6,5.0,Нет
467,66,М,7,ОАЭ,14,151937.31,5,5.0,Нет
468,34,,3,ОАЭ,13,163560.24,6,5.0,Нет
469,61,М,8,Египет,9,87722.84,2,5.0,Нет
470,45,М,10,Мальдивы,9,215285.29,9,5.0,Да
471,47,Ж,4,Египет,3,84389.38,4,2.0,Нет
472,46,М,15,Европа,8,158050.41,5,3.0,Нет
473,63,М,15,Таиланд,11,121386.96,2,4.0,Нет
474,70,М,13,Мальдивы,11,198111.56,4,5.0,Нет
475,23,Ж,1,Турция,3,96614.22,5,4.0,Нет
476,52,Ж,4,Египет,7,53400.19,0,3.0,Нет
477,77,М,14,Европа,17,185395.9,6,3.0,Нет
478,58,М,7,Таиланд,10,103257.15,2,5.0,Нет
479,54,М,11,ОАЭ,14,179428.5,8,5.0,Нет
480,41,М,4,Таиланд,7,100423.51,2,,Да
481,46,Ж,13,Мальдивы,10,198056.72,8,,Нет
482,66,М,6,Египет,11,102935.66,1,5.0,Нет
483,63,Ж,9,Таиланд,3,176289.28,6,5.0,Нет
484,70,М,1,Турция,6,86963.61,4,4.0,Нет
485,48,Ж,13,Мальдивы,9,215331.16,8,4.0,Нет
486,52,М,5,Египет,4,76884.66,2,4.0,Нет
487,77,М,11,ОАЭ,13,158293.67,3,5.0,Нет
488,50,М,7,Таиланд,10,137047.15,6,,Нет
489,69,Ж,1,Турция,9,78945.63,0,,Нет
490,80,М,14,Европа,13,162207.26,3,1.0,Нет
491,78,М,4,Европа,6,154939.77,3,2.0,Нет
492,38,М,6,Египет,6,61727.42,0,3.0,Нет
493,49,М,2,Турция,8,99796.41,5,5.0,Нет
494,40,М,10,ОАЭ,9,175576.94,7,4.0,Нет
495,50,М,5,Мальдивы,9,174854.33,3,,Нет
496,20,,11,ОАЭ,14,166816.59,4,5.0,Нет
497,35,,10,ОАЭ,9,194167.99,10,4.0,Да
498,42,Ж,1,Турция,4,46932.38,2,4.0,Нет
499,59,Ж,6,Египет,5,95763.22,4,3.0,Нет
500,48,Ж,6,Египет,13,95112.16,1,3.0,Нет
501,71,М,13,Турция,8,97331.07,4,4.0,Нет
502,75,Ж,15,Европа,20,156677.57,1,4.0,Нет
503,20,Ж,15,Таиланд,4,72078.56,2,2.0,Нет
504,57,М,4,Мальдивы,14,210741.77,5,5.0,Нет
505,63,Ж,13,Мальдивы,7,192737.68,6,5.0,Нет
506,41,М,8,Европа,11,174019.57,5,5.0,Нет
507,67,,4,ОАЭ,8,120612.44,4,,Нет
508,49,М,8,Таиланд,12,125071.34,3,1.0,Нет
509,64,Ж,15,Европа,16,143653.41,1,1.0,Нет
510,39,М,13,Мальдивы,14,211437.88,6,4.0,Нет
511,40,Ж,8,Таиланд,8,97768.4,2,4.0,Нет
512,19,М,5,Турция,4,89436.08,4,5.0,Нет
513,80,Ж,13,Мальдивы,8,214371.27,9,5.0,Нет
514,44,М,15,Европа,14,145480.85,3,3.0,Да
515,59,Ж,4,Египет,10,83864.25,1,4.0,Нет
516,19,М,12,Мальдивы,13,188858.25,4,4.0,Да
517,43,Ж,13,Мальдивы,13,230166.06,9,5.0,Нет
518,34,М,2,Турция,4,60121.89,5,4.0,Нет
519,57,,11,ОАЭ,13,205826.36,10,,Нет
520,50,М,15,Европа,7,123853.36,2,5.0,Нет
521,26,Ж,3,Турция,10,64518.46,1,3.0,Да
522,60,Ж,3,Турция,9,76225.64,0,4.0,Нет
523,71,М,4,Египет,10,113363.66,4,5.0,Нет
524,65,М,4,Европа,18,164726.8,3,5.0,Нет
525,56,,10,ОАЭ,13,171478.31,8,5.0,Нет
526,46,,11,ОАЭ,9,188780.31,10,5.0,Нет
527,59,,11,ОАЭ,12,189231.06,9,4.0,Нет
528,72,М,5,Таиланд,9,128243.34,4,,Нет
529,43,Ж,4,Египет,7,77562.64,2,2.0,Нет
530,52,,11,ОАЭ,13,194949.22,8,5.0,Нет
531,67,М,14,Европа,5,123597.47,3,5.0,Нет
532,42,,10,ОАЭ,7,135541.68,6,4.0,Нет
533,41,М,8,Таиланд,11,129677.17,6,4.0,Нет
534,30,М,6,Египет,7,65375.88,0,3.0,Нет
535,77,Ж,6,Египет,7,113344.85,6,5.0,Нет
536,75,,8,Таиланд,5,94278.61,2,5.0,Нет
537,24,М,7,Таиланд,7,120096.26,5,5.0,Да
538,74,М,15,Таиланд,5,124773.19,5,4.0,Нет
539,53,М,10,ОАЭ,7,130389.06,4,5.0,Нет
540,62,М,14,Мальдивы,7,145037.24,3,5.0,Нет
541,37,М,11,ОАЭ,12,138789.03,3,5.0,Нет
542,18,Ж,12,Мальдивы,13,202932.21,8,5.0,Нет
543,25,,10,ОАЭ,7,167713.91,8,,Нет
544,63,Ж,13,Египет,9,114571.93,4,2.0,Нет
545,33,М,8,Таиланд,9,109137.76,4,2.0,Нет
546,31,М,14,Турция,12,122185.57,4,2.0,Нет
547,29,М,2,Турция,12,84428.31,0,,Нет
548,68,М,9,Таиланд,6,177064.8,4,,Нет
549,40,Ж,1,Турция,10,86222.98,4,4.0,Нет
550,32,Ж,15,Европа,10,132711.44,1,3.0,Нет
551,45,Ж,8,Европа,8,158760.8,6,4.0,Нет
552,51,М,12,Мальдивы,10,203299.97,5,5.0,Нет
553,19,М,11,ОАЭ,14,184795.12,7,5.0,Нет
554,49,М,12,Мальдивы,8,226967.06,9,5.0,Нет
555,40,М,12,Мальдивы,12,196457.94,6,5.0,Нет
556,80,Ж,4,Египет,4,83482.1,2,4.0,Нет
557,39,Ж,4,Египет,6,93447.12,2,4.0,Нет
558,68,Ж,5,Египет,7,89612.86,3,4.0,Нет
559,42,Ж,8,Таиланд,10,114606.49,4,5.0,Нет
560,75,Ж,5,ОАЭ,13,135782.13,3,5.0,Нет
561,80,М,8,ОАЭ,12,176390.13,6,4.0,Нет
562,79,М,15,Европа,18,194843.46,3,4.0,Нет
563,78,М,10,ОАЭ,13,157183.55,6,5.0,Нет
564,39,М,1,Турция,6,63414.8,2,4.0,Нет
565,75,Ж,12,Мальдивы,11,242214.14,10,4.0,Нет
566,75,М,15,Европа,15,135460.86,1,,Да
567,39,М,10,ОАЭ,13,201183.55,9,5.0,Нет
568,66,М,9,Таиланд,10,329653.46,5,4.0,Нет
569,69,М,6,Египет,4,81492.98,4,,Нет
570,59,Ж,3,Турция,9,114552.4,6,3.0,Нет
571,23,Ж,13,Мальдивы,13,190257.53,4,4.0,Нет
572,32,Ж,14,Египет,4,79357.96,3,2.0,Нет
573,71,Ж,8,Таиланд,4,72405.98,0,2.0,Нет
574,60,М,9,Таиланд,10,238564.99,8,5.0,Да
575,77,Ж,6,Турция,4,107730.6,5,3.0,Нет
576,54,,11,ОАЭ,13,182912.31,10,4.0,Нет
577,50,М,7,Таиланд,13,137342.15,6,3.0,Нет
578,25,М,1,Турция,11,109268.27,4,3.0,Нет
579,70,М,14,Европа,16,162385.92,3,2.0,Нет
580,77,М,5,Египет,3,98111.82,5,5.0,Нет
581,61,Ж,5,Египет,11,79006.82,1,2.0,Нет
582,61,,10,ОАЭ,13,154624.58,3,5.0,Нет
583,22,М,14,Европа,5,113469.01,1,5.0,Да
584,56,Ж,4,Турция,12,90969.86,1,1.0,Нет
585,21,,6,Египет,12,132202.77,6,5.0,Нет
586,23,М,7,Таиланд,4,73754.95,0,1.0,Нет
587,62,Ж,9,Таиланд,8,304850.41,5,4.0,Нет
588,49,,1,Турция,8,104710.76,4,1.0,Нет
589,69,М,15,Египет,3,54960.59,0,3.0,Нет
590,47,Ж,6,Египет,9,115497.98,5,4.0,Нет
591,64,М,7,Европа,12,144031.49,2,5.0,Нет
592,52,Ж,3,Турция,4,88967.76,4,3.0,Нет
593,72,М,8,Таиланд,10,96215.44,2,4.0,Да
594,57,М,15,Европа,13,162488.94,6,3.0,Нет
595,69,Ж,5,Египет,8,123341.33,5,5.0,Нет
596,33,Ж,15,Европа,9,119495.85,0,3.0,Нет
597,30,М,9,Таиланд,11,264330.71,8,3.0,Нет
598,67,Ж,5,Египет,13,101435.67,1,3.0,Нет
599,77,Ж,9,Таиланд,11,384437.82,8,3.0,Нет
600,59,М,10,ОАЭ,7,148366.27,6,5.0,Нет
601,47,Ж,4,Мальдивы,9,209220.2,9,5.0,Нет
602,36,М,9,Египет,5,161982.68,6,,Да
603,34,,5,Египет,11,121080.86,5,5.0,Нет
604,73,М,10,ОАЭ,9,130696.15,3,5.0,Нет
605,80,Ж,9,Таиланд,4,159133.45,3,,Нет
606,36,Ж,3,Мальдивы,10,188815.16,3,4.0,Нет
607,45,Ж,15,Египет,6,72354.85,4,4.0,Нет
608,75,М,4,Египет,6,101648.33,6,5.0,Нет
609,72,М,9,Таиланд,4,246216.99,7,5.0,Нет
610,43,М,10,ОАЭ,13,169164.37,7,5.0,Нет
611,54,Ж,11,ОАЭ,9,184032.27,10,4.0,Нет
612,43,М,6,Египет,5,96420.94,5,,Нет
613,70,Ж,2,Турция,3,67303.49,3,4.0,Нет
614,79,,7,Таиланд,8,124338.08,6,5.0,Нет
615,40,,2,Турция,10,108031.83,6,3.0,Нет
616,80,,11,ОАЭ,10,166647.6,7,5.0,Нет
617,26,Ж,2,ОАЭ,9,126980.12,3,5.0,Нет
618,29,М,11,ОАЭ,11,192303.62,9,5.0,Нет
619,70,Ж,1,Мальдивы,7,225826.94,10,5.0,Нет
620,18,Ж,11,ОАЭ,8,150724.88,7,5.0,Нет
621,75,,11,ОАЭ,13,152085.21,4,5.0,Да
622,75,М,12,Мальдивы,8,195821.62,7,5.0,Нет
623,18,,11,ОАЭ,11,167083.4,8,,Нет
624,64,Ж,3,Турция,3,79894.32,3,,Нет
625,51,Ж,6,Египет,13,90786.75,1,3.0,Нет
626,49,М,8,Египет,11,113924.5,5,3.0,Нет
627,79,Ж,9,Таиланд,10,179705.61,4,3.0,Да
628,71,Ж,7,Таиланд,9,81858.47,0,2.0,Нет
629,65,М,4,Египет,12,123725.16,5,5.0,Нет
630,42,М,6,Египет,9,53402.2,0,2.0,Нет
631,57,,5,ОАЭ,11,185807.14,8,5.0,Нет
632,62,М,8,Таиланд,7,113935.51,2,1.0,Нет
633,70,Ж,1,Турция,13,84301.59,1,5.0,Нет
634,18,Ж,1,Турция,7,74106.36,2,4.0,Нет
635,33,М,13,Мальдивы,7,206570.44,8,4.0,Нет
636,78,М,15,Европа,12,144193.86,1,5.0,Нет
637,56,Ж,11,ОАЭ,10,138757.06,4,5.0,Нет
638,80,Ж,6,Египет,13,141339.45,6,5.0,Нет
639,22,Ж,10,Турция,3,77884.95,3,4.0,Нет
640,39,Ж,12,Мальдивы,10,213616.11,5,5.0,Нет
641,46,М,2,Турция,11,93713.38,3,5.0,Нет
642,72,М,5,Египет,11,66240.0,1,,Нет
643,20,,1,Турция,7,46670.61,0,1.0,Нет
644,29,Ж,7,Таиланд,6,86119.28,1,5.0,Нет
645,43,Ж,1,Турция,5,89278.82,3,3.0,Нет
646,33,Ж,4,Египет,5,69474.91,2,4.0,Нет
647,68,М,9,Мальдивы,10,521080.54,8,4.0,Нет
648,54,Ж,1,Турция,7,98889.58,6,4.0,Да
649,39,М,4,Египет,12,134957.88,6,5.0,Нет
650,74,,6,ОАЭ,7,162825.95,9,4.0,Нет
651,46,Ж,6,Таиланд,7,111168.78,5,4.0,Нет
652,31,,12,Мальдивы,12,211811.95,9,,Нет
653,45,Ж,15,Европа,20,178689.1,2,,Нет
654,22,Ж,13,Мальдивы,13,227346.32,8,5.0,Нет
655,64,Ж,8,Таиланд,11,116076.44,6,4.0,Нет
656,66,Ж,1,Египет,5,90177.6,5,5.0,Нет
657,47,Ж,7,Таиланд,4,101285.18,3,4.0,Нет
658,63,Ж,1,Турция,5,83813.93,2,2.0,Нет
659,79,М,13,Турция,11,113408.39,4,2.0,Нет
660,69,Ж,14,Египет,9,68443.17,0,4.0,Нет
661,22,,7,Таиланд,11,121686.23,6,4.0,Нет
662,29,М,3,Турция,4,60702.49,0,3.0,Нет
663,33,,11,ОАЭ,11,174031.03,8,5.0,Нет
664,43,М,8,Таиланд,6,78688.62,0,2.0,Нет
665,43,Ж,3,Европа,19,161225.8,2,4.0,Да
666,65,Ж,14,Египет,4,59444.71,2,3.0,Нет
667,38,Ж,14,ОАЭ,14,157642.5,4,5.0,Да
668,56,М,13,Мальдивы,7,223264.59,10,5.0,Нет
669,53,Ж,1,Турция,11,116742.11,6,,Нет
670,50,М,13,Мальдивы,12,192711.06,4,5.0,Да
671,79,М,13,ОАЭ,9,117260.0,3,4.0,Нет
672,47,Ж,14,Европа,10,149309.97,4,5.0,Нет
673,54,Ж,8,Таиланд,10,98261.27,1,5.0,Нет
674,40,М,3,Турция,8,54650.72,1,4.0,Нет
675,75,Ж,2,Турция,3,64429.03,2,4.0,Нет
676,27,М,1,Турция,6,97336.45,4,3.0,Нет
677,71,М,14,Европа,17,177967.69,5,,Нет
678,22,Ж,3,Турция,9,66658.85,0,3.0,Нет
679,53,М,15,Европа,17,154623.44,1,3.0,Нет
680,51,М,2,Турция,4,80122.0,4,4.0,Нет
681,69,М,2,Турция,11,118022.03,6,3.0,Нет
682,48,М,6,ОАЭ,14,166232.96,7,5.0,Нет
683,27,Ж,12,Мальдивы,14,241850.63,10,4.0,Нет
684,75,Ж,1,Мальдивы,13,179651.52,3,5.0,Нет
685,36,Ж,2,Турция,6,94990.9,4,3.0,Нет
686,75,М,14,Турция,4,89634.6,4,3.0,Нет
687,49,М,6,Египет,5,99912.09,4,,Нет
688,18,М,3,Турция,8,106917.4,6,5.0,Нет
689,73,М,15,Европа,16,124234.19,1,5.0,Нет
690,22,М,4,Египет,7,73416.4,0,3.0,Нет
691,62,,1,Европа,16,190311.21,6,3.0,Нет
692,21,Ж,8,ОАЭ,14,171647.08,7,5.0,Нет
693,33,М,13,Мальдивы,12,217549.4,7,,Нет
694,41,М,7,Таиланд,8,77514.1,1,,Нет
695,33,,7,Турция,3,59302.4,0,,Нет
696,72,Ж,3,Мальдивы,10,186663.75,5,5.0,Нет
697,19,М,10,Египет,7,105710.72,6,,Нет
698,66,,10,ОАЭ,10,135782.98,4,5.0,Нет
699,45,М,3,Таиланд,13,96685.15,0,5.0,Нет
700,49,Ж,14,Таиланд,5,122879.88,6,3.0,Нет
701,44,М,2,Турция,11,105482.8,4,2.0,Нет
702,37,,12,Мальдивы,7,160703.93,3,5.0,Нет
703,41,М,1,Турция,8,66002.4,0,4.0,Нет
704,29,,7,Турция,8,104082.79,5,4.0,Нет
705,67,Ж,7,Таиланд,12,89524.27,0,3.0,Да
706,52,Ж,12,Мальдивы,11,185018.09,5,5.0,Нет
707,77,М,2,Турция,7,67083.66,0,4.0,Нет
708,50,Ж,7,Таиланд,12,117243.26,2,1.0,Нет
709,50,М,13,Турция,7,93571.36,4,3.0,Нет
710,78,Ж,8,Египет,8,94241.95,2,4.0,Нет
711,68,Ж,1,Турция,10,98386.72,6,5.0,Нет
712,60,М,9,ОАЭ,8,282356.05,7,4.0,Да
713,54,М,7,Турция,8,75351.15,4,4.0,Нет
714,29,М,3,Турция,3,45507.69,2,4.0,Нет
715,20,М,8,Таиланд,6,92451.69,1,4.0,Нет
716,18,Ж,7,Египет,12,112449.91,3,1.0,Нет
717,50,,11,ОАЭ,9,177766.66,10,5.0,Нет
718,57,М,15,Европа,13,133992.6,0,3.0,Да
719,27,М,13,Таиланд,5,116588.77,5,5.0,Нет
720,60,М,8,Таиланд,8,104327.3,3,2.0,Нет
721,61,Ж,6,Египет,3,63701.97,0,4.0,Нет
722,46,М,9,ОАЭ,10,272950.64,10,4.0,Да
723,30,М,15,Европа,10,118410.64,0,4.0,Нет
724,29,Ж,5,Египет,6,90815.29,4,4.0,Нет
725,48,,3,Турция,10,65293.39,0,3.0,Нет
726,63,,3,Европа,17,195501.93,5,4.0,Нет
727,19,Ж,1,Мальдивы,9,236526.8,10,4.0,Да
728,78,Ж,12,Мальдивы,7,183303.94,3,5.0,Нет
729,68,М,15,Европа,8,135290.16,2,4.0,Нет
730,67,Ж,8,Таиланд,12,120569.54,3,3.0,Нет
731,52,Ж,2,Турция,12,91745.98,2,5.0,Нет
732,40,М,3,Мальдивы,12,209796.98,8,5.0,Нет
733,34,,8,Таиланд,3,56385.81,0,4.0,Нет
734,43,М,14,Европа,8,167073.41,6,3.0,Нет
735,25,М,8,Таиланд,9,117653.21,5,4.0,Нет
736,46,Ж,14,Европа,16,172114.58,4,5.0,Нет
737,43,М,11,ОАЭ,14,173154.67,5,4.0,Нет
738,27,Ж,4,Египет,3,63345.46,2,5.0,Нет
739,43,Ж,4,Египет,10,103104.82,1,3.0,Нет
740,79,Ж,5,Египет,12,71093.05,0,5.0,Нет
741,51,Ж,6,Египет,13,125901.95,4,2.0,Нет
742,68,Ж,5,Египет,8,121247.56,6,5.0,Нет
743,58,Ж,14,Европа,9,144940.95,2,4.0,Нет
744,24,,15,ОАЭ,8,132838.02,5,4.0,Нет
745,21,М,7,Таиланд,13,154070.21,4,3.0,Нет
746,75,Ж,2,Мальдивы,13,221212.25,8,5.0,Нет
747,70,М,7,Таиланд,11,139766.48,5,5.0,Нет
748,67,М,10,ОАЭ,8,142444.87,3,4.0,Нет
749,62,М,7,Таиланд,7,82953.38,1,2.0,Нет
750,28,Ж,1,Турция,8,88257.26,2,,Нет
751,46,Ж,7,Таиланд,9,87285.3,1,4.0,Нет
752,73,Ж,5,Египет,7,119969.62,5,4.0,Да
753,53,Ж,3,Турция,11,105398.19,5,5.0,Нет
754,42,Ж,13,ОАЭ,7,149385.07,6,4.0,Нет
755,38,Ж,3,Турция,9,118061.21,6,5.0,Нет
756,78,Ж,4,Египет,12,88843.0,0,4.0,Нет
757,74,Ж,13,Мальдивы,13,258684.76,10,4.0,Нет
758,53,М,12,Мальдивы,10,193480.31,6,5.0,Нет
759,27,М,2,Египет,11,137387.35,6,5.0,Нет
760,54,,2,ОАЭ,12,183702.58,6,5.0,Нет
761,26,Ж,1,Турция,13,104657.33,3,4.0,Нет
762,41,Ж,15,Европа,9,111498.67,0,3.0,Нет
763,52,Ж,5,Египет,6,45699.66,0,4.0,Нет
764,66,М,4,Египет,9,122832.76,4,5.0,Нет
765,52,Ж,11,ОАЭ,10,139555.56,4,4.0,Нет
766,65,Ж,10,ОАЭ,13,140986.42,4,5.0,Нет
767,53,Ж,15,Европа,7,129416.7,4,5.0,Нет
768,35,Ж,2,Турция,11,94967.86,4,5.0,Нет
769,66,Ж,3,Таиланд,13,148197.05,5,4.0,Да
770,56,,7,Европа,12,184578.69,6,4.0,Нет
771,49,Ж,7,Таиланд,3,99521.22,3,4.0,Нет
772,41,М,12,Мальдивы,13,240323.38,10,5.0,Да
773,40,М,4,Египет,11,97544.79,4,5.0,Нет
774,79,М,5,Таиланд,10,98700.59,2,3.0,Нет
775,49,М,5,Египет,10,71933.81,1,,Нет
776,54,М,6,ОАЭ,11,174728.21,7,5.0,Нет
777,29,Ж,14,Европа,10,125366.88,2,5.0,Нет
778,66,М,9,Таиланд,13,201357.54,5,5.0,Нет
779,72,Ж,2,Турция,6,92632.77,5,5.0,Нет
780,30,М,5,Египет,10,122161.11,5,5.0,Нет
781,40,М,12,Мальдивы,9,221048.03,10,4.0,Нет
782,42,М,3,Турция,11,88648.47,2,3.0,Нет
783,52,Ж,4,Египет,4,94575.38,6,4.0,Нет
784,58,Ж,10,ОАЭ,8,180264.22,8,,Нет
785,47,М,6,Мальдивы,10,192548.9,6,4.0,Нет
786,34,Ж,12,Мальдивы,11,208229.81,5,4.0,Нет
787,66,М,8,Таиланд,9,111609.29,3,4.0,Нет
788,79,,1,Египет,12,90930.0,3,5.0,Нет
789,37,Ж,10,Египет,6,77289.73,2,4.0,Нет
790,65,Ж,14,Мальдивы,8,165372.23,4,5.0,Нет
791,42,М,8,Таиланд,10,143893.49,6,4.0,Да
792,39,Ж,11,ОАЭ,7,138386.37,5,5.0,Нет
793,30,М,14,Европа,11,140632.1,2,5.0,Нет
794,76,М,7,ОАЭ,11,173306.47,8,5.0,Нет
795,36,М,1,Турция,10,80446.58,2,3.0,Нет
796,66,Ж,2,Турция,6,56263.78,1,2.0,Нет
797,53,М,3,Египет,4,105362.23,5,3.0,Нет
798,29,,1,Турция,13,77268.47,0,4.0,Нет
799,78,М,14,Европа,19,143853.09,0,5.0,Нет
800,58,Ж,9,Таиланд,8,192417.86,3,5.0,Да
801,36,Ж,8,Таиланд,11,110284.38,3,4.0,Нет
802,29,Ж,2,Турция,3,58129.48,1,5.0,Нет
803,26,М,13,Мальдивы,9,194105.51,7,5.0,Нет
804,24,Ж,9,Турция,12,158715.17,4,3.0,Нет
805,45,М,7,Европа,16,124561.28,0,3.0,Нет
806,31,М,9,Таиланд,9,251506.78,6,,Нет
807,48,Ж,6,Египет,12,83279.3,0,3.0,Нет
808,69,М,6,Египет,11,76211.91,1,5.0,Нет
809,36,М,11,ОАЭ,8,146195.92,4,5.0,Нет
810,75,М,14,Европа,13,146230.53,4,4.0,Нет
811,64,Ж,4,Египет,12,117420.79,4,5.0,Да
812,33,Ж,10,ОАЭ,9,183211.31,8,5.0,Нет
813,70,Ж,10,Египет,5,97693.11,6,5.0,Нет
814,22,Ж,13,Европа,15,134381.15,1,3.0,Нет
815,52,Ж,13,Мальдивы,11,191558.04,6,4.0,Нет
816,29,Ж,2,Турция,7,56141.37,0,3.0,Нет
817,42,Ж,7,Таиланд,10,111174.22,2,4.0,Нет
818,69,М,5,Египет,10,101324.95,4,2.0,Нет
819,76,,11,Турция,6,62790.42,2,1.0,Нет
820,38,Ж,6,Египет,13,87812.46,3,2.0,Нет
821,53,М,2,Турция,13,127019.48,4,4.0,Нет
822,70,Ж,5,Европа,5,137804.96,2,5.0,Нет
823,40,Ж,10,Египет,3,107602.37,6,5.0,Нет
824,33,М,4,Таиланд,6,93896.16,3,4.0,Нет
825,74,Ж,9,Мальдивы,12,366097.34,3,5.0,Да
826,56,М,6,Египет,10,139590.96,6,5.0,Нет
827,62,,2,Турция,8,72110.53,3,4.0,Да
828,70,Ж,1,Турция,11,127801.09,5,4.0,Нет
829,59,Ж,5,Египет,11,105870.08,4,,Нет
830,75,Ж,9,Мальдивы,12,289851.25,4,5.0,Нет
831,56,М,6,Египет,4,48352.78,0,,Нет
832,31,,10,ОАЭ,8,171899.29,10,5.0,Нет
833,48,М,12,Мальдивы,7,230713.89,9,5.0,Нет
834,75,М,7,Таиланд,4,124912.03,6,4.0,Нет
835,22,Ж,5,ОАЭ,11,163644.83,5,4.0,Нет
836,52,,10,ОАЭ,10,171623.68,7,,Нет
837,40,М,6,Египет,6,71612.28,1,1.0,Нет
838,46,Ж,5,Египет,11,102747.55,3,4.0,Нет
839,60,Ж,11,ОАЭ,9,135024.87,4,5.0,Нет
840,28,Ж,9,Таиланд,10,272842.18,6,5.0,Да
841,35,Ж,15,Турция,8,100085.2,5,5.0,Да
842,64,,6,Египет,3,92406.65,5,4.0,Нет
843,29,,11,ОАЭ,8,132071.98,4,5.0,Нет
844,26,М,8,Египет,8,79370.89,3,4.0,Нет
845,27,М,2,Турция,13,93990.2,1,,Нет
846,75,Ж,12,Турция,4,81564.9,4,4.0,Нет
847,61,Ж,13,Мальдивы,13,215153.65,7,5.0,Нет
848,34,М,9,Таиланд,12,298217.33,7,3.0,Нет
849,78,,5,Египет,7,83777.1,2,4.0,Да
850,55,М,7,Таиланд,7,87373.39,0,5.0,Нет
851,24,,10,ОАЭ,12,180596.63,10,5.0,Нет
852,63,Ж,13,Турция,8,82062.07,4,2.0,Нет
853,30,М,1,Турция,8,75551.06,2,4.0,Нет
854,57,,10,ОАЭ,12,138966.39,4,4.0,Нет
855,59,М,5,Египет,4,96250.44,5,4.0,Нет
856,26,Ж,12,Мальдивы,12,224855.49,8,,Нет
857,67,М,14,Европа,14,169891.63,3,4.0,Нет
858,44,,10,ОАЭ,12,156110.88,4,4.0,Нет
859,75,Ж,14,Европа,17,155057.23,3,5.0,Нет
860,19,М,2,Египет,5,72250.36,2,5.0,Нет
861,22,Ж,12,Таиланд,8,125530.55,6,4.0,Нет
862,46,М,6,Мальдивы,11,222834.39,10,4.0,Нет
863,54,Ж,11,ОАЭ,14,133558.25,3,5.0,Нет
864,55,Ж,1,Турция,13,103643.12,1,4.0,Нет
865,36,М,3,Европа,16,146106.42,1,,Нет
866,25,Ж,5,Египет,3,59757.7,1,5.0,Нет
867,65,Ж,4,Египет,3,82842.58,3,4.0,Нет
868,62,М,3,Турция,13,100337.46,2,3.0,Нет
869,18,Ж,10,ОАЭ,11,156188.26,4,5.0,Нет
870,39,М,13,Мальдивы,8,208563.38,9,5.0,Нет
871,69,М,5,Египет,13,96027.22,1,5.0,Нет
872,34,М,11,Турция,8,94888.26,5,5.0,Да
873,80,Ж,8,Таиланд,11,91098.42,0,2.0,Нет
874,24,Ж,11,ОАЭ,14,202567.43,10,5.0,Нет
875,42,М,4,Египет,6,104544.84,5,4.0,Нет
876,62,Ж,1,Турция,5,96103.21,5,4.0,Нет
877,21,Ж,11,ОАЭ,10,142018.31,3,5.0,Нет
878,53,Ж,7,ОАЭ,14,188030.12,9,5.0,Нет
879,23,Ж,8,Таиланд,10,107816.74,2,5.0,Нет
880,77,Ж,3,Турция,13,111410.95,5,,Да
881,48,Ж,6,Египет,12,126207.53,2,4.0,Нет
882,36,М,2,Турция,11,103871.36,5,5.0,Нет
883,78,Ж,7,Таиланд,13,123993.47,4,4.0,Нет
884,61,М,15,Европа,9,125826.48,0,4.0,Нет
885,71,М,8,Таиланд,11,128705.35,5,5.0,Нет
886,56,М,6,Египет,4,97830.46,4,3.0,Нет
887,44,Ж,6,Мальдивы,9,228530.23,10,4.0,Да
888,27,Ж,5,Египет,9,91968.11,3,4.0,Нет
889,43,Ж,8,Европа,11,147472.45,4,1.0,Нет
890,36,Ж,1,Турция,8,64111.63,1,5.0,Нет
891,56,Ж,10,ОАЭ,12,176076.79,8,4.0,Нет
892,79,М,4,Египет,4,87256.04,4,5.0,Нет
893,20,М,15,Таиланд,12,103681.19,2,5.0,Да
894,62,Ж,4,Египет,8,91907.68,3,3.0,Нет
895,30,Ж,3,Таиланд,6,115058.85,6,5.0,Нет
896,67,М,3,Турция,5,102559.01,5,3.0,Нет
897,45,М,4,Египет,13,101473.62,1,4.0,Да
898,79,М,11,ОАЭ,11,177956.75,9,4.0,Нет
899,75,Ж,1,Турция,4,76398.27,4,5.0,Нет
900,37,Ж,14,Таиланд,3,118779.17,6,5.0,Нет
901,45,М,11,ОАЭ,9,191653.66,9,4.0,Нет
902,25,М,13,Европа,15,173866.64,3,3.0,Нет
903,78,,11,ОАЭ,11,178972.57,10,5.0,Нет
904,80,М,2,ОАЭ,14,204063.05,9,4.0,Нет
905,58,М,9,Турция,4,295391.44,8,5.0,Нет
906,56,,10,ОАЭ,8,193783.7,10,5.0,Нет
907,18,М,2,Мальдивы,13,194768.03,6,5.0,Нет
908,20,М,5,Египет,10,99945.12,1,5.0,Нет
909,30,М,9,Таиланд,12,271303.43,7,4.0,Нет
910,45,Ж,9,Таиланд,10,240647.69,5,5.0,Нет
911,79,,8,Таиланд,6,100495.36,3,5.0,Нет
912,74,,1,Турция,3,55676.61,0,3.0,Нет
913,80,М,1,Турция,13,129518.82,4,1.0,Нет
914,77,М,9,Таиланд,9,314689.32,5,5.0,Да
915,66,М,13,Египет,3,89673.99,5,,Да
916,42,М,11,ОАЭ,9,155088.52,7,,Да
917,73,М,8,Таиланд,6,113140.32,4,5.0,Нет
918,50,Ж,10,ОАЭ,14,191885.78,10,5.0,Нет
919,55,М,9,ОАЭ,8,254059.17,5,4.0,Нет
920,70,М,7,Европа,10,165916.61,6,5.0,Нет
921,23,Ж,3,ОАЭ,11,178096.21,7,,Нет
922,75,М,3,Египет,8,89230.9,3,5.0,Нет
923,61,Ж,2,ОАЭ,10,197590.9,10,,Нет
924,62,Ж,5,Египет,11,107619.11,5,,Нет
925,49,М,12,Мальдивы,11,194587.19,4,4.0,Нет
926,62,,12,ОАЭ,8,187419.05,10,5.0,Нет
927,78,Ж,3,Турция,6,97114.21,5,5.0,Нет
928,64,М,14,Европа,9,118308.93,0,3.0,Нет
929,38,М,6,Египет,12,108132.39,5,,Да
930,33,М,2,Турция,13,96080.01,2,4.0,Нет
931,71,,12,Мальдивы,11,231583.3,10,4.0,Нет
932,38,Ж,3,Турция,10,105405.67,6,5.0,Нет
933,28,Ж,5,Египет,12,106289.25,4,3.0,Нет
934,77,М,12,Мальдивы,10,220707.55,9,,Нет
935,54,Ж,11,Турция,10,95927.08,4,4.0,Нет
936,53,,11,ОАЭ,8,143878.86,8,5.0,Нет
937,52,М,1,Турция,9,85763.88,1,2.0,Нет
938,36,Ж,13,ОАЭ,14,152579.1,4,5.0,Да
939,37,М,1,Турция,13,72260.5,2,4.0,Нет
940,74,М,10,Таиланд,8,105349.63,0,,Нет
941,35,Ж,9,Таиланд,7,236514.54,6,5.0,Да
942,64,М,7,Египет,13,132781.95,5,4.0,Нет
943,58,М,1,Турция,11,84798.86,2,2.0,Нет
944,66,М,15,Европа,17,158172.18,3,3.0,Нет
945,31,Ж,12,Мальдивы,9,207197.11,6,4.0,Да
946,32,Ж,14,Европа,16,161960.93,2,2.0,Да
947,48,,8,ОАЭ,11,177586.18,7,5.0,Нет
948,18,Ж,3,Таиланд,12,139319.36,6,4.0,Нет
949,70,Ж,8,Таиланд,6,105136.94,2,3.0,Нет
950,71,М,15,Европа,13,141549.31,4,2.0,Нет
951,71,М,5,Египет,8,88312.3,1,1.0,Нет
952,20,М,1,Турция,10,85334.68,2,2.0,Нет
953,33,М,7,Таиланд,9,120289.34,4,3.0,Нет
954,40,Ж,5,Египет,13,90547.47,2,4.0,Нет
955,74,Ж,6,Египет,4,54859.74,2,4.0,Нет
956,28,,6,ОАЭ,9,180077.04,9,4.0,Нет
957,29,,8,Таиланд,3,122513.95,6,4.0,Нет
958,27,Ж,9,ОАЭ,14,411026.92,10,5.0,Нет
959,49,Ж,2,Турция,11,108733.24,4,3.0,Нет
960,33,Ж,9,Таиланд,9,196803.92,5,3.0,Нет
961,25,М,12,Таиланд,3,74643.78,2,,Нет
962,55,Ж,15,Европа,7,146070.64,3,,Нет
963,29,,11,ОАЭ,10,149160.18,5,4.0,Нет
964,41,Ж,10,ОАЭ,10,149492.91,5,4.0,Нет
965,45,Ж,9,Таиланд,7,280244.29,8,5.0,Да
966,70,М,13,Мальдивы,12,227753.14,8,4.0,Нет
967,25,,10,ОАЭ,9,149830.45,5,4.0,Нет
968,75,Ж,15,Европа,7,152689.29,5,5.0,Нет
969,45,,10,ОАЭ,7,170420.11,9,5.0,Нет
970,53,Ж,7,Таиланд,9,107217.72,3,4.0,Нет
971,43,М,1,Турция,13,102586.69,4,4.0,Нет
972,25,Ж,7,Таиланд,12,121337.4,2,3.0,Нет
973,75,М,10,Египет,3,86965.07,5,3.0,Нет
974,77,Ж,5,Европа,6,150093.9,5,,Да
975,67,М,6,Таиланд,6,142620.1,6,,Нет
976,45,Ж,10,Таиланд,6,114677.42,5,4.0,Нет
977,45,Ж,7,Турция,7,78607.02,1,5.0,Да
978,54,Ж,14,Мальдивы,9,176687.09,3,5.0,Нет
979,58,Ж,15,Турция,4,79114.68,3,3.0,Нет
980,53,М,5,Египет,6,115303.48,6,5.0,Нет
981,44,Ж,7,ОАЭ,7,172050.93,9,5.0,Нет
982,71,Ж,9,Таиланд,4,216347.76,6,5.0,Нет
983,80,Ж,3,Турция,3,63472.67,1,3.0,Нет
984,34,М,8,Таиланд,12,93412.73,2,1.0,Нет
985,26,М,2,Турция,12,101096.52,2,3.0,Нет
986,50,Ж,11,ОАЭ,11,185898.13,10,5.0,Нет
987,70,Ж,7,Таиланд,6,107597.72,4,3.0,Да
988,37,М,13,Мальдивы,10,215160.51,7,5.0,Нет
989,30,М,2,Турция,9,94844.9,4,4.0,Нет
990,45,М,15,Европа,14,146474.09,1,3.0,Нет
991,65,М,14,Мальдивы,9,198389.09,5,5.0,Да
992,46,Ж,4,Египет,13,85100.33,0,2.0,Нет
993,30,Ж,7,Таиланд,11,120114.48,3,5.0,Нет
994,63,Ж,3,ОАЭ,7,155805.64,7,5.0,Нет
995,52,Ж,2,Турция,7,94155.98,4,5.0,Нет
996,78,М,11,Египет,12,117835.95,6,5.0,Нет
997,23,М,10,ОАЭ,7,138062.62,5,4.0,Нет
998,35,М,7,Таиланд,3,72117.94,2,1.0,Нет
999,68,М,1,Мальдивы,12,179012.33,4,5.0,Нет
1000,22,Ж,14,Европа,6,95970.51,1,5.0,Нет
